{"v":"5.5.4","fr":28,"ip":0,"op":56,"w":1200,"h":1200,"nm":"Comp 1","ddd":0,"assets":[],"layers":[{"ddd":0,"ind":1,"ty":4,"nm":"レイヤー 2","parent":10,"sr":1,"ks":{"o":{"a":0,"k":100,"ix":11},"r":{"a":0,"k":-16.46,"ix":10},"p":{"a":0,"k":[3.422,43.588,0],"ix":2},"a":{"a":0,"k":[92,-64,0],"ix":1},"s":{"a":0,"k":[132,132,100],"ix":6}},"ao":0,"shapes":[{"ty":"gr","it":[{"ind":0,"ty":"sh","ix":1,"ks":{"a":0,"k":{"i":[[0,0],[0,0],[0,0],[0,0],[0,0],[2.496,-11.147],[-2.041,0.16],[-2.723,0.045],[-3.466,-0.495],[-3.47,0.496],[-5.326,-2.988],[0,0]],"o":[[0,0],[0,0],[0,0],[0,0],[0,0],[2.948,2.005],[2.67,-0.209],[3.304,-0.054],[3.438,0.491],[2.653,-0.379],[0,0],[0,0]],"v":[[87,-83],[104,-104],[96,-115],[98,-105],[74,-83],[62.093,-49.559],[69.582,-47.213],[75.547,-48.704],[83.002,-46.467],[91.203,-47.959],[103.164,-45.159],[87.002,-83]],"c":true},"ix":2},"nm":"Path 1","mn":"ADBE Vector Shape - Group","hd":false},{"ty":"fl","c":{"a":0,"k":[0.176470592618,0.227450981736,0.090196080506,1],"ix":4},"o":{"a":0,"k":100,"ix":5},"r":1,"bm":0,"nm":"Fill 1","mn":"ADBE Vector Graphic - Fill","hd":false},{"ty":"tr","p":{"a":0,"k":[0,0],"ix":2},"a":{"a":0,"k":[0,0],"ix":1},"s":{"a":0,"k":[100,100],"ix":3},"r":{"a":0,"k":0,"ix":6},"o":{"a":0,"k":100,"ix":7},"sk":{"a":0,"k":0,"ix":4},"sa":{"a":0,"k":0,"ix":5},"nm":"Transform"}],"nm":"Group 1","np":2,"cix":2,"bm":0,"ix":1,"mn":"ADBE Vector Group","hd":false},{"ty":"gr","it":[{"ind":0,"ty":"sh","ix":1,"ks":{"a":0,"k":{"i":[[2.485,4.722],[-7.764,-1.353],[3.921,-5.817],[8.093,1.911]],"o":[[8.186,-2.276],[0.746,6.959],[-6.079,2.183],[-2.485,-4.722]],"v":[[43.452,11.923],[126,10],[105.079,36.817],[59.907,34.089]],"c":true},"ix":2},"nm":"Path 1","mn":"ADBE Vector Shape - Group","hd":false},{"ty":"fl","c":{"a":0,"k":[0,0,0,1],"ix":4},"o":{"a":0,"k":100,"ix":5},"r":1,"bm":0,"nm":"Fill 1","mn":"ADBE Vector Graphic - Fill","hd":false},{"ty":"tr","p":{"a":0,"k":[0,0],"ix":2},"a":{"a":0,"k":[0,0],"ix":1},"s":{"a":0,"k":[100,100],"ix":3},"r":{"a":0,"k":0,"ix":6},"o":{"a":0,"k":100,"ix":7},"sk":{"a":0,"k":0,"ix":4},"sa":{"a":0,"k":0,"ix":5},"nm":"Transform"}],"nm":"Group 2","np":2,"cix":2,"bm":0,"ix":2,"mn":"ADBE Vector Group","hd":false},{"ty":"gr","it":[{"ind":0,"ty":"sh","ix":1,"ks":{"a":0,"k":{"i":[[0,0],[0,0],[0,0]],"o":[[0,0],[0,0],[0,0]],"v":[[81.726,-8.444],[74.801,5.722],[89.805,5.722]],"c":true},"ix":2},"nm":"Path 1","mn":"ADBE Vector Shape - Group","hd":false},{"ty":"fl","c":{"a":0,"k":[0,0,0,1],"ix":4},"o":{"a":0,"k":100,"ix":5},"r":1,"bm":0,"nm":"Fill 1","mn":"ADBE Vector Graphic - Fill","hd":false},{"ty":"tr","p":{"a":0,"k":[0,0],"ix":2},"a":{"a":0,"k":[0,0],"ix":1},"s":{"a":0,"k":[100,100],"ix":3},"r":{"a":0,"k":0,"ix":6},"o":{"a":0,"k":100,"ix":7},"sk":{"a":0,"k":0,"ix":4},"sa":{"a":0,"k":0,"ix":5},"nm":"Transform"}],"nm":"Group 3","np":2,"cix":2,"bm":0,"ix":3,"mn":"ADBE Vector Group","hd":false},{"ty":"gr","it":[{"ind":0,"ty":"sh","ix":1,"ks":{"a":0,"k":{"i":[[8.548,-0.609],[0,0],[-8.667,-0.207],[0,0]],"o":[[-8.548,0.609],[0,0],[8.667,0.207],[0,0]],"v":[[110.548,-19.609],[97.913,-6.207],[111.333,-12.207],[125.789,-6.207]],"c":true},"ix":2},"nm":"Path 1","mn":"ADBE Vector Shape - Group","hd":false},{"ty":"fl","c":{"a":0,"k":[0,0,0,1],"ix":4},"o":{"a":0,"k":100,"ix":5},"r":1,"bm":0,"nm":"Fill 1","mn":"ADBE Vector Graphic - Fill","hd":false},{"ty":"tr","p":{"a":0,"k":[0,0],"ix":2},"a":{"a":0,"k":[0,0],"ix":1},"s":{"a":0,"k":[100,100],"ix":3},"r":{"a":0,"k":0,"ix":6},"o":{"a":0,"k":100,"ix":7},"sk":{"a":0,"k":0,"ix":4},"sa":{"a":0,"k":0,"ix":5},"nm":"Transform"}],"nm":"Group 4","np":2,"cix":2,"bm":0,"ix":4,"mn":"ADBE Vector Group","hd":false},{"ty":"gr","it":[{"ind":0,"ty":"sh","ix":1,"ks":{"a":0,"k":{"i":[[11.359,-0.101],[0,0],[-8.057,-0.716],[0,0]],"o":[[-11.359,0.101],[0,0],[8.057,0.716],[0,0]],"v":[[53.359,-18.101],[34.724,-4.716],[52.943,-8.716],[68.6,-4.716]],"c":true},"ix":2},"nm":"Path 1","mn":"ADBE Vector Shape - Group","hd":false},{"ty":"fl","c":{"a":0,"k":[0,0,0,1],"ix":4},"o":{"a":0,"k":100,"ix":5},"r":1,"bm":0,"nm":"Fill 1","mn":"ADBE Vector Graphic - Fill","hd":false},{"ty":"tr","p":{"a":0,"k":[0,0],"ix":2},"a":{"a":0,"k":[0,0],"ix":1},"s":{"a":0,"k":[100,100],"ix":3},"r":{"a":0,"k":0,"ix":6},"o":{"a":0,"k":100,"ix":7},"sk":{"a":0,"k":0,"ix":4},"sa":{"a":0,"k":0,"ix":5},"nm":"Transform"}],"nm":"Group 5","np":2,"cix":2,"bm":0,"ix":5,"mn":"ADBE Vector Group","hd":false},{"ty":"gr","it":[{"ind":0,"ty":"sh","ix":1,"ks":{"a":0,"k":{"i":[[-4.272,-9.043],[0.212,21.615],[-22.367,2.982],[-1.068,-22.199]],"o":[[-33.55,-5.219],[-0.205,-20.842],[-3.802,9.585],[0.969,20.151]],"v":[[80.765,42.254],[50.943,-3.97],[77.783,-51.686],[75.547,-2.479]],"c":true},"ix":2},"nm":"Path 1","mn":"ADBE Vector Shape - Group","hd":false},{"ty":"st","c":{"a":0,"k":[0.976470589638,0.768627464771,0.568627476692,1],"ix":3},"o":{"a":0,"k":100,"ix":4},"w":{"a":0,"k":2,"ix":5},"lc":1,"lj":1,"ml":10,"bm":0,"nm":"Stroke 1","mn":"ADBE Vector Graphic - Stroke","hd":false},{"ty":"tr","p":{"a":0,"k":[0,0],"ix":2},"a":{"a":0,"k":[0,0],"ix":1},"s":{"a":0,"k":[100,100],"ix":3},"r":{"a":0,"k":0,"ix":6},"o":{"a":0,"k":100,"ix":7},"sk":{"a":0,"k":0,"ix":4},"sa":{"a":0,"k":0,"ix":5},"nm":"Transform"}],"nm":"Group 6","np":2,"cix":2,"bm":0,"ix":6,"mn":"ADBE Vector Group","hd":false},{"ty":"gr","it":[{"ind":0,"ty":"sh","ix":1,"ks":{"a":0,"k":{"i":[[3.218,-11.21],[0.746,39.526],[-27.656,0.633],[-0.367,0.001],[-0.517,-20.232]],"o":[[-31.718,1.384],[-0.443,-23.482],[0.365,-0.008],[4.013,11.274],[0.495,19.343]],"v":[[82.257,42.894],[27.085,-7.219],[78.178,-51.672],[79.274,-51.686],[102.387,-4.396]],"c":true},"ix":2},"nm":"Path 1","mn":"ADBE Vector Shape - Group","hd":false},{"ty":"st","c":{"a":0,"k":[0.976470589638,0.768627464771,0.568627476692,1],"ix":3},"o":{"a":0,"k":100,"ix":4},"w":{"a":0,"k":2,"ix":5},"lc":1,"lj":1,"ml":10,"bm":0,"nm":"Stroke 1","mn":"ADBE Vector Graphic - Stroke","hd":false},{"ty":"tr","p":{"a":0,"k":[0,0],"ix":2},"a":{"a":0,"k":[0,0],"ix":1},"s":{"a":0,"k":[100,100],"ix":3},"r":{"a":0,"k":0,"ix":6},"o":{"a":0,"k":100,"ix":7},"sk":{"a":0,"k":0,"ix":4},"sa":{"a":0,"k":0,"ix":5},"nm":"Transform"}],"nm":"Group 7","np":2,"cix":2,"bm":0,"ix":7,"mn":"ADBE Vector Group","hd":false},{"ty":"gr","it":[{"ind":0,"ty":"sh","ix":1,"ks":{"a":0,"k":{"i":[[22.039,-8.551],[0.002,35.404],[35.008,-1.934],[0.39,-20.924]],"o":[[33.32,0.291],[-0.002,-26.581],[24.577,8.17],[-0.36,19.329]],"v":[[82.764,42.995],[143.391,-3.626],[79.274,-50.948],[126.857,-1.874]],"c":true},"ix":2},"nm":"Path 1","mn":"ADBE Vector Shape - Group","hd":false},{"ty":"st","c":{"a":0,"k":[0.976470589638,0.768627464771,0.568627476692,1],"ix":3},"o":{"a":0,"k":100,"ix":4},"w":{"a":0,"k":2,"ix":5},"lc":1,"lj":1,"ml":10,"bm":0,"nm":"Stroke 1","mn":"ADBE Vector Graphic - Stroke","hd":false},{"ty":"tr","p":{"a":0,"k":[0,0],"ix":2},"a":{"a":0,"k":[0,0],"ix":1},"s":{"a":0,"k":[100,100],"ix":3},"r":{"a":0,"k":0,"ix":6},"o":{"a":0,"k":100,"ix":7},"sk":{"a":0,"k":0,"ix":4},"sa":{"a":0,"k":0,"ix":5},"nm":"Transform"}],"nm":"Group 8","np":2,"cix":2,"bm":0,"ix":8,"mn":"ADBE Vector Group","hd":false},{"ty":"gr","it":[{"ind":0,"ty":"sh","ix":1,"ks":{"a":0,"k":{"i":[[-0.491,-27.996],[39.529,0],[0,49.953],[-39.529,0]],"o":[[0.746,42.497],[-39.529,0],[0,-28],[39.529,0]],"v":[[154.576,-7.698],[83.002,43],[11.428,-7.698],[83.002,-52.432]],"c":true},"ix":2},"nm":"Path 1","mn":"ADBE Vector Shape - Group","hd":false},{"ty":"fl","c":{"a":0,"k":[0.898039221764,0.466666668653,0.039215687662,1],"ix":4},"o":{"a":0,"k":100,"ix":5},"r":1,"bm":0,"nm":"Fill 1","mn":"ADBE Vector Graphic - Fill","hd":false},{"ty":"tr","p":{"a":0,"k":[0,0],"ix":2},"a":{"a":0,"k":[0,0],"ix":1},"s":{"a":0,"k":[100,100],"ix":3},"r":{"a":0,"k":0,"ix":6},"o":{"a":0,"k":100,"ix":7},"sk":{"a":0,"k":0,"ix":4},"sa":{"a":0,"k":0,"ix":5},"nm":"Transform"}],"nm":"Group 9","np":2,"cix":2,"bm":0,"ix":9,"mn":"ADBE Vector Group","hd":false}],"ip":0,"op":56,"st":0,"bm":0},{"ddd":0,"ind":2,"ty":4,"nm":"レイヤー 5","parent":9,"sr":1,"ks":{"o":{"a":0,"k":100,"ix":11},"r":{"a":0,"k":-9.429,"ix":10},"p":{"a":0,"k":[1.412,3.143,0],"ix":2},"a":{"a":0,"k":[192,-200,0],"ix":1},"s":{"a":0,"k":[138,138,100],"ix":6}},"ao":0,"shapes":[{"ty":"gr","it":[{"ind":0,"ty":"sh","ix":1,"ks":{"a":0,"k":{"i":[[0,0],[0,0],[0,0],[0,0]],"o":[[0,0],[0,0],[0,0],[0,0]],"v":[[213,-52],[187,-52],[187,-85],[213,-85]],"c":true},"ix":2},"nm":"Path 1","mn":"ADBE Vector Shape - Group","hd":false},{"ty":"fl","c":{"a":0,"k":[0,0,0,1],"ix":4},"o":{"a":0,"k":100,"ix":5},"r":1,"bm":0,"nm":"Fill 1","mn":"ADBE Vector Graphic - Fill","hd":false},{"ty":"tr","p":{"a":0,"k":[0,0],"ix":2},"a":{"a":0,"k":[0,0],"ix":1},"s":{"a":0,"k":[100,100],"ix":3},"r":{"a":0,"k":0,"ix":6},"o":{"a":0,"k":100,"ix":7},"sk":{"a":0,"k":0,"ix":4},"sa":{"a":0,"k":0,"ix":5},"nm":"Transform"}],"nm":"Group 1","np":2,"cix":2,"bm":0,"ix":1,"mn":"ADBE Vector Group","hd":false},{"ty":"gr","it":[{"ind":0,"ty":"sh","ix":1,"ks":{"a":0,"k":{"i":[[0,-6.351],[6.904,0],[0,6.351],[-6.904,0]],"o":[[0,6.351],[-6.904,0],[0,-6.351],[6.904,0]],"v":[[228,-125.5],[215.5,-114],[203,-125.5],[215.5,-137]],"c":true},"ix":2},"nm":"Path 1","mn":"ADBE Vector Shape - Group","hd":false},{"ty":"fl","c":{"a":0,"k":[0,0,0,1],"ix":4},"o":{"a":0,"k":100,"ix":5},"r":1,"bm":0,"nm":"Fill 1","mn":"ADBE Vector Graphic - Fill","hd":false},{"ty":"tr","p":{"a":0,"k":[0,0],"ix":2},"a":{"a":0,"k":[0,0],"ix":1},"s":{"a":0,"k":[100,100],"ix":3},"r":{"a":0,"k":0,"ix":6},"o":{"a":0,"k":100,"ix":7},"sk":{"a":0,"k":0,"ix":4},"sa":{"a":0,"k":0,"ix":5},"nm":"Transform"}],"nm":"Group 2","np":2,"cix":2,"bm":0,"ix":2,"mn":"ADBE Vector Group","hd":false},{"ty":"gr","it":[{"ind":0,"ty":"sh","ix":1,"ks":{"a":0,"k":{"i":[[0,-6.351],[6.904,0],[0,6.351],[-6.904,0]],"o":[[0,6.351],[-6.904,0],[0,-6.351],[6.904,0]],"v":[[190,-124.5],[177.5,-113],[165,-124.5],[177.5,-136]],"c":true},"ix":2},"nm":"Path 1","mn":"ADBE Vector Shape - Group","hd":false},{"ty":"fl","c":{"a":0,"k":[0,0,0,1],"ix":4},"o":{"a":0,"k":100,"ix":5},"r":1,"bm":0,"nm":"Fill 1","mn":"ADBE Vector Graphic - Fill","hd":false},{"ty":"tr","p":{"a":0,"k":[0,0],"ix":2},"a":{"a":0,"k":[0,0],"ix":1},"s":{"a":0,"k":[100,100],"ix":3},"r":{"a":0,"k":0,"ix":6},"o":{"a":0,"k":100,"ix":7},"sk":{"a":0,"k":0,"ix":4},"sa":{"a":0,"k":0,"ix":5},"nm":"Transform"}],"nm":"Group 3","np":2,"cix":2,"bm":0,"ix":3,"mn":"ADBE Vector Group","hd":false},{"ty":"gr","it":[{"ind":0,"ty":"sh","ix":1,"ks":{"a":0,"k":{"i":[[-2.541,-14.246],[0,0],[1.501,-11.324],[-2.019,0.34],[-2.708,0.285],[-3.496,-0.186],[-3.413,0.801],[-5.57,-2.505],[2.592,5.277],[0.779,8.141],[2.457,11.512]],"o":[[1.769,9.921],[-1.501,11.324],[3.114,1.737],[2.641,-0.445],[3.286,-0.346],[3.468,0.185],[2.609,-0.613],[-6.311,-7.464],[-3.303,-6.726],[-1.085,-11.338],[-2.048,-9.596]],"v":[[146.541,-208.754],[185.214,-204.182],[177.081,-165.872],[184.749,-164.197],[190.558,-166.21],[198.182,-164.641],[206.219,-166.852],[218.381,-165.121],[205.417,-184.893],[198.581,-205.367],[161.048,-214.404]],"c":true},"ix":2},"nm":"Path 1","mn":"ADBE Vector Shape - Group","hd":false},{"ty":"fl","c":{"a":0,"k":[0.176470592618,0.227450981736,0.090196080506,1],"ix":4},"o":{"a":0,"k":100,"ix":5},"r":1,"bm":0,"nm":"Fill 1","mn":"ADBE Vector Graphic - Fill","hd":false},{"ty":"tr","p":{"a":0,"k":[0,0],"ix":2},"a":{"a":0,"k":[0,0],"ix":1},"s":{"a":0,"k":[100,100],"ix":3},"r":{"a":0,"k":0,"ix":6},"o":{"a":0,"k":100,"ix":7},"sk":{"a":0,"k":0,"ix":4},"sa":{"a":0,"k":0,"ix":5},"nm":"Transform"}],"nm":"Group 4","np":2,"cix":2,"bm":0,"ix":4,"mn":"ADBE Vector Group","hd":false},{"ty":"gr","it":[{"ind":0,"ty":"sh","ix":1,"ks":{"a":0,"k":{"i":[[0,0],[0,0],[0,0]],"o":[[0,0],[0,0],[0,0]],"v":[[199.726,-111.166],[192.801,-97],[207.805,-97]],"c":true},"ix":2},"nm":"Path 1","mn":"ADBE Vector Shape - Group","hd":false},{"ty":"fl","c":{"a":0,"k":[0,0,0,1],"ix":4},"o":{"a":0,"k":100,"ix":5},"r":1,"bm":0,"nm":"Fill 1","mn":"ADBE Vector Graphic - Fill","hd":false},{"ty":"tr","p":{"a":0,"k":[0,0],"ix":2},"a":{"a":0,"k":[0,0],"ix":1},"s":{"a":0,"k":[100,100],"ix":3},"r":{"a":0,"k":0,"ix":6},"o":{"a":0,"k":100,"ix":7},"sk":{"a":0,"k":0,"ix":4},"sa":{"a":0,"k":0,"ix":5},"nm":"Transform"}],"nm":"Group 5","np":2,"cix":2,"bm":0,"ix":5,"mn":"ADBE Vector Group","hd":false},{"ty":"gr","it":[{"ind":0,"ty":"sh","ix":1,"ks":{"a":0,"k":{"i":[[-3.312,-12.17],[0.164,29.09],[-17.342,4.014],[-0.828,-29.876]],"o":[[-26.013,-7.024],[-0.159,-28.05],[-2.948,12.9],[0.752,27.119]],"v":[[195.761,-43.003],[172.638,-105.213],[193.449,-169.429],[191.714,-103.206]],"c":true},"ix":2},"nm":"Path 1","mn":"ADBE Vector Shape - Group","hd":false},{"ty":"st","c":{"a":0,"k":[0.96862745285,0.89411765337,0.572549045086,1],"ix":3},"o":{"a":0,"k":100,"ix":4},"w":{"a":0,"k":2,"ix":5},"lc":1,"lj":1,"ml":10,"bm":0,"nm":"Stroke 1","mn":"ADBE Vector Graphic - Stroke","hd":false},{"ty":"tr","p":{"a":0,"k":[0,0],"ix":2},"a":{"a":0,"k":[0,0],"ix":1},"s":{"a":0,"k":[100,100],"ix":3},"r":{"a":0,"k":0,"ix":6},"o":{"a":0,"k":100,"ix":7},"sk":{"a":0,"k":0,"ix":4},"sa":{"a":0,"k":0,"ix":5},"nm":"Transform"}],"nm":"Group 6","np":2,"cix":2,"bm":0,"ix":6,"mn":"ADBE Vector Group","hd":false},{"ty":"gr","it":[{"ind":0,"ty":"sh","ix":1,"ks":{"a":0,"k":{"i":[[2.495,-15.086],[0.86,44.585],[-21.443,0.851],[-0.284,0.002],[-0.401,-27.229]],"o":[[-25.917,-1.858],[-0.61,-31.598],[0.283,-0.011],[3.111,15.172],[0.384,26.032]],"v":[[196.917,-42.142],[159.14,-109.585],[193.754,-169.409],[194.605,-169.429],[212.525,-105.785]],"c":true},"ix":2},"nm":"Path 1","mn":"ADBE Vector Shape - Group","hd":false},{"ty":"st","c":{"a":0,"k":[0.96862745285,0.89411765337,0.572549045086,1],"ix":3},"o":{"a":0,"k":100,"ix":4},"w":{"a":0,"k":2,"ix":5},"lc":1,"lj":1,"ml":10,"bm":0,"nm":"Stroke 1","mn":"ADBE Vector Graphic - Stroke","hd":false},{"ty":"tr","p":{"a":0,"k":[0,0],"ix":2},"a":{"a":0,"k":[0,0],"ix":1},"s":{"a":0,"k":[100,100],"ix":3},"r":{"a":0,"k":0,"ix":6},"o":{"a":0,"k":100,"ix":7},"sk":{"a":0,"k":0,"ix":4},"sa":{"a":0,"k":0,"ix":5},"nm":"Transform"}],"nm":"Group 7","np":2,"cix":2,"bm":0,"ix":7,"mn":"ADBE Vector Group","hd":false},{"ty":"gr","it":[{"ind":0,"ty":"sh","ix":1,"ks":{"a":0,"k":{"i":[[17.088,-11.507],[-2.318,32.749],[27.144,-2.602],[0.303,-28.16]],"o":[[25.835,0.391],[2.065,-29.186],[19.056,10.995],[-0.279,26.012]],"v":[[197.31,-42.007],[244.318,-104.749],[194.605,-168.435],[231.498,-102.391]],"c":true},"ix":2},"nm":"Path 1","mn":"ADBE Vector Shape - Group","hd":false},{"ty":"st","c":{"a":0,"k":[0.96862745285,0.89411765337,0.572549045086,1],"ix":3},"o":{"a":0,"k":100,"ix":4},"w":{"a":0,"k":2,"ix":5},"lc":1,"lj":1,"ml":10,"bm":0,"nm":"Stroke 1","mn":"ADBE Vector Graphic - Stroke","hd":false},{"ty":"tr","p":{"a":0,"k":[0,0],"ix":2},"a":{"a":0,"k":[0,0],"ix":1},"s":{"a":0,"k":[100,100],"ix":3},"r":{"a":0,"k":0,"ix":6},"o":{"a":0,"k":100,"ix":7},"sk":{"a":0,"k":0,"ix":4},"sa":{"a":0,"k":0,"ix":5},"nm":"Transform"}],"nm":"Group 8","np":2,"cix":2,"bm":0,"ix":8,"mn":"ADBE Vector Group","hd":false},{"ty":"gr","it":[{"ind":0,"ty":"sh","ix":1,"ks":{"a":0,"k":{"i":[[-0.99,-46.771],[30.649,0],[0,56.229],[-30.649,0]],"o":[[1.148,54.217],[-30.649,0],[0,-37.682],[30.649,0]],"v":[[248.99,-110.229],[197.495,-42],[146,-109.229],[197.495,-170.432]],"c":true},"ix":2},"nm":"Path 1","mn":"ADBE Vector Shape - Group","hd":false},{"ty":"fl","c":{"a":0,"k":[0.886274516582,0.686274528503,0.04705882445,1],"ix":4},"o":{"a":0,"k":100,"ix":5},"r":1,"bm":0,"nm":"Fill 1","mn":"ADBE Vector Graphic - Fill","hd":false},{"ty":"tr","p":{"a":0,"k":[0,0],"ix":2},"a":{"a":0,"k":[0,0],"ix":1},"s":{"a":0,"k":[100,100],"ix":3},"r":{"a":0,"k":0,"ix":6},"o":{"a":0,"k":100,"ix":7},"sk":{"a":0,"k":0,"ix":4},"sa":{"a":0,"k":0,"ix":5},"nm":"Transform"}],"nm":"Group 9","np":2,"cix":2,"bm":0,"ix":9,"mn":"ADBE Vector Group","hd":false}],"ip":0,"op":56,"st":0,"bm":0},{"ddd":0,"ind":3,"ty":4,"nm":"レイヤー 3","parent":8,"sr":1,"ks":{"o":{"a":0,"k":100,"ix":11},"r":{"a":0,"k":-0.4,"ix":10},"p":{"a":0,"k":[20.857,29.834,0],"ix":2},"a":{"a":0,"k":[4,88,0],"ix":1},"s":{"a":0,"k":[144,144,100],"ix":6}},"ao":0,"shapes":[{"ty":"gr","it":[{"ind":0,"ty":"sh","ix":1,"ks":{"a":0,"k":{"i":[[-11.554,-1.051],[3.592,-5.817],[0.592,0.029],[6.904,1.78]],"o":[[10.992,1],[-5.568,2.183],[-8.041,-0.391],[-2.276,-4.722]],"v":[[19.483,170],[46.119,188.817],[20.409,180.935],[-10.829,189.089]],"c":true},"ix":2},"nm":"Path 1","mn":"ADBE Vector Shape - Group","hd":false},{"ty":"fl","c":{"a":0,"k":[0,0,0,1],"ix":4},"o":{"a":0,"k":100,"ix":5},"r":1,"bm":0,"nm":"Fill 1","mn":"ADBE Vector Graphic - Fill","hd":false},{"ty":"tr","p":{"a":0,"k":[0,0],"ix":2},"a":{"a":0,"k":[0,0],"ix":1},"s":{"a":0,"k":[100,100],"ix":3},"r":{"a":0,"k":0,"ix":6},"o":{"a":0,"k":100,"ix":7},"sk":{"a":0,"k":0,"ix":4},"sa":{"a":0,"k":0,"ix":5},"nm":"Transform"}],"nm":"Group 1","np":2,"cix":2,"bm":0,"ix":1,"mn":"ADBE Vector Group","hd":false},{"ty":"gr","it":[{"ind":0,"ty":"sh","ix":1,"ks":{"a":0,"k":{"i":[[0,0],[0,0],[0,0]],"o":[[0,0],[0,0],[0,0]],"v":[[14.726,148.556],[7.801,162.722],[22.805,162.722]],"c":true},"ix":2},"nm":"Path 1","mn":"ADBE Vector Shape - Group","hd":false},{"ty":"fl","c":{"a":0,"k":[0,0,0,1],"ix":4},"o":{"a":0,"k":100,"ix":5},"r":1,"bm":0,"nm":"Fill 1","mn":"ADBE Vector Graphic - Fill","hd":false},{"ty":"tr","p":{"a":0,"k":[0,0],"ix":2},"a":{"a":0,"k":[0,0],"ix":1},"s":{"a":0,"k":[100,100],"ix":3},"r":{"a":0,"k":0,"ix":6},"o":{"a":0,"k":100,"ix":7},"sk":{"a":0,"k":0,"ix":4},"sa":{"a":0,"k":0,"ix":5},"nm":"Transform"}],"nm":"Group 2","np":2,"cix":2,"bm":0,"ix":2,"mn":"ADBE Vector Group","hd":false},{"ty":"gr","it":[{"ind":0,"ty":"sh","ix":1,"ks":{"a":0,"k":{"i":[[0,0],[0,0],[0,0]],"o":[[0,0],[0,0],[0,0]],"v":[[31.548,134.391],[30.913,150.793],[62.789,153.793]],"c":true},"ix":2},"nm":"Path 1","mn":"ADBE Vector Shape - Group","hd":false},{"ty":"fl","c":{"a":0,"k":[0,0,0,1],"ix":4},"o":{"a":0,"k":100,"ix":5},"r":1,"bm":0,"nm":"Fill 1","mn":"ADBE Vector Graphic - Fill","hd":false},{"ty":"tr","p":{"a":0,"k":[0,0],"ix":2},"a":{"a":0,"k":[0,0],"ix":1},"s":{"a":0,"k":[100,100],"ix":3},"r":{"a":0,"k":0,"ix":6},"o":{"a":0,"k":100,"ix":7},"sk":{"a":0,"k":0,"ix":4},"sa":{"a":0,"k":0,"ix":5},"nm":"Transform"}],"nm":"Group 3","np":2,"cix":2,"bm":0,"ix":3,"mn":"ADBE Vector Group","hd":false},{"ty":"gr","it":[{"ind":0,"ty":"sh","ix":1,"ks":{"a":0,"k":{"i":[[0,0],[0,0],[0,0]],"o":[[0,0],[0,0],[0,0]],"v":[[-2.641,137.899],[-32.276,155.284],[-0.4,152.284]],"c":true},"ix":2},"nm":"Path 1","mn":"ADBE Vector Shape - Group","hd":false},{"ty":"fl","c":{"a":0,"k":[0,0,0,1],"ix":4},"o":{"a":0,"k":100,"ix":5},"r":1,"bm":0,"nm":"Fill 1","mn":"ADBE Vector Graphic - Fill","hd":false},{"ty":"tr","p":{"a":0,"k":[0,0],"ix":2},"a":{"a":0,"k":[0,0],"ix":1},"s":{"a":0,"k":[100,100],"ix":3},"r":{"a":0,"k":0,"ix":6},"o":{"a":0,"k":100,"ix":7},"sk":{"a":0,"k":0,"ix":4},"sa":{"a":0,"k":0,"ix":5},"nm":"Transform"}],"nm":"Group 4","np":2,"cix":2,"bm":0,"ix":4,"mn":"ADBE Vector Group","hd":false},{"ty":"gr","it":[{"ind":0,"ty":"sh","ix":1,"ks":{"a":0,"k":{"i":[[-4.272,-9.043],[0.212,21.615],[-22.367,2.982],[-1.068,-22.199]],"o":[[-33.55,-5.219],[-0.205,-20.842],[-3.802,9.585],[0.969,20.151]],"v":[[13.765,199.254],[-16.057,153.03],[10.783,105.314],[8.547,154.521]],"c":true},"ix":2},"nm":"Path 1","mn":"ADBE Vector Shape - Group","hd":false},{"ty":"st","c":{"a":0,"k":[0.976470589638,0.768627464771,0.568627476692,1],"ix":3},"o":{"a":0,"k":100,"ix":4},"w":{"a":0,"k":2,"ix":5},"lc":1,"lj":1,"ml":10,"bm":0,"nm":"Stroke 1","mn":"ADBE Vector Graphic - Stroke","hd":false},{"ty":"tr","p":{"a":0,"k":[0,0],"ix":2},"a":{"a":0,"k":[0,0],"ix":1},"s":{"a":0,"k":[100,100],"ix":3},"r":{"a":0,"k":0,"ix":6},"o":{"a":0,"k":100,"ix":7},"sk":{"a":0,"k":0,"ix":4},"sa":{"a":0,"k":0,"ix":5},"nm":"Transform"}],"nm":"Group 5","np":2,"cix":2,"bm":0,"ix":5,"mn":"ADBE Vector Group","hd":false},{"ty":"gr","it":[{"ind":0,"ty":"sh","ix":1,"ks":{"a":0,"k":{"i":[[3.218,-11.21],[0.746,39.526],[-27.656,0.633],[-0.367,0.001],[-0.517,-20.232]],"o":[[-31.718,1.384],[-0.443,-23.482],[0.365,-0.008],[4.013,11.274],[0.495,19.343]],"v":[[15.257,199.894],[-39.915,149.781],[11.178,105.328],[12.274,105.314],[35.387,152.604]],"c":true},"ix":2},"nm":"Path 1","mn":"ADBE Vector Shape - Group","hd":false},{"ty":"st","c":{"a":0,"k":[0.976470589638,0.768627464771,0.568627476692,1],"ix":3},"o":{"a":0,"k":100,"ix":4},"w":{"a":0,"k":2,"ix":5},"lc":1,"lj":1,"ml":10,"bm":0,"nm":"Stroke 1","mn":"ADBE Vector Graphic - Stroke","hd":false},{"ty":"tr","p":{"a":0,"k":[0,0],"ix":2},"a":{"a":0,"k":[0,0],"ix":1},"s":{"a":0,"k":[100,100],"ix":3},"r":{"a":0,"k":0,"ix":6},"o":{"a":0,"k":100,"ix":7},"sk":{"a":0,"k":0,"ix":4},"sa":{"a":0,"k":0,"ix":5},"nm":"Transform"}],"nm":"Group 6","np":2,"cix":2,"bm":0,"ix":6,"mn":"ADBE Vector Group","hd":false},{"ty":"gr","it":[{"ind":0,"ty":"sh","ix":1,"ks":{"a":0,"k":{"i":[[22.039,-8.551],[0.002,35.404],[35.008,-1.934],[0.39,-20.924]],"o":[[33.32,0.291],[-0.002,-26.581],[24.577,8.17],[-0.36,19.329]],"v":[[15.764,199.995],[76.391,153.374],[12.274,106.052],[59.857,155.126]],"c":true},"ix":2},"nm":"Path 1","mn":"ADBE Vector Shape - Group","hd":false},{"ty":"st","c":{"a":0,"k":[0.976470589638,0.768627464771,0.568627476692,1],"ix":3},"o":{"a":0,"k":100,"ix":4},"w":{"a":0,"k":2,"ix":5},"lc":1,"lj":1,"ml":10,"bm":0,"nm":"Stroke 1","mn":"ADBE Vector Graphic - Stroke","hd":false},{"ty":"tr","p":{"a":0,"k":[0,0],"ix":2},"a":{"a":0,"k":[0,0],"ix":1},"s":{"a":0,"k":[100,100],"ix":3},"r":{"a":0,"k":0,"ix":6},"o":{"a":0,"k":100,"ix":7},"sk":{"a":0,"k":0,"ix":4},"sa":{"a":0,"k":0,"ix":5},"nm":"Transform"}],"nm":"Group 7","np":2,"cix":2,"bm":0,"ix":7,"mn":"ADBE Vector Group","hd":false},{"ty":"gr","it":[{"ind":0,"ty":"sh","ix":1,"ks":{"a":0,"k":{"i":[[-0.576,-19.302],[39.529,0],[0,49.953],[-39.529,0]],"o":[[1.268,42.485],[-39.529,0],[0,-28],[39.529,0]],"v":[[90.576,150.302],[16.002,200],[-59.572,149.302],[16.002,104.568]],"c":true},"ix":2},"nm":"Path 1","mn":"ADBE Vector Shape - Group","hd":false},{"ty":"fl","c":{"a":0,"k":[0.898039221764,0.466666668653,0.039215687662,1],"ix":4},"o":{"a":0,"k":100,"ix":5},"r":1,"bm":0,"nm":"Fill 1","mn":"ADBE Vector Graphic - Fill","hd":false},{"ty":"tr","p":{"a":0,"k":[0,0],"ix":2},"a":{"a":0,"k":[0,0],"ix":1},"s":{"a":0,"k":[100,100],"ix":3},"r":{"a":0,"k":0,"ix":6},"o":{"a":0,"k":100,"ix":7},"sk":{"a":0,"k":0,"ix":4},"sa":{"a":0,"k":0,"ix":5},"nm":"Transform"}],"nm":"Group 8","np":2,"cix":2,"bm":0,"ix":8,"mn":"ADBE Vector Group","hd":false},{"ty":"gr","it":[{"ind":0,"ty":"sh","ix":1,"ks":{"a":0,"k":{"i":[[0.184,0.384],[3.292,2.932],[7.199,-0.426],[4.953,-4.098],[0.572,-3.563],[-1.726,-1.793],[-2.475,3.252],[2.05,0.405],[0.22,-0.245],[-0.276,-0.18],[-0.165,-0.308],[0.105,-0.176],[1.892,0.722],[0.382,0.472],[-0.553,1.221],[-2.516,0.938],[-7.922,-8.376],[0,-2.435],[-0.425,-0.289],[-2.041,0.16],[-2.723,0.045],[-3.466,-0.495],[-3.47,0.496],[-5.326,-2.988],[4.254,7.984],[1.682,3.427]],"o":[[-1.877,-3.913],[-5.575,-4.966],[-6.304,0.373],[-2.781,2.3],[-0.394,2.457],[2.724,2.83],[1.044,-1.372],[-0.323,-0.064],[-0.22,0.245],[0.293,0.191],[0.097,0.18],[-1.17,1.968],[-0.567,-0.216],[-0.844,-1.041],[1.107,-2.446],[6.087,-2.27],[1.863,1.969],[0,8],[2.948,2.005],[2.67,-0.209],[3.304,-0.054],[3.438,0.491],[2.653,-0.379],[-4.254,-7.984],[-1.796,-3.37],[-0.187,-0.38]],"v":[[17.445,76.622],[10.436,65.711],[-11.033,59.768],[-29.295,66.017],[-34.787,75.076],[-33.014,82.054],[-21.478,81.726],[-22.471,77.588],[-23.383,77.834],[-23.321,78.702],[-22.375,79.074],[-22.471,79.652],[-28.198,80.843],[-29.699,79.848],[-29.799,76.035],[-23.862,70.905],[0.137,74.031],[1,90],[-4.907,107.441],[2.582,109.787],[8.547,108.296],[16.002,110.533],[24.203,109.041],[36.164,111.841],[23.402,87.889],[18,77.769]],"c":true},"ix":2},"nm":"Path 1","mn":"ADBE Vector Shape - Group","hd":false},{"ty":"fl","c":{"a":0,"k":[0.176470592618,0.227450981736,0.090196080506,1],"ix":4},"o":{"a":0,"k":100,"ix":5},"r":1,"bm":0,"nm":"Fill 1","mn":"ADBE Vector Graphic - Fill","hd":false},{"ty":"tr","p":{"a":0,"k":[0,0],"ix":2},"a":{"a":0,"k":[0,0],"ix":1},"s":{"a":0,"k":[100,100],"ix":3},"r":{"a":0,"k":0,"ix":6},"o":{"a":0,"k":100,"ix":7},"sk":{"a":0,"k":0,"ix":4},"sa":{"a":0,"k":0,"ix":5},"nm":"Transform"}],"nm":"Group 9","np":2,"cix":2,"bm":0,"ix":9,"mn":"ADBE Vector Group","hd":false}],"ip":0,"op":56,"st":0,"bm":0},{"ddd":0,"ind":4,"ty":4,"nm":"レイヤー 1","parent":7,"sr":1,"ks":{"o":{"a":0,"k":100,"ix":11},"r":{"a":0,"k":10.02,"ix":10},"p":{"a":0,"k":[69.785,13.273,0],"ix":2},"a":{"a":0,"k":[-12,-196,0],"ix":1},"s":{"a":0,"k":[143,143,100],"ix":6}},"ao":0,"shapes":[{"ty":"gr","it":[{"ind":0,"ty":"sh","ix":1,"ks":{"a":0,"k":{"i":[[6.097,-7.932],[0,0],[1.501,-11.324],[-2.019,0.34],[-2.708,0.285],[-3.496,-0.186],[-3.413,0.801],[-5.57,-2.505],[2.592,5.277],[0.779,8.141],[-8.718,7.909]],"o":[[-6.142,7.989],[-1.501,11.324],[3.114,1.737],[2.641,-0.445],[3.286,-0.346],[3.468,0.185],[2.609,-0.613],[-6.311,-7.464],[-3.303,-6.726],[-1.085,-11.338],[5.347,-4.851]],"v":[[-20.459,-220.754],[-29.786,-192.182],[-37.919,-153.872],[-30.251,-152.197],[-24.442,-154.21],[-16.818,-152.641],[-8.781,-154.852],[3.381,-153.121],[-9.583,-172.893],[-16.419,-193.367],[-5.952,-223.404]],"c":true},"ix":2},"nm":"Path 1","mn":"ADBE Vector Shape - Group","hd":false},{"ty":"fl","c":{"a":0,"k":[0.176470592618,0.227450981736,0.090196080506,1],"ix":4},"o":{"a":0,"k":100,"ix":5},"r":1,"bm":0,"nm":"Fill 1","mn":"ADBE Vector Graphic - Fill","hd":false},{"ty":"tr","p":{"a":0,"k":[0,0],"ix":2},"a":{"a":0,"k":[0,0],"ix":1},"s":{"a":0,"k":[100,100],"ix":3},"r":{"a":0,"k":0,"ix":6},"o":{"a":0,"k":100,"ix":7},"sk":{"a":0,"k":0,"ix":4},"sa":{"a":0,"k":0,"ix":5},"nm":"Transform"}],"nm":"Group 1","np":2,"cix":2,"bm":0,"ix":1,"mn":"ADBE Vector Group","hd":false},{"ty":"gr","it":[{"ind":0,"ty":"sh","ix":1,"ks":{"a":0,"k":{"i":[[0,0],[0,0],[0,0],[0,0],[0,0],[0,0],[0,0],[0,0],[0,0],[0,0],[0,0],[0,0],[0,0],[0,0],[0,0]],"o":[[0,0],[0,0],[0,0],[0,0],[0,0],[0,0],[0,0],[0,0],[0,0],[0,0],[0,0],[0,0],[0,0],[0,0],[0,0]],"v":[[-41.089,-69.077],[-31.589,-70.75],[-30.699,-65.103],[-26,-65],[-25.606,-70.971],[-22.804,-71.314],[-11.866,-71.518],[-11,-65],[-5,-65],[-4.801,-71.845],[2.471,-72.059],[10,-57.148],[-10.973,-48.947],[-28.182,-50.438],[-43.778,-60.13]],"c":true},"ix":2},"nm":"Path 1","mn":"ADBE Vector Shape - Group","hd":false},{"ty":"fl","c":{"a":0,"k":[0,0,0,1],"ix":4},"o":{"a":0,"k":100,"ix":5},"r":1,"bm":0,"nm":"Fill 1","mn":"ADBE Vector Graphic - Fill","hd":false},{"ty":"tr","p":{"a":0,"k":[0,0],"ix":2},"a":{"a":0,"k":[0,0],"ix":1},"s":{"a":0,"k":[100,100],"ix":3},"r":{"a":0,"k":0,"ix":6},"o":{"a":0,"k":100,"ix":7},"sk":{"a":0,"k":0,"ix":4},"sa":{"a":0,"k":0,"ix":5},"nm":"Transform"}],"nm":"Group 2","np":2,"cix":2,"bm":0,"ix":2,"mn":"ADBE Vector Group","hd":false},{"ty":"gr","it":[{"ind":0,"ty":"sh","ix":1,"ks":{"a":0,"k":{"i":[[0,0],[0,0],[0,0]],"o":[[0,0],[0,0],[0,0]],"v":[[-15.274,-99.166],[-22.199,-85],[-7.195,-85]],"c":true},"ix":2},"nm":"Path 1","mn":"ADBE Vector Shape - Group","hd":false},{"ty":"fl","c":{"a":0,"k":[0,0,0,1],"ix":4},"o":{"a":0,"k":100,"ix":5},"r":1,"bm":0,"nm":"Fill 1","mn":"ADBE Vector Graphic - Fill","hd":false},{"ty":"tr","p":{"a":0,"k":[0,0],"ix":2},"a":{"a":0,"k":[0,0],"ix":1},"s":{"a":0,"k":[100,100],"ix":3},"r":{"a":0,"k":0,"ix":6},"o":{"a":0,"k":100,"ix":7},"sk":{"a":0,"k":0,"ix":4},"sa":{"a":0,"k":0,"ix":5},"nm":"Transform"}],"nm":"Group 3","np":2,"cix":2,"bm":0,"ix":3,"mn":"ADBE Vector Group","hd":false},{"ty":"gr","it":[{"ind":0,"ty":"sh","ix":1,"ks":{"a":0,"k":{"i":[[0,0],[0,0],[0,0]],"o":[[0,0],[0,0],[0,0]],"v":[[5.548,-128.609],[-4.087,-103],[16.789,-103]],"c":true},"ix":2},"nm":"Path 1","mn":"ADBE Vector Shape - Group","hd":false},{"ty":"fl","c":{"a":0,"k":[0,0,0,1],"ix":4},"o":{"a":0,"k":100,"ix":5},"r":1,"bm":0,"nm":"Fill 1","mn":"ADBE Vector Graphic - Fill","hd":false},{"ty":"tr","p":{"a":0,"k":[0,0],"ix":2},"a":{"a":0,"k":[0,0],"ix":1},"s":{"a":0,"k":[100,100],"ix":3},"r":{"a":0,"k":0,"ix":6},"o":{"a":0,"k":100,"ix":7},"sk":{"a":0,"k":0,"ix":4},"sa":{"a":0,"k":0,"ix":5},"nm":"Transform"}],"nm":"Group 4","np":2,"cix":2,"bm":0,"ix":4,"mn":"ADBE Vector Group","hd":false},{"ty":"gr","it":[{"ind":0,"ty":"sh","ix":1,"ks":{"a":0,"k":{"i":[[0,0],[0,0],[0,0]],"o":[[0,0],[0,0],[0,0]],"v":[[-37.641,-129.101],[-47.276,-103],[-26.4,-103]],"c":true},"ix":2},"nm":"Path 1","mn":"ADBE Vector Shape - Group","hd":false},{"ty":"fl","c":{"a":0,"k":[0,0,0,1],"ix":4},"o":{"a":0,"k":100,"ix":5},"r":1,"bm":0,"nm":"Fill 1","mn":"ADBE Vector Graphic - Fill","hd":false},{"ty":"tr","p":{"a":0,"k":[0,0],"ix":2},"a":{"a":0,"k":[0,0],"ix":1},"s":{"a":0,"k":[100,100],"ix":3},"r":{"a":0,"k":0,"ix":6},"o":{"a":0,"k":100,"ix":7},"sk":{"a":0,"k":0,"ix":4},"sa":{"a":0,"k":0,"ix":5},"nm":"Transform"}],"nm":"Group 5","np":2,"cix":2,"bm":0,"ix":5,"mn":"ADBE Vector Group","hd":false},{"ty":"gr","it":[{"ind":0,"ty":"sh","ix":1,"ks":{"a":0,"k":{"i":[[-3.312,-12.17],[0.164,29.09],[-17.342,4.014],[-0.828,-29.876]],"o":[[-26.013,-7.024],[-0.159,-28.05],[-2.948,12.9],[0.752,27.119]],"v":[[-19.239,-31.003],[-42.362,-93.213],[-21.551,-157.429],[-23.286,-91.206]],"c":true},"ix":2},"nm":"Path 1","mn":"ADBE Vector Shape - Group","hd":false},{"ty":"st","c":{"a":0,"k":[0.96862745285,0.89411765337,0.572549045086,1],"ix":3},"o":{"a":0,"k":100,"ix":4},"w":{"a":0,"k":2,"ix":5},"lc":1,"lj":1,"ml":10,"bm":0,"nm":"Stroke 1","mn":"ADBE Vector Graphic - Stroke","hd":false},{"ty":"tr","p":{"a":0,"k":[0,0],"ix":2},"a":{"a":0,"k":[0,0],"ix":1},"s":{"a":0,"k":[100,100],"ix":3},"r":{"a":0,"k":0,"ix":6},"o":{"a":0,"k":100,"ix":7},"sk":{"a":0,"k":0,"ix":4},"sa":{"a":0,"k":0,"ix":5},"nm":"Transform"}],"nm":"Group 6","np":2,"cix":2,"bm":0,"ix":6,"mn":"ADBE Vector Group","hd":false},{"ty":"gr","it":[{"ind":0,"ty":"sh","ix":1,"ks":{"a":0,"k":{"i":[[2.495,-15.086],[0.86,44.585],[-21.443,0.851],[-0.284,0.002],[-0.401,-27.229]],"o":[[-25.917,-1.858],[-0.61,-31.598],[0.283,-0.011],[3.111,15.172],[0.384,26.032]],"v":[[-18.083,-30.142],[-60.86,-97.585],[-21.246,-157.409],[-20.395,-157.429],[-2.475,-93.785]],"c":true},"ix":2},"nm":"Path 1","mn":"ADBE Vector Shape - Group","hd":false},{"ty":"st","c":{"a":0,"k":[0.96862745285,0.89411765337,0.572549045086,1],"ix":3},"o":{"a":0,"k":100,"ix":4},"w":{"a":0,"k":2,"ix":5},"lc":1,"lj":1,"ml":10,"bm":0,"nm":"Stroke 1","mn":"ADBE Vector Graphic - Stroke","hd":false},{"ty":"tr","p":{"a":0,"k":[0,0],"ix":2},"a":{"a":0,"k":[0,0],"ix":1},"s":{"a":0,"k":[100,100],"ix":3},"r":{"a":0,"k":0,"ix":6},"o":{"a":0,"k":100,"ix":7},"sk":{"a":0,"k":0,"ix":4},"sa":{"a":0,"k":0,"ix":5},"nm":"Transform"}],"nm":"Group 7","np":2,"cix":2,"bm":0,"ix":7,"mn":"ADBE Vector Group","hd":false},{"ty":"gr","it":[{"ind":0,"ty":"sh","ix":1,"ks":{"a":0,"k":{"i":[[17.088,-11.507],[-2.318,32.749],[27.144,-2.602],[0.303,-28.16]],"o":[[25.835,0.391],[2.065,-29.186],[19.056,10.995],[-0.279,26.012]],"v":[[-17.69,-30.007],[29.318,-92.749],[-20.395,-156.435],[16.498,-90.391]],"c":true},"ix":2},"nm":"Path 1","mn":"ADBE Vector Shape - Group","hd":false},{"ty":"st","c":{"a":0,"k":[0.96862745285,0.89411765337,0.572549045086,1],"ix":3},"o":{"a":0,"k":100,"ix":4},"w":{"a":0,"k":2,"ix":5},"lc":1,"lj":1,"ml":10,"bm":0,"nm":"Stroke 1","mn":"ADBE Vector Graphic - Stroke","hd":false},{"ty":"tr","p":{"a":0,"k":[0,0],"ix":2},"a":{"a":0,"k":[0,0],"ix":1},"s":{"a":0,"k":[100,100],"ix":3},"r":{"a":0,"k":0,"ix":6},"o":{"a":0,"k":100,"ix":7},"sk":{"a":0,"k":0,"ix":4},"sa":{"a":0,"k":0,"ix":5},"nm":"Transform"}],"nm":"Group 8","np":2,"cix":2,"bm":0,"ix":8,"mn":"ADBE Vector Group","hd":false},{"ty":"gr","it":[{"ind":0,"ty":"sh","ix":1,"ks":{"a":0,"k":{"i":[[-0.009,-37.678],[30.649,0],[0,56.229],[-30.649,0]],"o":[[0.01,41.229],[-30.649,0],[0,-37.682],[30.649,0]],"v":[[37.99,-98.229],[-17.505,-30],[-73,-98.229],[-17.505,-158.432]],"c":true},"ix":2},"nm":"Path 1","mn":"ADBE Vector Shape - Group","hd":false},{"ty":"fl","c":{"a":0,"k":[0.886274516582,0.686274528503,0.04705882445,1],"ix":4},"o":{"a":0,"k":100,"ix":5},"r":1,"bm":0,"nm":"Fill 1","mn":"ADBE Vector Graphic - Fill","hd":false},{"ty":"tr","p":{"a":0,"k":[0,0],"ix":2},"a":{"a":0,"k":[0,0],"ix":1},"s":{"a":0,"k":[100,100],"ix":3},"r":{"a":0,"k":0,"ix":6},"o":{"a":0,"k":100,"ix":7},"sk":{"a":0,"k":0,"ix":4},"sa":{"a":0,"k":0,"ix":5},"nm":"Transform"}],"nm":"Group 9","np":2,"cix":2,"bm":0,"ix":9,"mn":"ADBE Vector Group","hd":false}],"ip":0,"op":56,"st":0,"bm":0},{"ddd":0,"ind":5,"ty":4,"nm":"レイヤー 4","parent":6,"sr":1,"ks":{"o":{"a":0,"k":100,"ix":11},"r":{"a":0,"k":7.411,"ix":10},"p":{"a":0,"k":[35.542,82.048,0],"ix":2},"a":{"a":0,"k":[-164,-36,0],"ix":1},"s":{"a":0,"k":[139,139,100],"ix":6}},"ao":0,"shapes":[{"ty":"gr","it":[{"ind":0,"ty":"sh","ix":1,"ks":{"a":0,"k":{"i":[[0,0],[0.08,0.613],[3.78,3.595],[2.523,0.929],[0.653,0.17],[0.671,0.105],[0.67,0.044],[0,0],[4.643,-2.178],[3.493,-3.818],[0,0],[2.496,-11.147],[-2.041,0.16],[-2.723,0.045],[-3.466,-0.495],[-3.47,0.496],[-5.326,-2.988],[2.115,5.486],[0.055,8.178],[-5.778,8.039],[-3.436,2.127],[-4.102,0.531],[0,0],[0,0],[-0.472,-0.029],[-0.47,-0.079],[-1.589,-1.194],[-0.835,-4.139],[-0.056,-0.529],[0,0],[-0.013,-0.251],[0.339,-0.947],[1.864,-0.917],[1.013,-0.038],[0.713,0.77],[0.055,1.092],[-1.187,0.068],[0.068,-1.239],[-0.743,-1.005],[-1.316,-0.153],[-1.195,0.423],[-1.135,2.305],[-0.152,1.294],[-0.01,0.315]],"o":[[0.005,-0.616],[-0.413,-4.922],[-1.88,-1.795],[-0.639,-0.202],[-0.66,-0.134],[-0.671,-0.065],[0,0],[-5.033,0.058],[-4.649,2.171],[-6.824,7.415],[-2.496,11.147],[2.948,2.005],[2.67,-0.209],[3.304,-0.054],[3.438,0.491],[2.653,-0.379],[-5.626,-7.993],[-2.696,-6.993],[-0.032,-4.725],[2.329,-3.241],[3.431,-2.131],[0,0],[0,0],[0.466,0.02],[0.466,0.065],[1.85,0.44],[3.194,2.383],[0.133,0.514],[0,0],[0.021,0.257],[0,0.99],[-0.669,1.893],[-0.916,0.461],[-0.979,0.004],[-0.72,-0.763],[-0.069,-1.052],[-1.185,-0.081],[-0.079,1.195],[0.73,1.003],[1.274,0.105],[2.381,-0.841],[0.573,-1.153],[0.026,-0.321],[0,0]],"v":[[-101.525,-87.576],[-101.608,-89.423],[-107.981,-102.853],[-114.658,-107.033],[-116.588,-107.631],[-118.582,-108.022],[-120.61,-108.202],[-122.494,-108.181],[-137.25,-104.771],[-149.6,-95.635],[-161.418,-68],[-172.907,-30.559],[-165.418,-28.213],[-159.453,-29.704],[-151.998,-27.467],[-143.797,-28.959],[-131.836,-26.159],[-143,-47],[-147.998,-68],[-142.238,-89.556],[-133.513,-97.747],[-122.072,-101.829],[-120.528,-102.036],[-119.124,-102.08],[-117.721,-101.975],[-116.326,-101.719],[-111.095,-99.234],[-104.758,-88.973],[-104.504,-87.405],[-104.406,-86.611],[-104.376,-85.864],[-104.88,-82.929],[-108.807,-78.43],[-111.808,-77.671],[-114.494,-78.89],[-115.703,-81.809],[-113.767,-84.077],[-116.101,-81.822],[-115.108,-78.384],[-111.892,-76.481],[-108.194,-76.962],[-102.691,-81.979],[-101.597,-85.686],[-101.523,-86.656]],"c":true},"ix":2},"nm":"Path 1","mn":"ADBE Vector Shape - Group","hd":false},{"ty":"fl","c":{"a":0,"k":[0.176470592618,0.227450981736,0.090196080506,1],"ix":4},"o":{"a":0,"k":100,"ix":5},"r":1,"bm":0,"nm":"Fill 1","mn":"ADBE Vector Graphic - Fill","hd":false},{"ty":"tr","p":{"a":0,"k":[0,0],"ix":2},"a":{"a":0,"k":[0,0],"ix":1},"s":{"a":0,"k":[100,100],"ix":3},"r":{"a":0,"k":0,"ix":6},"o":{"a":0,"k":100,"ix":7},"sk":{"a":0,"k":0,"ix":4},"sa":{"a":0,"k":0,"ix":5},"nm":"Transform"}],"nm":"Group 1","np":2,"cix":2,"bm":0,"ix":1,"mn":"ADBE Vector Group","hd":false},{"ty":"gr","it":[{"ind":0,"ty":"sh","ix":1,"ks":{"a":0,"k":{"i":[[0,0],[0,0],[0,0],[0,0],[0,0],[0,0],[0,0],[0,0],[0,0],[0,0],[0,0],[0,0],[0,0],[0,0],[0,0],[0,0],[0,0],[0,0],[0,0],[0,0]],"o":[[0,0],[0,0],[0,0],[0,0],[0,0],[0,0],[0,0],[0,0],[0,0],[0,0],[0,0],[0,0],[0,0],[0,0],[0,0],[0,0],[0,0],[0,0],[0,0],[0,0]],"v":[[-185.548,32.923],[-175.856,32.178],[-169.891,35.905],[-160.199,30.686],[-151.998,38.142],[-140.814,32.923],[-132.613,38.888],[-125.158,29.941],[-114.72,44.852],[-122.921,50.817],[-133.359,46.343],[-143.797,53.053],[-146.779,50.071],[-152.743,52.308],[-158.708,46.343],[-167.655,51.562],[-170.637,44.107],[-178.093,47.089],[-178.093,40.379],[-189.276,41.87]],"c":true},"ix":2},"nm":"Path 1","mn":"ADBE Vector Shape - Group","hd":false},{"ty":"fl","c":{"a":0,"k":[0,0,0,1],"ix":4},"o":{"a":0,"k":100,"ix":5},"r":1,"bm":0,"nm":"Fill 1","mn":"ADBE Vector Graphic - Fill","hd":false},{"ty":"tr","p":{"a":0,"k":[0,0],"ix":2},"a":{"a":0,"k":[0,0],"ix":1},"s":{"a":0,"k":[100,100],"ix":3},"r":{"a":0,"k":0,"ix":6},"o":{"a":0,"k":100,"ix":7},"sk":{"a":0,"k":0,"ix":4},"sa":{"a":0,"k":0,"ix":5},"nm":"Transform"}],"nm":"Group 2","np":2,"cix":2,"bm":0,"ix":2,"mn":"ADBE Vector Group","hd":false},{"ty":"gr","it":[{"ind":0,"ty":"sh","ix":1,"ks":{"a":0,"k":{"i":[[0,0],[0,0],[0,0]],"o":[[0,0],[0,0],[0,0]],"v":[[-153.274,10.556],[-160.199,24.722],[-145.195,24.722]],"c":true},"ix":2},"nm":"Path 1","mn":"ADBE Vector Shape - Group","hd":false},{"ty":"fl","c":{"a":0,"k":[0,0,0,1],"ix":4},"o":{"a":0,"k":100,"ix":5},"r":1,"bm":0,"nm":"Fill 1","mn":"ADBE Vector Graphic - Fill","hd":false},{"ty":"tr","p":{"a":0,"k":[0,0],"ix":2},"a":{"a":0,"k":[0,0],"ix":1},"s":{"a":0,"k":[100,100],"ix":3},"r":{"a":0,"k":0,"ix":6},"o":{"a":0,"k":100,"ix":7},"sk":{"a":0,"k":0,"ix":4},"sa":{"a":0,"k":0,"ix":5},"nm":"Transform"}],"nm":"Group 3","np":2,"cix":2,"bm":0,"ix":3,"mn":"ADBE Vector Group","hd":false},{"ty":"gr","it":[{"ind":0,"ty":"sh","ix":1,"ks":{"a":0,"k":{"i":[[0,0],[0,0],[0,0]],"o":[[0,0],[0,0],[0,0]],"v":[[-127.452,-3.609],[-137.087,12.793],[-116.211,12.793]],"c":true},"ix":2},"nm":"Path 1","mn":"ADBE Vector Shape - Group","hd":false},{"ty":"fl","c":{"a":0,"k":[0,0,0,1],"ix":4},"o":{"a":0,"k":100,"ix":5},"r":1,"bm":0,"nm":"Fill 1","mn":"ADBE Vector Graphic - Fill","hd":false},{"ty":"tr","p":{"a":0,"k":[0,0],"ix":2},"a":{"a":0,"k":[0,0],"ix":1},"s":{"a":0,"k":[100,100],"ix":3},"r":{"a":0,"k":0,"ix":6},"o":{"a":0,"k":100,"ix":7},"sk":{"a":0,"k":0,"ix":4},"sa":{"a":0,"k":0,"ix":5},"nm":"Transform"}],"nm":"Group 4","np":2,"cix":2,"bm":0,"ix":4,"mn":"ADBE Vector Group","hd":false},{"ty":"gr","it":[{"ind":0,"ty":"sh","ix":1,"ks":{"a":0,"k":{"i":[[0,0],[0,0],[0,0]],"o":[[0,0],[0,0],[0,0]],"v":[[-179.641,-5.101],[-189.276,14.284],[-168.4,14.284]],"c":true},"ix":2},"nm":"Path 1","mn":"ADBE Vector Shape - Group","hd":false},{"ty":"fl","c":{"a":0,"k":[0,0,0,1],"ix":4},"o":{"a":0,"k":100,"ix":5},"r":1,"bm":0,"nm":"Fill 1","mn":"ADBE Vector Graphic - Fill","hd":false},{"ty":"tr","p":{"a":0,"k":[0,0],"ix":2},"a":{"a":0,"k":[0,0],"ix":1},"s":{"a":0,"k":[100,100],"ix":3},"r":{"a":0,"k":0,"ix":6},"o":{"a":0,"k":100,"ix":7},"sk":{"a":0,"k":0,"ix":4},"sa":{"a":0,"k":0,"ix":5},"nm":"Transform"}],"nm":"Group 5","np":2,"cix":2,"bm":0,"ix":5,"mn":"ADBE Vector Group","hd":false},{"ty":"gr","it":[{"ind":0,"ty":"sh","ix":1,"ks":{"a":0,"k":{"i":[[-4.272,-9.043],[0.212,21.615],[-22.367,2.982],[-1.068,-22.199]],"o":[[-33.55,-5.219],[-0.205,-20.842],[-3.802,9.585],[0.969,20.151]],"v":[[-154.235,61.254],[-184.057,15.03],[-157.217,-32.686],[-159.453,16.521]],"c":true},"ix":2},"nm":"Path 1","mn":"ADBE Vector Shape - Group","hd":false},{"ty":"st","c":{"a":0,"k":[0.976470589638,0.768627464771,0.568627476692,1],"ix":3},"o":{"a":0,"k":100,"ix":4},"w":{"a":0,"k":2,"ix":5},"lc":1,"lj":1,"ml":10,"bm":0,"nm":"Stroke 1","mn":"ADBE Vector Graphic - Stroke","hd":false},{"ty":"tr","p":{"a":0,"k":[0,0],"ix":2},"a":{"a":0,"k":[0,0],"ix":1},"s":{"a":0,"k":[100,100],"ix":3},"r":{"a":0,"k":0,"ix":6},"o":{"a":0,"k":100,"ix":7},"sk":{"a":0,"k":0,"ix":4},"sa":{"a":0,"k":0,"ix":5},"nm":"Transform"}],"nm":"Group 6","np":2,"cix":2,"bm":0,"ix":6,"mn":"ADBE Vector Group","hd":false},{"ty":"gr","it":[{"ind":0,"ty":"sh","ix":1,"ks":{"a":0,"k":{"i":[[3.218,-11.21],[0.746,39.526],[-27.656,0.633],[-0.367,0.001],[-0.517,-20.232]],"o":[[-31.718,1.384],[-0.443,-23.482],[0.365,-0.008],[4.013,11.274],[0.495,19.343]],"v":[[-152.743,61.894],[-207.915,11.781],[-156.822,-32.672],[-155.726,-32.686],[-132.613,14.604]],"c":true},"ix":2},"nm":"Path 1","mn":"ADBE Vector Shape - Group","hd":false},{"ty":"st","c":{"a":0,"k":[0.976470589638,0.768627464771,0.568627476692,1],"ix":3},"o":{"a":0,"k":100,"ix":4},"w":{"a":0,"k":2,"ix":5},"lc":1,"lj":1,"ml":10,"bm":0,"nm":"Stroke 1","mn":"ADBE Vector Graphic - Stroke","hd":false},{"ty":"tr","p":{"a":0,"k":[0,0],"ix":2},"a":{"a":0,"k":[0,0],"ix":1},"s":{"a":0,"k":[100,100],"ix":3},"r":{"a":0,"k":0,"ix":6},"o":{"a":0,"k":100,"ix":7},"sk":{"a":0,"k":0,"ix":4},"sa":{"a":0,"k":0,"ix":5},"nm":"Transform"}],"nm":"Group 7","np":2,"cix":2,"bm":0,"ix":7,"mn":"ADBE Vector Group","hd":false},{"ty":"gr","it":[{"ind":0,"ty":"sh","ix":1,"ks":{"a":0,"k":{"i":[[22.039,-8.551],[0.002,35.404],[35.008,-1.934],[0.39,-20.924]],"o":[[33.32,0.291],[-0.002,-26.581],[24.577,8.17],[-0.36,19.329]],"v":[[-152.236,61.995],[-91.609,15.374],[-155.726,-31.948],[-108.143,17.126]],"c":true},"ix":2},"nm":"Path 1","mn":"ADBE Vector Shape - Group","hd":false},{"ty":"st","c":{"a":0,"k":[0.976470589638,0.768627464771,0.568627476692,1],"ix":3},"o":{"a":0,"k":100,"ix":4},"w":{"a":0,"k":2,"ix":5},"lc":1,"lj":1,"ml":10,"bm":0,"nm":"Stroke 1","mn":"ADBE Vector Graphic - Stroke","hd":false},{"ty":"tr","p":{"a":0,"k":[0,0],"ix":2},"a":{"a":0,"k":[0,0],"ix":1},"s":{"a":0,"k":[100,100],"ix":3},"r":{"a":0,"k":0,"ix":6},"o":{"a":0,"k":100,"ix":7},"sk":{"a":0,"k":0,"ix":4},"sa":{"a":0,"k":0,"ix":5},"nm":"Transform"}],"nm":"Group 8","np":2,"cix":2,"bm":0,"ix":8,"mn":"ADBE Vector Group","hd":false},{"ty":"gr","it":[{"ind":0,"ty":"sh","ix":1,"ks":{"a":0,"k":{"i":[[-0.491,-27.996],[39.529,0],[0,49.953],[-39.529,0]],"o":[[0.746,42.497],[-39.529,0],[0,-28],[39.529,0]],"v":[[-80.424,11.302],[-151.998,62],[-223.572,11.302],[-151.998,-33.432]],"c":true},"ix":2},"nm":"Path 1","mn":"ADBE Vector Shape - Group","hd":false},{"ty":"fl","c":{"a":0,"k":[0.898039221764,0.466666668653,0.039215687662,1],"ix":4},"o":{"a":0,"k":100,"ix":5},"r":1,"bm":0,"nm":"Fill 1","mn":"ADBE Vector Graphic - Fill","hd":false},{"ty":"tr","p":{"a":0,"k":[0,0],"ix":2},"a":{"a":0,"k":[0,0],"ix":1},"s":{"a":0,"k":[100,100],"ix":3},"r":{"a":0,"k":0,"ix":6},"o":{"a":0,"k":100,"ix":7},"sk":{"a":0,"k":0,"ix":4},"sa":{"a":0,"k":0,"ix":5},"nm":"Transform"}],"nm":"Group 9","np":2,"cix":2,"bm":0,"ix":9,"mn":"ADBE Vector Group","hd":false}],"ip":0,"op":56,"st":0,"bm":0},{"ddd":0,"ind":6,"ty":3,"nm":"Trace Shape Layer 1: Path 1 [1.1] 5","cl":"1","sr":1,"ks":{"o":{"a":0,"k":0,"ix":11},"r":{"a":0,"k":0,"ix":10,"x":"var $bm_rt;\nvar pathToTrace = thisComp.layer('Shape Layer 1')('ADBE Root Vectors Group')(1)('ADBE Vectors Group')(1)('ADBE Vector Shape');\nvar progress = $bm_div(thisLayer.effect('Pseudo/ADBE Trace Path')('Pseudo/ADBE Trace Path-0001'), 100);\nvar pathTan = pathToTrace.tangentOnPath(progress);\n$bm_rt = radiansToDegrees(Math.atan2(pathTan[1], pathTan[0]));"},"p":{"a":0,"k":[604,600,0],"ix":2,"x":"var $bm_rt;\nvar pathLayer = thisComp.layer('Shape Layer 1');\nvar progress = $bm_div(thisLayer.effect('Pseudo/ADBE Trace Path')('Pseudo/ADBE Trace Path-0001'), 100);\nvar pathToTrace = pathLayer('ADBE Root Vectors Group')(1)('ADBE Vectors Group')(1)('ADBE Vector Shape');\n$bm_rt = pathLayer.toComp(pathToTrace.pointOnPath(progress));"},"a":{"a":0,"k":[0,0,0],"ix":1},"s":{"a":0,"k":[100,100,100],"ix":6}},"ao":0,"ef":[{"ty":5,"nm":"Trace Path","np":4,"mn":"Pseudo/ADBE Trace Path","ix":1,"en":1,"ef":[{"ty":0,"nm":"Progress","mn":"Pseudo/ADBE Trace Path-0001","ix":1,"v":{"a":0,"k":75,"ix":1}},{"ty":7,"nm":"Loop","mn":"Pseudo/ADBE Trace Path-0002","ix":2,"v":{"a":0,"k":1,"ix":2}}]}],"ip":0,"op":56,"st":0,"bm":0},{"ddd":0,"ind":7,"ty":3,"nm":"Trace Shape Layer 1: Path 1 [1.1] 4","cl":"1","sr":1,"ks":{"o":{"a":0,"k":0,"ix":11},"r":{"a":0,"k":0,"ix":10,"x":"var $bm_rt;\nvar pathToTrace = thisComp.layer('Shape Layer 1')('ADBE Root Vectors Group')(1)('ADBE Vectors Group')(1)('ADBE Vector Shape');\nvar progress = $bm_div(thisLayer.effect('Pseudo/ADBE Trace Path')('Pseudo/ADBE Trace Path-0001'), 100);\nvar pathTan = pathToTrace.tangentOnPath(progress);\n$bm_rt = radiansToDegrees(Math.atan2(pathTan[1], pathTan[0]));"},"p":{"a":0,"k":[604,600,0],"ix":2,"x":"var $bm_rt;\nvar pathLayer = thisComp.layer('Shape Layer 1');\nvar progress = $bm_div(thisLayer.effect('Pseudo/ADBE Trace Path')('Pseudo/ADBE Trace Path-0001'), 100);\nvar pathToTrace = pathLayer('ADBE Root Vectors Group')(1)('ADBE Vectors Group')(1)('ADBE Vector Shape');\n$bm_rt = pathLayer.toComp(pathToTrace.pointOnPath(progress));"},"a":{"a":0,"k":[0,0,0],"ix":1},"s":{"a":0,"k":[100,100,100],"ix":6}},"ao":0,"ef":[{"ty":5,"nm":"Trace Path","np":4,"mn":"Pseudo/ADBE Trace Path","ix":1,"en":1,"ef":[{"ty":0,"nm":"Progress","mn":"Pseudo/ADBE Trace Path-0001","ix":1,"v":{"a":0,"k":61,"ix":1}},{"ty":7,"nm":"Loop","mn":"Pseudo/ADBE Trace Path-0002","ix":2,"v":{"a":0,"k":1,"ix":2}}]}],"ip":0,"op":56,"st":0,"bm":0},{"ddd":0,"ind":8,"ty":3,"nm":"Trace Shape Layer 1: Path 1 [1.1] 3","cl":"1","sr":1,"ks":{"o":{"a":0,"k":0,"ix":11},"r":{"a":0,"k":0,"ix":10,"x":"var $bm_rt;\nvar pathToTrace = thisComp.layer('Shape Layer 1')('ADBE Root Vectors Group')(1)('ADBE Vectors Group')(1)('ADBE Vector Shape');\nvar progress = $bm_div(thisLayer.effect('Pseudo/ADBE Trace Path')('Pseudo/ADBE Trace Path-0001'), 100);\nvar pathTan = pathToTrace.tangentOnPath(progress);\n$bm_rt = radiansToDegrees(Math.atan2(pathTan[1], pathTan[0]));"},"p":{"a":0,"k":[604,600,0],"ix":2,"x":"var $bm_rt;\nvar pathLayer = thisComp.layer('Shape Layer 1');\nvar progress = $bm_div(thisLayer.effect('Pseudo/ADBE Trace Path')('Pseudo/ADBE Trace Path-0001'), 100);\nvar pathToTrace = pathLayer('ADBE Root Vectors Group')(1)('ADBE Vectors Group')(1)('ADBE Vector Shape');\n$bm_rt = pathLayer.toComp(pathToTrace.pointOnPath(progress));"},"a":{"a":0,"k":[0,0,0],"ix":1},"s":{"a":0,"k":[100,100,100],"ix":6}},"ao":0,"ef":[{"ty":5,"nm":"Trace Path","np":4,"mn":"Pseudo/ADBE Trace Path","ix":1,"en":1,"ef":[{"ty":0,"nm":"Progress","mn":"Pseudo/ADBE Trace Path-0001","ix":1,"v":{"a":0,"k":48,"ix":1}},{"ty":7,"nm":"Loop","mn":"Pseudo/ADBE Trace Path-0002","ix":2,"v":{"a":0,"k":1,"ix":2}}]}],"ip":0,"op":56,"st":0,"bm":0},{"ddd":0,"ind":9,"ty":3,"nm":"Trace Shape Layer 1: Path 1 [1.1] 2","cl":"1","sr":1,"ks":{"o":{"a":0,"k":0,"ix":11},"r":{"a":0,"k":0,"ix":10,"x":"var $bm_rt;\nvar pathToTrace = thisComp.layer('Shape Layer 1')('ADBE Root Vectors Group')(1)('ADBE Vectors Group')(1)('ADBE Vector Shape');\nvar progress = $bm_div(thisLayer.effect('Pseudo/ADBE Trace Path')('Pseudo/ADBE Trace Path-0001'), 100);\nvar pathTan = pathToTrace.tangentOnPath(progress);\n$bm_rt = radiansToDegrees(Math.atan2(pathTan[1], pathTan[0]));"},"p":{"a":0,"k":[604,600,0],"ix":2,"x":"var $bm_rt;\nvar pathLayer = thisComp.layer('Shape Layer 1');\nvar progress = $bm_div(thisLayer.effect('Pseudo/ADBE Trace Path')('Pseudo/ADBE Trace Path-0001'), 100);\nvar pathToTrace = pathLayer('ADBE Root Vectors Group')(1)('ADBE Vectors Group')(1)('ADBE Vector Shape');\n$bm_rt = pathLayer.toComp(pathToTrace.pointOnPath(progress));"},"a":{"a":0,"k":[0,0,0],"ix":1},"s":{"a":0,"k":[100,100,100],"ix":6}},"ao":0,"ef":[{"ty":5,"nm":"Trace Path","np":4,"mn":"Pseudo/ADBE Trace Path","ix":1,"en":1,"ef":[{"ty":0,"nm":"Progress","mn":"Pseudo/ADBE Trace Path-0001","ix":1,"v":{"a":0,"k":35,"ix":1}},{"ty":7,"nm":"Loop","mn":"Pseudo/ADBE Trace Path-0002","ix":2,"v":{"a":0,"k":1,"ix":2}}]}],"ip":0,"op":56,"st":0,"bm":0},{"ddd":0,"ind":10,"ty":3,"nm":"Trace Shape Layer 1: Path 1 [1.1]","cl":"1","sr":1,"ks":{"o":{"a":0,"k":0,"ix":11},"r":{"a":0,"k":0,"ix":10,"x":"var $bm_rt;\nvar pathToTrace = thisComp.layer('Shape Layer 1')('ADBE Root Vectors Group')(1)('ADBE Vectors Group')(1)('ADBE Vector Shape');\nvar progress = $bm_div(thisLayer.effect('Pseudo/ADBE Trace Path')('Pseudo/ADBE Trace Path-0001'), 100);\nvar pathTan = pathToTrace.tangentOnPath(progress);\n$bm_rt = radiansToDegrees(Math.atan2(pathTan[1], pathTan[0]));"},"p":{"a":0,"k":[600,600,0],"ix":2,"x":"var $bm_rt;\nvar pathLayer = thisComp.layer('Shape Layer 1');\nvar progress = $bm_div(thisLayer.effect('Pseudo/ADBE Trace Path')('Pseudo/ADBE Trace Path-0001'), 100);\nvar pathToTrace = pathLayer('ADBE Root Vectors Group')(1)('ADBE Vectors Group')(1)('ADBE Vector Shape');\n$bm_rt = pathLayer.toComp(pathToTrace.pointOnPath(progress));"},"a":{"a":0,"k":[0,0,0],"ix":1},"s":{"a":0,"k":[100,100,100],"ix":6}},"ao":0,"ef":[{"ty":5,"nm":"Trace Path","np":4,"mn":"Pseudo/ADBE Trace Path","ix":1,"en":1,"ef":[{"ty":0,"nm":"Progress","mn":"Pseudo/ADBE Trace Path-0001","ix":1,"v":{"a":0,"k":21.429,"ix":1}},{"ty":7,"nm":"Loop","mn":"Pseudo/ADBE Trace Path-0002","ix":2,"v":{"a":0,"k":1,"ix":2}}]}],"ip":0,"op":56,"st":0,"bm":0},{"ddd":0,"ind":11,"ty":3,"nm":"Shape Layer 1: Path 1 [1.1.4]","cl":"1 4","sr":1,"ks":{"o":{"a":0,"k":0,"ix":11},"r":{"a":0,"k":0,"ix":10},"p":{"a":0,"k":[1368,300,0],"ix":2},"a":{"a":0,"k":[0,0,0],"ix":1},"s":{"a":0,"k":[100,100,100],"ix":6}},"ao":0,"ip":0,"op":56,"st":0,"bm":0},{"ddd":0,"ind":12,"ty":3,"nm":"Shape Layer 1: Path 1 [1.1.4][Out]","cl":"1 4","parent":11,"sr":1,"ks":{"o":{"a":0,"k":0,"ix":11},"r":{"a":0,"k":0,"ix":10},"p":{"a":0,"k":[0,0,0],"ix":2},"a":{"a":0,"k":[0,0,0],"ix":1},"s":{"a":0,"k":[50,50,100],"ix":6}},"ao":0,"ip":0,"op":56,"st":0,"bm":0},{"ddd":0,"ind":13,"ty":3,"nm":"Shape Layer 1: Path 1 [1.1.4][In]","cl":"1 4","parent":11,"sr":1,"ks":{"o":{"a":0,"k":0,"ix":11},"r":{"a":0,"k":0,"ix":10},"p":{"a":0,"k":[0,0,0],"ix":2},"a":{"a":0,"k":[0,0,0],"ix":1},"s":{"a":0,"k":[50,50,100],"ix":6}},"ao":0,"ip":0,"op":56,"st":0,"bm":0},{"ddd":0,"ind":14,"ty":3,"nm":"Shape Layer 1: Path 1 [1.1.3]","cl":"1 3","sr":1,"ks":{"o":{"a":0,"k":0,"ix":11},"r":{"a":0,"k":0,"ix":10},"p":{"a":0,"k":[1200,300,0],"ix":2},"a":{"a":0,"k":[0,0,0],"ix":1},"s":{"a":0,"k":[100,100,100],"ix":6}},"ao":0,"ip":0,"op":56,"st":0,"bm":0},{"ddd":0,"ind":15,"ty":3,"nm":"Shape Layer 1: Path 1 [1.1.3][Out]","cl":"1 3","parent":14,"sr":1,"ks":{"o":{"a":0,"k":0,"ix":11},"r":{"a":0,"k":0,"ix":10},"p":{"a":0,"k":[0,0,0],"ix":2},"a":{"a":0,"k":[0,0,0],"ix":1},"s":{"a":0,"k":[50,50,100],"ix":6}},"ao":0,"ip":0,"op":56,"st":0,"bm":0},{"ddd":0,"ind":16,"ty":3,"nm":"Shape Layer 1: Path 1 [1.1.3][In]","cl":"1 3","parent":14,"sr":1,"ks":{"o":{"a":0,"k":0,"ix":11},"r":{"a":0,"k":0,"ix":10},"p":{"a":0,"k":[0,0,0],"ix":2},"a":{"a":0,"k":[0,0,0],"ix":1},"s":{"a":0,"k":[50,50,100],"ix":6}},"ao":0,"ip":0,"op":56,"st":0,"bm":0},{"ddd":0,"ind":17,"ty":3,"nm":"Shape Layer 1: Path 1 [1.1.2]","cl":"1 2","sr":1,"ks":{"o":{"a":0,"k":0,"ix":11},"r":{"a":0,"k":0,"ix":10},"p":{"a":1,"k":[{"i":{"x":0.667,"y":1},"o":{"x":0.333,"y":0},"t":0,"s":[602,444,0],"to":[0,0,0],"ti":[0,0,0]},{"i":{"x":0.667,"y":1},"o":{"x":0.333,"y":0},"t":28,"s":[602,360,0],"to":[0,0,0],"ti":[0,0,0]},{"t":55,"s":[602,444,0]}],"ix":2},"a":{"a":0,"k":[0,0,0],"ix":1},"s":{"a":0,"k":[100,100,100],"ix":6}},"ao":0,"ip":0,"op":56,"st":0,"bm":0},{"ddd":0,"ind":18,"ty":3,"nm":"Shape Layer 1: Path 1 [1.1.2][Out]","cl":"1 2","parent":17,"sr":1,"ks":{"o":{"a":0,"k":0,"ix":11},"r":{"a":0,"k":0,"ix":10},"p":{"a":0,"k":[248,2,0],"ix":2},"a":{"a":0,"k":[0,0,0],"ix":1},"s":{"a":0,"k":[50,50,100],"ix":6}},"ao":0,"ip":0,"op":56,"st":0,"bm":0},{"ddd":0,"ind":19,"ty":3,"nm":"Shape Layer 1: Path 1 [1.1.2][In]","cl":"1 2","parent":17,"sr":1,"ks":{"o":{"a":0,"k":0,"ix":11},"r":{"a":0,"k":0,"ix":10},"p":{"a":0,"k":[-298,2,0],"ix":2},"a":{"a":0,"k":[0,0,0],"ix":1},"s":{"a":0,"k":[50,50,100],"ix":6}},"ao":0,"ip":0,"op":56,"st":0,"bm":0},{"ddd":0,"ind":20,"ty":3,"nm":"Shape Layer 1: Path 1 [1.1.1]","cl":"1 1","sr":1,"ks":{"o":{"a":0,"k":0,"ix":11},"r":{"a":0,"k":0,"ix":10},"p":{"a":0,"k":[-8,300,0],"ix":2},"a":{"a":0,"k":[0,0,0],"ix":1},"s":{"a":0,"k":[100,100,100],"ix":6}},"ao":0,"ip":0,"op":56,"st":0,"bm":0},{"ddd":0,"ind":21,"ty":3,"nm":"Shape Layer 1: Path 1 [1.1.1][Out]","cl":"1 1","parent":20,"sr":1,"ks":{"o":{"a":0,"k":0,"ix":11},"r":{"a":0,"k":0,"ix":10},"p":{"a":0,"k":[0,0,0],"ix":2},"a":{"a":0,"k":[0,0,0],"ix":1},"s":{"a":0,"k":[50,50,100],"ix":6}},"ao":0,"ip":0,"op":56,"st":0,"bm":0},{"ddd":0,"ind":22,"ty":3,"nm":"Shape Layer 1: Path 1 [1.1.1][In]","cl":"1 1","parent":20,"sr":1,"ks":{"o":{"a":0,"k":0,"ix":11},"r":{"a":0,"k":0,"ix":10},"p":{"a":0,"k":[0,0,0],"ix":2},"a":{"a":0,"k":[0,0,0],"ix":1},"s":{"a":0,"k":[50,50,100],"ix":6}},"ao":0,"ip":0,"op":56,"st":0,"bm":0},{"ddd":0,"ind":23,"ty":3,"nm":"Shape Layer 1: Path 1 [1.1.0]","cl":"1 0","sr":1,"ks":{"o":{"a":0,"k":0,"ix":11},"r":{"a":0,"k":0,"ix":10},"p":{"a":0,"k":[-102,300,0],"ix":2},"a":{"a":0,"k":[0,0,0],"ix":1},"s":{"a":0,"k":[100,100,100],"ix":6}},"ao":0,"ip":0,"op":56,"st":0,"bm":0},{"ddd":0,"ind":24,"ty":3,"nm":"Shape Layer 1: Path 1 [1.1.0][Out]","cl":"1 0","parent":23,"sr":1,"ks":{"o":{"a":0,"k":0,"ix":11},"r":{"a":0,"k":0,"ix":10},"p":{"a":0,"k":[0,0,0],"ix":2},"a":{"a":0,"k":[0,0,0],"ix":1},"s":{"a":0,"k":[50,50,100],"ix":6}},"ao":0,"ip":0,"op":56,"st":0,"bm":0},{"ddd":0,"ind":25,"ty":3,"nm":"Shape Layer 1: Path 1 [1.1.0][In]","cl":"1 0","parent":23,"sr":1,"ks":{"o":{"a":0,"k":0,"ix":11},"r":{"a":0,"k":0,"ix":10},"p":{"a":0,"k":[0,0,0],"ix":2},"a":{"a":0,"k":[0,0,0],"ix":1},"s":{"a":0,"k":[50,50,100],"ix":6}},"ao":0,"ip":0,"op":56,"st":0,"bm":0},{"ddd":0,"ind":26,"ty":4,"nm":"Shape Layer 1","sr":1,"ks":{"o":{"a":0,"k":100,"ix":11},"r":{"a":0,"k":0,"ix":10},"p":{"a":0,"k":[600,600,0],"ix":2},"a":{"a":0,"k":[0,0,0],"ix":1},"s":{"a":0,"k":[100,100,100],"ix":6}},"ao":0,"ef":[{"ty":5,"nm":"Shape Layer 1: Path 1 [1.1.0]","np":3,"mn":"ADBE Layer Control","ix":1,"en":1,"ef":[{"ty":10,"nm":"Layer","mn":"ADBE Layer Control-0001","ix":1,"v":{"a":0,"k":23,"ix":1}}]},{"ty":5,"nm":"Shape Layer 1: Path 1 [1.1.0][In]","np":3,"mn":"ADBE Layer Control","ix":2,"en":1,"ef":[{"ty":10,"nm":"Layer","mn":"ADBE Layer Control-0001","ix":1,"v":{"a":0,"k":25,"ix":1}}]},{"ty":5,"nm":"Shape Layer 1: Path 1 [1.1.0][Out]","np":3,"mn":"ADBE Layer Control","ix":3,"en":1,"ef":[{"ty":10,"nm":"Layer","mn":"ADBE Layer Control-0001","ix":1,"v":{"a":0,"k":24,"ix":1}}]},{"ty":5,"nm":"Shape Layer 1: Path 1 [1.1.1]","np":3,"mn":"ADBE Layer Control","ix":4,"en":1,"ef":[{"ty":10,"nm":"Layer","mn":"ADBE Layer Control-0001","ix":1,"v":{"a":0,"k":20,"ix":1}}]},{"ty":5,"nm":"Shape Layer 1: Path 1 [1.1.1][In]","np":3,"mn":"ADBE Layer Control","ix":5,"en":1,"ef":[{"ty":10,"nm":"Layer","mn":"ADBE Layer Control-0001","ix":1,"v":{"a":0,"k":22,"ix":1}}]},{"ty":5,"nm":"Shape Layer 1: Path 1 [1.1.1][Out]","np":3,"mn":"ADBE Layer Control","ix":6,"en":1,"ef":[{"ty":10,"nm":"Layer","mn":"ADBE Layer Control-0001","ix":1,"v":{"a":0,"k":21,"ix":1}}]},{"ty":5,"nm":"Shape Layer 1: Path 1 [1.1.2]","np":3,"mn":"ADBE Layer Control","ix":7,"en":1,"ef":[{"ty":10,"nm":"Layer","mn":"ADBE Layer Control-0001","ix":1,"v":{"a":0,"k":17,"ix":1}}]},{"ty":5,"nm":"Shape Layer 1: Path 1 [1.1.2][In]","np":3,"mn":"ADBE Layer Control","ix":8,"en":1,"ef":[{"ty":10,"nm":"Layer","mn":"ADBE Layer Control-0001","ix":1,"v":{"a":0,"k":19,"ix":1}}]},{"ty":5,"nm":"Shape Layer 1: Path 1 [1.1.2][Out]","np":3,"mn":"ADBE Layer Control","ix":9,"en":1,"ef":[{"ty":10,"nm":"Layer","mn":"ADBE Layer Control-0001","ix":1,"v":{"a":0,"k":18,"ix":1}}]},{"ty":5,"nm":"Shape Layer 1: Path 1 [1.1.3]","np":3,"mn":"ADBE Layer Control","ix":10,"en":1,"ef":[{"ty":10,"nm":"Layer","mn":"ADBE Layer Control-0001","ix":1,"v":{"a":0,"k":14,"ix":1}}]},{"ty":5,"nm":"Shape Layer 1: Path 1 [1.1.3][In]","np":3,"mn":"ADBE Layer Control","ix":11,"en":1,"ef":[{"ty":10,"nm":"Layer","mn":"ADBE Layer Control-0001","ix":1,"v":{"a":0,"k":16,"ix":1}}]},{"ty":5,"nm":"Shape Layer 1: Path 1 [1.1.3][Out]","np":3,"mn":"ADBE Layer Control","ix":12,"en":1,"ef":[{"ty":10,"nm":"Layer","mn":"ADBE Layer Control-0001","ix":1,"v":{"a":0,"k":15,"ix":1}}]},{"ty":5,"nm":"Shape Layer 1: Path 1 [1.1.4]","np":3,"mn":"ADBE Layer Control","ix":13,"en":1,"ef":[{"ty":10,"nm":"Layer","mn":"ADBE Layer Control-0001","ix":1,"v":{"a":0,"k":11,"ix":1}}]},{"ty":5,"nm":"Shape Layer 1: Path 1 [1.1.4][In]","np":3,"mn":"ADBE Layer Control","ix":14,"en":1,"ef":[{"ty":10,"nm":"Layer","mn":"ADBE Layer Control-0001","ix":1,"v":{"a":0,"k":13,"ix":1}}]},{"ty":5,"nm":"Shape Layer 1: Path 1 [1.1.4][Out]","np":3,"mn":"ADBE Layer Control","ix":15,"en":1,"ef":[{"ty":10,"nm":"Layer","mn":"ADBE Layer Control-0001","ix":1,"v":{"a":0,"k":12,"ix":1}}]}],"shapes":[{"ty":"gr","it":[{"ind":0,"ty":"sh","ix":1,"ks":{"a":0,"k":{"i":[[0,0],[0,0],[0,0],[0,0],[0,0]],"o":[[0,0],[0,0],[0,0],[0,0],[0,0]],"v":[[-702,-300],[-608,-300],[4,-300],[600,-300],[768,-300]],"c":false},"ix":2,"x":"var $bm_rt;\nvar nullLayerNames = [\n        'Shape Layer 1: Path 1 [1.1.0]',\n        'Shape Layer 1: Path 1 [1.1.1]',\n        'Shape Layer 1: Path 1 [1.1.2]',\n        'Shape Layer 1: Path 1 [1.1.3]',\n        'Shape Layer 1: Path 1 [1.1.4]'\n    ];\nvar nullLayerNamesIn = [\n        'Shape Layer 1: Path 1 [1.1.0][In]',\n        'Shape Layer 1: Path 1 [1.1.1][In]',\n        'Shape Layer 1: Path 1 [1.1.2][In]',\n        'Shape Layer 1: Path 1 [1.1.3][In]',\n        'Shape Layer 1: Path 1 [1.1.4][In]'\n    ];\nvar nullLayerNamesOut = [\n        'Shape Layer 1: Path 1 [1.1.0][Out]',\n        'Shape Layer 1: Path 1 [1.1.1][Out]',\n        'Shape Layer 1: Path 1 [1.1.2][Out]',\n        'Shape Layer 1: Path 1 [1.1.3][Out]',\n        'Shape Layer 1: Path 1 [1.1.4][Out]'\n    ];\nvar origPath = thisProperty;\nvar origPoints = origPath.points();\nvar origInTang = origPath.inTangents();\nvar origOutTang = origPath.outTangents();\nvar getNullLayers = [];\nvar getNullLayersIn = [];\nvar getNullLayersOut = [];\nfor (var i = 0; i < nullLayerNames.length; i++) {\n    try {\n        getNullLayers.push(effect(nullLayerNames[i])('ADBE Layer Control-0001'));\n        getNullLayersIn.push(effect(nullLayerNamesIn[i])('ADBE Layer Control-0001'));\n        getNullLayersOut.push(effect(nullLayerNamesOut[i])('ADBE Layer Control-0001'));\n    } catch (err) {\n        getNullLayers.push(null);\n    }\n}\nfor (var i = 0; i < getNullLayers.length; i++) {\n    if (getNullLayers[i] != null && getNullLayers[i].index != thisLayer.index) {\n        origPoints[i] = fromCompToSurface(getNullLayers[i].toComp(getNullLayers[i].anchorPoint));\n        origInTang[i] = $bm_sub(fromCompToSurface(getNullLayersIn[i].toComp(getNullLayersIn[i].anchorPoint)), origPoints[i]);\n        origOutTang[i] = $bm_sub(fromCompToSurface(getNullLayersOut[i].toComp(getNullLayersOut[i].anchorPoint)), origPoints[i]);\n    }\n}\n$bm_rt = createPath(origPoints, origInTang, origOutTang, origPath.isClosed());"},"nm":"Path 1","mn":"ADBE Vector Shape - Group","hd":false},{"ty":"st","c":{"a":0,"k":[0.02080522799,0.021078431373,0.020586666406,1],"ix":3},"o":{"a":0,"k":100,"ix":4},"w":{"a":0,"k":11,"ix":5},"lc":1,"lj":1,"ml":4,"bm":0,"nm":"Stroke 1","mn":"ADBE Vector Graphic - Stroke","hd":false},{"ty":"tr","p":{"a":0,"k":[0,0],"ix":2},"a":{"a":0,"k":[0,0],"ix":1},"s":{"a":0,"k":[100,100],"ix":3},"r":{"a":0,"k":0,"ix":6},"o":{"a":0,"k":100,"ix":7},"sk":{"a":0,"k":0,"ix":4},"sa":{"a":0,"k":0,"ix":5},"nm":"Transform"}],"nm":"Shape 1","np":3,"cix":2,"bm":0,"ix":1,"mn":"ADBE Vector Group","hd":false}],"ip":0,"op":56,"st":0,"bm":0}],"markers":[]}