{"v":"5.5.9","fr":30,"ip":0,"op":20,"w":512,"h":512,"nm":"Bat_01","ddd":0,"assets":[],"layers":[{"ddd":0,"ind":1,"ty":4,"nm":"Bat","sr":1,"ks":{"o":{"a":0,"k":100,"ix":11},"r":{"a":0,"k":0,"ix":10},"p":{"a":1,"k":[{"i":{"x":0.667,"y":1},"o":{"x":0.333,"y":0},"t":-7,"s":[255.205,257.85,0],"to":[0,-1.5,0],"ti":[0,0,0]},{"i":{"x":0.667,"y":1},"o":{"x":0.333,"y":0},"t":3,"s":[255.205,248.85,0],"to":[0,0,0],"ti":[0,0,0]},{"i":{"x":0.667,"y":1},"o":{"x":0.333,"y":0},"t":13,"s":[255.205,257.85,0],"to":[0,0,0],"ti":[0,0,0]},{"i":{"x":0.667,"y":1},"o":{"x":0.333,"y":0},"t":23,"s":[255.205,248.85,0],"to":[0,0,0],"ti":[0,-1.5,0]},{"t":33,"s":[255.205,257.85,0]}],"ix":2},"a":{"a":0,"k":[255.205,257.85,0],"ix":1},"s":{"a":0,"k":[200,200,100],"ix":6}},"ao":0,"shapes":[{"ty":"gr","it":[{"ind":0,"ty":"sh","ix":1,"ks":{"a":0,"k":{"i":[[12.745,-0.57],[-0.29,1.14],[-1.21,4.72],[0.143,10.735],[-1.351,-4.68]],"o":[[-12.745,0.57],[1.221,-4.72],[-0.022,10.325],[1.35,4.68],[0.359,1.24]],"v":[[0.665,5.585],[-10.145,-6.51],[-7.12,-16.17],[5.027,-16.392],[8.776,-6.79]],"c":true},"ix":2},"nm":"Path 1","mn":"ADBE Vector Shape - Group","hd":false},{"ty":"fl","c":{"a":0,"k":[0,0,0,1],"ix":4},"o":{"a":0,"k":100,"ix":5},"r":1,"bm":0,"nm":"Fill 1","mn":"ADBE Vector Graphic - Fill","hd":false},{"ty":"tr","p":{"a":0,"k":[255.205,257.22],"ix":2},"a":{"a":0,"k":[0,0],"ix":1},"s":{"a":0,"k":[100,100],"ix":3},"r":{"a":0,"k":0,"ix":6},"o":{"a":0,"k":100,"ix":7},"sk":{"a":0,"k":0,"ix":4},"sa":{"a":0,"k":0,"ix":5},"nm":"Transform"}],"nm":"Head","np":2,"cix":2,"bm":0,"ix":1,"mn":"ADBE Vector Group","hd":false},{"ty":"gr","it":[{"ind":0,"ty":"sh","ix":1,"ks":{"a":0,"k":{"i":[[3.28,-4.78],[2.2,-5.78],[3.42,4.67],[-1.156,7.55],[-1.805,-0.145]],"o":[[-3.29,4.77],[-2.38,-5.71],[-3.43,-4.67],[1.219,0.3],[2.445,3.855]],"v":[[8.385,19.81],[0.645,36.21],[-7.575,20.04],[-10.33,-3.051],[9.662,-2.95]],"c":true},"ix":2},"nm":"Path 1","mn":"ADBE Vector Shape - Group","hd":false},{"ty":"fl","c":{"a":0,"k":[0,0,0,1],"ix":4},"o":{"a":0,"k":100,"ix":5},"r":1,"bm":0,"nm":"Fill 1","mn":"ADBE Vector Graphic - Fill","hd":false},{"ty":"tr","p":{"a":0,"k":[255.205,257.22],"ix":2},"a":{"a":0,"k":[0,0],"ix":1},"s":{"a":0,"k":[100,100],"ix":3},"r":{"a":0,"k":0,"ix":6},"o":{"a":0,"k":100,"ix":7},"sk":{"a":0,"k":0,"ix":4},"sa":{"a":0,"k":0,"ix":5},"nm":"Transform"}],"nm":"Body","np":2,"cix":2,"bm":0,"ix":2,"mn":"ADBE Vector Group","hd":false},{"ty":"gr","it":[{"ind":0,"ty":"sh","ix":1,"ks":{"a":1,"k":[{"i":{"x":0.667,"y":1},"o":{"x":0.333,"y":0},"t":-7,"s":[{"i":[[11.62,6.74],[4.87,-0.05],[1.01,-6.36],[2.79,3.62],[3.84,-0.59],[0.4,-5.13],[4.85,3.95],[4.79,-3.97],[-14.18,4.85],[-5.39,-5.02],[-8.841,-2.44]],"o":[[-3.43,-4.67],[-4.88,0.05],[-1.41,-4.83],[-2.79,-3.61],[-3.84,0.58],[0.41,-7.53],[-4.85,-3.95],[9.49,-14.84],[3.02,7.78],[3.87,3.61],[19.219,2.55]],"v":[[-7.575,20.04],[-20.485,11.92],[-31.325,22.64],[-37.345,9.46],[-47.845,4.06],[-56.455,13.3],[-63.885,-5.91],[-80.015,-5.88],[-42.525,-34.95],[-30.895,-14.06],[-10.924,-3.02]],"c":true}]},{"i":{"x":0.667,"y":1},"o":{"x":0.333,"y":0},"t":3,"s":[{"i":[[11.62,6.74],[3.704,-0.67],[1.581,-6.056],[0.506,2.399],[2.127,-1.492],[1.529,-4.529],[1.477,2.157],[3.49,-4.661],[-8.551,7.843],[-1.476,-2.945],[-6.399,-1.142]],"o":[[-3.43,-4.67],[-3.711,0.671],[-0.452,-4.321],[-0.505,-2.395],[-2.126,1.491],[2.154,-6.603],[-1.477,-2.157],[8.714,-15.253],[-0.453,5.934],[1.061,2.116],[14.264,-0.085]],"v":[[-7.575,20.04],[-12.008,14.729],[-21.61,26.107],[-23.339,15.208],[-27.351,13.258],[-34.167,23.452],[-33.035,8.794],[-41.346,12.982],[-14.548,-21.773],[-13.951,-6.749],[-2.836,-0.419]],"c":true}]},{"i":{"x":0.667,"y":1},"o":{"x":0.333,"y":0},"t":13,"s":[{"i":[[11.62,6.74],[4.87,-0.05],[1.01,-6.36],[2.79,3.62],[3.84,-0.59],[0.4,-5.13],[4.85,3.95],[4.79,-3.97],[-14.18,4.85],[-5.39,-5.02],[-8.841,-2.44]],"o":[[-3.43,-4.67],[-4.88,0.05],[-1.41,-4.83],[-2.79,-3.61],[-3.84,0.58],[0.41,-7.53],[-4.85,-3.95],[9.49,-14.84],[3.02,7.78],[3.87,3.61],[19.219,2.55]],"v":[[-7.575,20.04],[-20.485,11.92],[-31.325,22.64],[-37.345,9.46],[-47.845,4.06],[-56.455,13.3],[-63.885,-5.91],[-80.015,-5.88],[-42.525,-34.95],[-30.895,-14.06],[-10.924,-3.02]],"c":true}]},{"i":{"x":0.667,"y":1},"o":{"x":0.333,"y":0},"t":23,"s":[{"i":[[11.62,6.74],[3.704,-0.67],[1.581,-6.056],[0.506,2.399],[2.127,-1.492],[1.529,-4.529],[1.477,2.157],[3.49,-4.661],[-8.551,7.843],[-1.476,-2.945],[-6.399,-1.142]],"o":[[-3.43,-4.67],[-3.711,0.672],[-0.452,-4.321],[-0.505,-2.395],[-2.126,1.491],[2.154,-6.603],[-1.477,-2.157],[8.714,-15.253],[-0.453,5.934],[1.061,2.116],[14.264,-0.085]],"v":[[-7.575,20.04],[-12.008,14.729],[-21.61,26.107],[-23.339,15.208],[-27.351,13.258],[-34.167,23.452],[-33.035,8.794],[-41.346,12.982],[-14.548,-21.773],[-13.951,-6.749],[-2.836,-0.419]],"c":true}]},{"t":33,"s":[{"i":[[11.62,6.74],[4.87,-0.05],[1.01,-6.36],[2.79,3.62],[3.84,-0.59],[0.4,-5.13],[4.85,3.95],[4.79,-3.97],[-14.18,4.85],[-5.39,-5.02],[-8.841,-2.44]],"o":[[-3.43,-4.67],[-4.88,0.05],[-1.41,-4.83],[-2.79,-3.61],[-3.84,0.58],[0.41,-7.53],[-4.85,-3.95],[9.49,-14.84],[3.02,7.78],[3.87,3.61],[19.219,2.55]],"v":[[-7.575,20.04],[-20.485,11.92],[-31.325,22.64],[-37.345,9.46],[-47.845,4.06],[-56.455,13.3],[-63.885,-5.91],[-80.015,-5.88],[-42.525,-34.95],[-30.895,-14.06],[-10.924,-3.02]],"c":true}]}],"ix":2},"nm":"Path 1","mn":"ADBE Vector Shape - Group","hd":false},{"ty":"fl","c":{"a":0,"k":[0,0,0,1],"ix":4},"o":{"a":0,"k":100,"ix":5},"r":1,"bm":0,"nm":"Fill 1","mn":"ADBE Vector Graphic - Fill","hd":false},{"ty":"tr","p":{"a":0,"k":[259.955,266.97],"ix":2},"a":{"a":0,"k":[-4.75,9.75],"ix":1},"s":{"a":0,"k":[-100,100],"ix":3},"r":{"a":1,"k":[{"i":{"x":[0.667],"y":[1]},"o":{"x":[0.333],"y":[0]},"t":-10,"s":[-8]},{"i":{"x":[0.667],"y":[1]},"o":{"x":[0.333],"y":[0]},"t":0,"s":[28]},{"i":{"x":[0.667],"y":[1]},"o":{"x":[0.333],"y":[0]},"t":10,"s":[-8]},{"i":{"x":[0.667],"y":[1]},"o":{"x":[0.333],"y":[0]},"t":20,"s":[28]},{"t":30,"s":[-8]}],"ix":6},"o":{"a":0,"k":100,"ix":7},"sk":{"a":0,"k":0,"ix":4},"sa":{"a":0,"k":0,"ix":5},"nm":"Transform"}],"nm":"Wing_R","np":2,"cix":2,"bm":0,"ix":3,"mn":"ADBE Vector Group","hd":false},{"ty":"gr","it":[{"ind":0,"ty":"sh","ix":1,"ks":{"a":1,"k":[{"i":{"x":0.667,"y":1},"o":{"x":0.333,"y":0},"t":-7,"s":[{"i":[[11.62,6.74],[4.87,-0.05],[1.01,-6.36],[2.79,3.62],[3.84,-0.59],[0.4,-5.13],[4.85,3.95],[4.79,-3.97],[-14.18,4.85],[-5.39,-5.02],[-8.841,-2.44]],"o":[[-3.43,-4.67],[-4.88,0.05],[-1.41,-4.83],[-2.79,-3.61],[-3.84,0.58],[0.41,-7.53],[-4.85,-3.95],[9.49,-14.84],[3.02,7.78],[3.87,3.61],[19.219,2.55]],"v":[[-7.575,20.04],[-20.485,11.92],[-31.325,22.64],[-37.345,9.46],[-47.845,4.06],[-56.455,13.3],[-63.885,-5.91],[-80.015,-5.88],[-42.525,-34.95],[-30.895,-14.06],[-10.924,-3.02]],"c":true}]},{"i":{"x":0.667,"y":1},"o":{"x":0.333,"y":0},"t":3,"s":[{"i":[[11.62,6.74],[3.703,-0.67],[1.581,-6.056],[0.506,2.399],[2.127,-1.492],[1.529,-4.529],[1.477,2.157],[3.49,-4.661],[-8.55,7.843],[-1.476,-2.945],[-6.399,-1.142]],"o":[[-3.43,-4.67],[-3.711,0.672],[-0.452,-4.321],[-0.505,-2.395],[-2.126,1.491],[2.154,-6.603],[-1.477,-2.157],[8.714,-15.253],[-0.453,5.934],[1.061,2.116],[14.264,-0.085]],"v":[[-8.355,19.671],[-12.788,14.359],[-22.39,25.737],[-24.119,14.839],[-28.131,12.889],[-34.947,23.083],[-33.815,8.425],[-42.126,12.612],[-15.327,-22.142],[-14.731,-7.119],[-3.616,-0.788]],"c":true}]},{"i":{"x":0.667,"y":1},"o":{"x":0.333,"y":0},"t":13,"s":[{"i":[[11.62,6.74],[4.87,-0.05],[1.01,-6.36],[2.79,3.62],[3.84,-0.59],[0.4,-5.13],[4.85,3.95],[4.79,-3.97],[-14.18,4.85],[-5.39,-5.02],[-8.841,-2.44]],"o":[[-3.43,-4.67],[-4.88,0.05],[-1.41,-4.83],[-2.79,-3.61],[-3.84,0.58],[0.41,-7.53],[-4.85,-3.95],[9.49,-14.84],[3.02,7.78],[3.87,3.61],[19.219,2.55]],"v":[[-7.575,20.04],[-20.485,11.92],[-31.325,22.64],[-37.345,9.46],[-47.845,4.06],[-56.455,13.3],[-63.885,-5.91],[-80.015,-5.88],[-42.525,-34.95],[-30.895,-14.06],[-10.924,-3.02]],"c":true}]},{"i":{"x":0.667,"y":1},"o":{"x":0.333,"y":0},"t":23,"s":[{"i":[[11.62,6.74],[3.703,-0.67],[1.581,-6.056],[0.506,2.399],[2.127,-1.492],[1.529,-4.529],[1.477,2.157],[3.49,-4.661],[-8.55,7.843],[-1.476,-2.945],[-6.399,-1.142]],"o":[[-3.43,-4.67],[-3.711,0.672],[-0.452,-4.321],[-0.505,-2.395],[-2.126,1.491],[2.154,-6.603],[-1.477,-2.157],[8.714,-15.253],[-0.453,5.934],[1.061,2.116],[14.264,-0.085]],"v":[[-8.355,19.671],[-12.788,14.359],[-22.39,25.737],[-24.119,14.839],[-28.131,12.889],[-34.947,23.083],[-33.815,8.425],[-42.126,12.612],[-15.327,-22.142],[-14.731,-7.119],[-3.616,-0.788]],"c":true}]},{"t":33,"s":[{"i":[[11.62,6.74],[4.87,-0.05],[1.01,-6.36],[2.79,3.62],[3.84,-0.59],[0.4,-5.13],[4.85,3.95],[4.79,-3.97],[-14.18,4.85],[-5.39,-5.02],[-8.841,-2.44]],"o":[[-3.43,-4.67],[-4.88,0.05],[-1.41,-4.83],[-2.79,-3.61],[-3.84,0.58],[0.41,-7.53],[-4.85,-3.95],[9.49,-14.84],[3.02,7.78],[3.87,3.61],[19.219,2.55]],"v":[[-7.575,20.04],[-20.485,11.92],[-31.325,22.64],[-37.345,9.46],[-47.845,4.06],[-56.455,13.3],[-63.885,-5.91],[-80.015,-5.88],[-42.525,-34.95],[-30.895,-14.06],[-10.924,-3.02]],"c":true}]}],"ix":2},"nm":"Path 1","mn":"ADBE Vector Shape - Group","hd":false},{"ty":"fl","c":{"a":0,"k":[0,0,0,1],"ix":4},"o":{"a":0,"k":100,"ix":5},"r":1,"bm":0,"nm":"Fill 1","mn":"ADBE Vector Graphic - Fill","hd":false},{"ty":"tr","p":{"a":0,"k":[250.455,267.22],"ix":2},"a":{"a":0,"k":[-4.75,10],"ix":1},"s":{"a":0,"k":[100,100],"ix":3},"r":{"a":1,"k":[{"i":{"x":[0.667],"y":[1]},"o":{"x":[0.333],"y":[0]},"t":-10,"s":[8]},{"i":{"x":[0.667],"y":[1]},"o":{"x":[0.333],"y":[0]},"t":0,"s":[-28]},{"i":{"x":[0.667],"y":[1]},"o":{"x":[0.333],"y":[0]},"t":10,"s":[8]},{"i":{"x":[0.667],"y":[1]},"o":{"x":[0.333],"y":[0]},"t":20,"s":[-28]},{"t":30,"s":[8]}],"ix":6},"o":{"a":0,"k":100,"ix":7},"sk":{"a":0,"k":0,"ix":4},"sa":{"a":0,"k":0,"ix":5},"nm":"Transform"}],"nm":"Wing_L","np":2,"cix":2,"bm":0,"ix":4,"mn":"ADBE Vector Group","hd":false}],"ip":0,"op":20,"st":0,"bm":0}],"markers":[]}