{"v":"5.5.7","meta":{"g":"LottieFiles AE 0.1.20","a":"","k":"","d":"","tc":""},"fr":25,"ip":0,"op":36,"w":1200,"h":1200,"nm":"Pumpkin Skull Jump","ddd":0,"assets":[],"layers":[{"ddd":0,"ind":1,"ty":3,"nm":"Null 6","sr":1,"ks":{"o":{"a":0,"k":0,"ix":11},"r":{"a":0,"k":0,"ix":10},"p":{"a":0,"k":[600,674,0],"ix":2},"a":{"a":0,"k":[0,0,0],"ix":1},"s":{"a":0,"k":[100,100,100],"ix":6}},"ao":0,"ip":0,"op":36,"st":0,"bm":0},{"ddd":0,"ind":2,"ty":4,"nm":"Characters","parent":1,"sr":1,"ks":{"o":{"a":0,"k":100,"ix":11},"r":{"a":0,"k":0,"ix":10},"p":{"a":1,"k":[{"i":{"x":0,"y":1},"o":{"x":1,"y":0},"t":0,"s":[2.743,276.713,0],"to":[0,-55.667,0],"ti":[0,55.667,0]},{"i":{"x":0.95,"y":0.95},"o":{"x":1,"y":1},"t":5,"s":[2.743,-57.287,0],"to":[0,0,0],"ti":[0,0,0]},{"i":{"x":0.95,"y":1},"o":{"x":1,"y":0},"t":6,"s":[2.743,-57.287,0],"to":[0,64,0],"ti":[0,0,0]},{"i":{"x":0,"y":1},"o":{"x":1,"y":0},"t":18,"s":[2.743,326.713,0],"to":[0,0,0],"ti":[0,64,0]},{"i":{"x":0.95,"y":0.95},"o":{"x":1,"y":1},"t":24,"s":[2.743,-57.287,0],"to":[0,0,0],"ti":[0,0,0]},{"i":{"x":0.95,"y":1},"o":{"x":1,"y":0},"t":25,"s":[2.743,-57.287,0],"to":[0,55.667,0],"ti":[0,-55.667,0]},{"t":36,"s":[2.743,276.713,0]}],"ix":2},"a":{"a":0,"k":[0,0,0],"ix":1},"s":{"a":0,"k":[100,100,100],"ix":6}},"ao":0,"shapes":[{"ty":"gr","it":[{"ind":0,"ty":"sh","ix":1,"ks":{"a":1,"k":[{"i":{"x":0.5,"y":1},"o":{"x":0.5,"y":0},"t":0,"s":[{"i":[[-51.5,1],[0,-35.622],[47.5,2],[0,35.622]],"o":[[50.846,-0.987],[0,35.622],[-50.495,-2.126],[0,-35.622]],"v":[[-5,49.5],[82.5,120],[-3,91.5],[-79.5,121]],"c":true}]},{"i":{"x":0.5,"y":1},"o":{"x":0.5,"y":0},"t":5.143,"s":[{"i":[[-34.5,5],[0,-35.622],[38.5,7],[0,35.622]],"o":[[35.254,-5.109],[0,35.622],[-35.048,-6.372],[0,-35.622]],"v":[[2,-59.5],[74.5,8],[2,78.5],[-71.5,13]],"c":true}]},{"i":{"x":0.5,"y":1},"o":{"x":0.5,"y":0},"t":18,"s":[{"i":[[-34.5,5],[0,-35.622],[38.5,7],[0,35.622]],"o":[[35.254,-5.109],[0,35.622],[-35.048,-6.372],[0,-35.622]],"v":[[2,-59.5],[74.5,8],[2,78.5],[-71.5,13]],"c":true}]},{"t":24,"s":[{"i":[[-51.5,1],[0,-35.622],[47.5,2],[0,35.622]],"o":[[50.846,-0.987],[0,35.622],[-50.495,-2.126],[0,-35.622]],"v":[[-5,49.5],[82.5,120],[-3,91.5],[-79.5,121]],"c":true}]}],"ix":2},"nm":"Path 1","mn":"ADBE Vector Shape - Group","hd":false},{"ty":"fl","c":{"a":0,"k":[0.207843137255,0.106838570389,0.073356396544,1],"ix":4},"o":{"a":0,"k":100,"ix":5},"r":1,"bm":0,"nm":"Fill 1","mn":"ADBE Vector Graphic - Fill","hd":false},{"ty":"tr","p":{"a":0,"k":[93.757,-266.213],"ix":2},"a":{"a":0,"k":[0,0],"ix":1},"s":{"a":0,"k":[100,100],"ix":3},"r":{"a":0,"k":0,"ix":6},"o":{"a":0,"k":100,"ix":7},"sk":{"a":0,"k":0,"ix":4},"sa":{"a":0,"k":0,"ix":5},"nm":"Transform"}],"nm":"Eye L","np":3,"cix":2,"bm":0,"ix":1,"mn":"ADBE Vector Group","hd":false},{"ty":"gr","it":[{"ind":0,"ty":"sh","ix":1,"ks":{"a":1,"k":[{"i":{"x":0.5,"y":1},"o":{"x":0.5,"y":0},"t":0,"s":[{"i":[[-51.5,1],[0,-35.622],[47.5,2],[0,35.622]],"o":[[50.846,-0.987],[0,35.622],[-50.495,-2.126],[0,-35.622]],"v":[[-5,49.5],[82.5,120],[-3,91.5],[-79.5,121]],"c":true}]},{"i":{"x":0.5,"y":1},"o":{"x":0.5,"y":0},"t":5.143,"s":[{"i":[[-34.5,5],[0,-35.622],[38.5,7],[0,35.622]],"o":[[35.254,-5.109],[0,35.622],[-35.048,-6.372],[0,-35.622]],"v":[[2,-59.5],[74.5,8],[2,78.5],[-71.5,13]],"c":true}]},{"i":{"x":0.5,"y":1},"o":{"x":0.5,"y":0},"t":18,"s":[{"i":[[-34.5,5],[0,-35.622],[38.5,7],[0,35.622]],"o":[[35.254,-5.109],[0,35.622],[-35.048,-6.372],[0,-35.622]],"v":[[2,-59.5],[74.5,8],[2,78.5],[-71.5,13]],"c":true}]},{"t":24,"s":[{"i":[[-51.5,1],[0,-35.622],[47.5,2],[0,35.622]],"o":[[50.846,-0.987],[0,35.622],[-50.495,-2.126],[0,-35.622]],"v":[[-5,49.5],[82.5,120],[-3,91.5],[-79.5,121]],"c":true}]}],"ix":2},"nm":"Path 1","mn":"ADBE Vector Shape - Group","hd":false},{"ty":"fl","c":{"a":0,"k":[0.207843137255,0.106838570389,0.073356396544,1],"ix":4},"o":{"a":0,"k":100,"ix":5},"r":1,"bm":0,"nm":"Fill 1","mn":"ADBE Vector Graphic - Fill","hd":false},{"ty":"tr","p":{"a":0,"k":[-96.243,-266.213],"ix":2},"a":{"a":0,"k":[0,0],"ix":1},"s":{"a":0,"k":[100,100],"ix":3},"r":{"a":0,"k":0,"ix":6},"o":{"a":0,"k":100,"ix":7},"sk":{"a":0,"k":0,"ix":4},"sa":{"a":0,"k":0,"ix":5},"nm":"Transform"}],"nm":"Eye R","np":3,"cix":2,"bm":0,"ix":2,"mn":"ADBE Vector Group","hd":false},{"ty":"gr","it":[{"ind":0,"ty":"sh","ix":1,"ks":{"a":1,"k":[{"i":{"x":0.5,"y":1},"o":{"x":0.5,"y":0},"t":0,"s":[{"i":[[0,0],[0,0],[0,0],[0,0],[0,0],[0,0],[0,0],[0,0],[-0.988,-32.543],[2.257,101.287]],"o":[[0,0],[0,0],[0,0],[0,0],[0,0],[0,0],[0,0],[0,0],[3.257,107.287],[-0.94,-42.169]],"v":[[73,48],[65,97],[41,97],[33,49],[-30,49],[-40,98],[-69,98],[-76,48],[-152,84],[151,90]],"c":true}]},{"i":{"x":0.5,"y":1},"o":{"x":0.5,"y":0},"t":5.143,"s":[{"i":[[0,0],[0,0],[0,0],[0,0],[0,0],[0,0],[0,0],[0,0],[-36.428,23.126],[-15.179,-9.238]],"o":[[0,0],[0,0],[0,0],[0,0],[0,0],[0,0],[0,0],[0,0],[14.513,-9.213],[44.013,26.787]],"v":[[-1.257,-78.5],[-1.757,-78],[-1.756,-77.5],[-0.757,-78.5],[-1.257,-78],[-0.757,-78.5],[-1.257,-77.5],[-0.757,-78.5],[-30.257,3.5],[21.243,1.5]],"c":true}]},{"i":{"x":0.5,"y":1},"o":{"x":0.5,"y":0},"t":18,"s":[{"i":[[0,0],[0,0],[0,0],[0,0],[0,0],[0,0],[0,0],[0,0],[-36.428,23.126],[-15.179,-9.238]],"o":[[0,0],[0,0],[0,0],[0,0],[0,0],[0,0],[0,0],[0,0],[14.513,-9.213],[44.013,26.787]],"v":[[-1.257,-78.5],[-1.757,-78],[-1.756,-77.5],[-0.757,-78.5],[-1.257,-78],[-0.757,-78.5],[-1.257,-77.5],[-0.757,-78.5],[-30.257,3.5],[21.243,1.5]],"c":true}]},{"t":24,"s":[{"i":[[0,0],[0,0],[0,0],[0,0],[0,0],[0,0],[0,0],[0,0],[-0.988,-32.543],[2.257,101.287]],"o":[[0,0],[0,0],[0,0],[0,0],[0,0],[0,0],[0,0],[0,0],[3.257,107.287],[-0.94,-42.169]],"v":[[73,48],[65,97],[41,97],[33,49],[-30,49],[-40,98],[-69,98],[-76,48],[-152,84],[151,90]],"c":true}]}],"ix":2},"nm":"Path 1","mn":"ADBE Vector Shape - Group","hd":false},{"ty":"fl","c":{"a":0,"k":[0.207843137255,0.106838570389,0.073356396544,1],"ix":4},"o":{"a":0,"k":100,"ix":5},"r":1,"bm":0,"nm":"Fill 1","mn":"ADBE Vector Graphic - Fill","hd":false},{"ty":"tr","p":{"a":0,"k":[0,-120],"ix":2},"a":{"a":0,"k":[0,0],"ix":1},"s":{"a":0,"k":[100,100],"ix":3},"r":{"a":0,"k":0,"ix":6},"o":{"a":0,"k":100,"ix":7},"sk":{"a":0,"k":0,"ix":4},"sa":{"a":0,"k":0,"ix":5},"nm":"Transform"}],"nm":"Mouth/Nose","np":3,"cix":2,"bm":0,"ix":3,"mn":"ADBE Vector Group","hd":false},{"ty":"gr","it":[{"ind":0,"ty":"sh","ix":1,"ks":{"a":1,"k":[{"i":{"x":0.5,"y":1},"o":{"x":0.5,"y":0},"t":0,"s":[{"i":[[72.828,-92.162],[28.557,-74.695],[19.493,-94.715],[-56.743,-47.713],[-29.433,40.768],[-10.83,34.835],[-46.347,73.774],[21.304,70.642]],"o":[[-31.172,-66.162],[-58.7,-94.982],[-25.013,121.535],[49.08,41.269],[17.567,51.768],[14.17,31.835],[48.236,-76.782],[-20.919,-69.367]],"v":[[92.428,-273.551],[-79.3,-267.018],[-267.493,-227.285],[-190,78],[-45.567,64.232],[47.83,66.165],[204.347,58.226],[273.953,-228.355]],"c":true}]},{"i":{"x":0.5,"y":1},"o":{"x":0.5,"y":0},"t":5.143,"s":[{"i":[[67.172,32.162],[92.971,-25.122],[-2.956,-84.38],[-56.743,44.287],[-29.433,40.768],[-10.83,34.835],[104.91,130.061],[3.304,110.642]],"o":[[-67.172,-32.162],[-71.443,19.305],[4.75,135.571],[-54.743,130.287],[17.567,51.768],[17.426,40.122],[96.91,68.061],[-3.103,-103.928]],"v":[[146.428,-391.551],[-141.3,-401.018],[-279.493,-211.285],[-106,-60],[-41.567,28.232],[35.83,30.165],[66.347,-69.774],[267.953,-218.355]],"c":true}]},{"i":{"x":0.5,"y":1},"o":{"x":0.5,"y":0},"t":18,"s":[{"i":[[67.172,32.162],[92.971,-25.122],[-2.956,-84.38],[-56.743,44.287],[-29.433,40.768],[-10.83,34.835],[104.91,130.061],[3.304,110.642]],"o":[[-67.172,-32.162],[-71.443,19.305],[4.75,135.571],[-54.743,130.287],[17.567,51.768],[17.426,40.122],[96.91,68.061],[-3.103,-103.928]],"v":[[146.428,-391.551],[-141.3,-401.018],[-279.493,-211.285],[-106,-60],[-41.567,28.232],[35.83,30.165],[66.347,-69.774],[267.953,-218.355]],"c":true}]},{"t":24,"s":[{"i":[[72.828,-92.162],[28.557,-74.695],[19.493,-94.715],[-56.743,-47.713],[-29.433,40.768],[-10.83,34.835],[-46.347,73.774],[21.304,70.642]],"o":[[-31.172,-66.162],[-58.7,-94.982],[-25.013,121.535],[49.08,41.269],[17.567,51.768],[14.17,31.835],[48.236,-76.782],[-20.919,-69.367]],"v":[[92.428,-273.551],[-79.3,-267.018],[-267.493,-227.285],[-190,78],[-45.567,64.232],[47.83,66.165],[204.347,58.226],[273.953,-228.355]],"c":true}]}],"ix":2},"nm":"Path 1","mn":"ADBE Vector Shape - Group","hd":false},{"ty":"gf","o":{"a":0,"k":100,"ix":10},"r":1,"bm":0,"g":{"p":3,"k":{"a":1,"k":[{"i":{"x":0,"y":1},"o":{"x":1,"y":0},"t":0,"s":[0,1,0.276,0.036,0.73,0.58,0.16,0.021,1,0.161,0.044,0.006]},{"i":{"x":0,"y":1},"o":{"x":1,"y":0},"t":5,"s":[0,1,1,1,0.618,0.58,0.522,0.503,1,0.161,0.044,0.006]},{"i":{"x":0,"y":1},"o":{"x":1,"y":0},"t":18,"s":[0,1,1,1,0.618,0.58,0.522,0.503,1,0.161,0.044,0.006]},{"t":24,"s":[0,1,0.276,0.036,0.73,0.58,0.16,0.021,1,0.161,0.044,0.006]}],"ix":9}},"s":{"a":0,"k":[8,-249.067],"ix":5},"e":{"a":0,"k":[12.8,1366.64],"ix":6},"t":2,"h":{"a":0,"k":0,"ix":7},"a":{"a":0,"k":0,"ix":8},"nm":"Gradient Fill 1","mn":"ADBE Vector Graphic - G-Fill","hd":false},{"ty":"tr","p":{"a":0,"k":[0,0],"ix":2},"a":{"a":0,"k":[0,0],"ix":1},"s":{"a":0,"k":[100,100],"ix":3},"r":{"a":0,"k":0,"ix":6},"o":{"a":0,"k":100,"ix":7},"sk":{"a":0,"k":0,"ix":4},"sa":{"a":0,"k":0,"ix":5},"nm":"Transform"}],"nm":"Body","np":3,"cix":2,"bm":0,"ix":4,"mn":"ADBE Vector Group","hd":false}],"ip":0,"op":36,"st":0,"bm":0},{"ddd":0,"ind":3,"ty":4,"nm":"Mask","parent":1,"td":1,"sr":1,"ks":{"o":{"a":0,"k":100,"ix":11},"r":{"a":0,"k":0,"ix":10},"p":{"a":0,"k":[3.666,376.375,0],"ix":2},"a":{"a":0,"k":[3.666,376.375,0],"ix":1},"s":{"a":1,"k":[{"i":{"x":[0,0,0],"y":[1,1,1]},"o":{"x":[0.05,0.05,0.05],"y":[0,0,0]},"t":0,"s":[100,100,100]},{"i":{"x":[0.95,0.95,0.95],"y":[1,1,1]},"o":{"x":[0.05,0.05,0.05],"y":[0,0,0]},"t":5,"s":[66,66,100]},{"i":{"x":[0,0,0],"y":[1,1,1]},"o":{"x":[1,1,1],"y":[0,0,0]},"t":6,"s":[66,66,100]},{"i":{"x":[0,0,0],"y":[1,1,1]},"o":{"x":[0.05,0.05,0.05],"y":[0,0,0]},"t":18,"s":[100,100,100]},{"i":{"x":[0.95,0.95,0.95],"y":[1,1,1]},"o":{"x":[0.05,0.05,0.05],"y":[0,0,0]},"t":24,"s":[66,66,100]},{"i":{"x":[0.95,0.95,0.95],"y":[1,1,1]},"o":{"x":[1,1,1],"y":[0,0,0]},"t":25,"s":[66,66,100]},{"t":35,"s":[100,100,100]}],"ix":6}},"ao":0,"shapes":[{"ty":"gr","it":[{"ind":0,"ty":"sh","ix":1,"ks":{"a":0,"k":{"i":[[-1811.615,7.5],[0,-12.823],[188.969,0],[0,12.823]],"o":[[1772.154,-7.336],[0,12.823],[-188.969,0],[0,-12.823]],"v":[[-18.181,-1598.976],[342.158,0],[0,23.218],[-342.159,0]],"c":true},"ix":2},"nm":"Path 1","mn":"ADBE Vector Shape - Group","hd":false},{"ty":"fl","c":{"a":0,"k":[0.207843137255,0.106838570389,0.073356396544,1],"ix":4},"o":{"a":0,"k":100,"ix":5},"r":1,"bm":0,"nm":"Fill 1","mn":"ADBE Vector Graphic - Fill","hd":false},{"ty":"tr","p":{"a":0,"k":[3.666,376.375],"ix":2},"a":{"a":0,"k":[0,0],"ix":1},"s":{"a":0,"k":[100,100],"ix":3},"r":{"a":0,"k":0,"ix":6},"o":{"a":0,"k":100,"ix":7},"sk":{"a":0,"k":0,"ix":4},"sa":{"a":0,"k":0,"ix":5},"nm":"Transform"}],"nm":"Ellipse 1","np":3,"cix":2,"bm":0,"ix":1,"mn":"ADBE Vector Group","hd":false}],"ip":0,"op":36,"st":0,"bm":0},{"ddd":0,"ind":4,"ty":4,"nm":"BG","tt":1,"sr":1,"ks":{"o":{"a":0,"k":100,"ix":11},"r":{"a":0,"k":0,"ix":10},"p":{"a":1,"k":[{"i":{"x":0,"y":1},"o":{"x":0.05,"y":0},"t":2,"s":[637.749,805.822,0],"to":[0,-63.333,0],"ti":[0,63.333,0]},{"i":{"x":0.95,"y":0.95},"o":{"x":0.05,"y":0.05},"t":5,"s":[637.749,425.822,0],"to":[0,0,0],"ti":[0,0,0]},{"i":{"x":0.95,"y":1},"o":{"x":1,"y":0},"t":6,"s":[637.749,425.822,0],"to":[0,63.333,0],"ti":[0,-5.167,0]},{"i":{"x":0,"y":1},"o":{"x":1,"y":0},"t":18,"s":[637.749,805.822,0],"to":[0,5.167,0],"ti":[0,58.167,0]},{"i":{"x":0.95,"y":0.95},"o":{"x":0.05,"y":0.05},"t":24,"s":[637.749,456.822,0],"to":[0,0,0],"ti":[0,0,0]},{"i":{"x":0.95,"y":1},"o":{"x":1,"y":0},"t":25,"s":[637.749,456.822,0],"to":[0,58.167,0],"ti":[0,-58.167,0]},{"t":36,"s":[637.749,805.822,0]}],"ix":2},"a":{"a":0,"k":[0,0,0],"ix":1},"s":{"a":0,"k":[103,103,100],"ix":6}},"ao":0,"shapes":[{"ty":"gr","it":[{"ind":0,"ty":"sh","ix":1,"ks":{"a":1,"k":[{"i":{"x":0,"y":1},"o":{"x":0.05,"y":0},"t":0,"s":[{"i":[[-179.493,0],[0,-179.493],[179.493,0],[0,179.493]],"o":[[179.493,0],[0,179.493],[-179.493,0],[0,-179.493]],"v":[[0,-325],[325,0],[0,325],[-325,0]],"c":true}]},{"i":{"x":0.95,"y":1},"o":{"x":0.05,"y":0},"t":5,"s":[{"i":[[-179.493,0],[0,-179.493],[179.493,0],[0,179.492]],"o":[[179.493,0],[0,179.492],[-179.493,0],[0,-179.493]],"v":[[1.698,-262.864],[325,0],[7.767,247.33],[-325,0]],"c":true}]},{"i":{"x":0,"y":1},"o":{"x":1,"y":0},"t":6,"s":[{"i":[[-179.493,0],[0,-179.493],[179.493,0],[0,179.492]],"o":[[179.493,0],[0,179.492],[-179.493,0],[0,-179.493]],"v":[[1.698,-262.864],[325,0],[7.767,247.33],[-325,0]],"c":true}]},{"i":{"x":0,"y":1},"o":{"x":0.05,"y":0},"t":20,"s":[{"i":[[-179.493,0],[0,-179.493],[179.493,0],[0,179.493]],"o":[[179.493,0],[0,179.493],[-179.493,0],[0,-179.493]],"v":[[0,-325],[325,0],[0,325],[-325,0]],"c":true}]},{"i":{"x":0.95,"y":1},"o":{"x":0.05,"y":0},"t":25,"s":[{"i":[[-179.493,0],[0,-179.493],[179.493,0],[0,179.492]],"o":[[179.493,0],[0,179.492],[-179.493,0],[0,-179.493]],"v":[[1.698,-262.864],[325,0],[9.465,321.116],[-325,0]],"c":true}]},{"i":{"x":0.95,"y":1},"o":{"x":1,"y":0},"t":26,"s":[{"i":[[-179.493,0],[0,-179.493],[179.493,0],[0,179.492]],"o":[[179.493,0],[0,179.492],[-179.493,0],[0,-179.493]],"v":[[1.698,-262.864],[325,0],[9.465,321.116],[-325,0]],"c":true}]},{"t":35,"s":[{"i":[[-179.493,0],[0,-179.493],[179.493,0],[0,179.493]],"o":[[179.493,0],[0,179.493],[-179.493,0],[0,-179.493]],"v":[[0,-325],[325,0],[0,325],[-325,0]],"c":true}]}],"ix":2},"nm":"Path 1","mn":"ADBE Vector Shape - Group","hd":false},{"ty":"fl","c":{"a":0,"k":[0.262745098039,0.045042019264,0.015014007045,1],"ix":4},"o":{"a":0,"k":100,"ix":5},"r":1,"bm":0,"nm":"Fill 1","mn":"ADBE Vector Graphic - Fill","hd":false},{"ty":"tr","p":{"a":0,"k":[-36.649,15.707],"ix":2},"a":{"a":0,"k":[0,0],"ix":1},"s":{"a":0,"k":[100,100],"ix":3},"r":{"a":0,"k":0,"ix":6},"o":{"a":0,"k":100,"ix":7},"sk":{"a":0,"k":0,"ix":4},"sa":{"a":0,"k":0,"ix":5},"nm":"Transform"}],"nm":"Ellipse 1","np":3,"cix":2,"bm":0,"ix":1,"mn":"ADBE Vector Group","hd":false}],"ip":0,"op":125,"st":0,"bm":0},{"ddd":0,"ind":5,"ty":4,"nm":"Shadow","parent":1,"sr":1,"ks":{"o":{"a":0,"k":100,"ix":11},"r":{"a":0,"k":0,"ix":10},"p":{"a":0,"k":[3.666,376.375,0],"ix":2},"a":{"a":0,"k":[3.666,376.375,0],"ix":1},"s":{"a":1,"k":[{"i":{"x":[0,0,0],"y":[1,1,1]},"o":{"x":[0.05,0.05,0.05],"y":[0,0,0]},"t":0,"s":[100,100,100]},{"i":{"x":[0.95,0.95,0.95],"y":[1,1,1]},"o":{"x":[0.05,0.05,0.05],"y":[0,0,0]},"t":5,"s":[66,66,100]},{"i":{"x":[0,0,0],"y":[1,1,1]},"o":{"x":[1,1,1],"y":[0,0,0]},"t":6,"s":[66,66,100]},{"i":{"x":[0,0,0],"y":[1,1,1]},"o":{"x":[0.05,0.05,0.05],"y":[0,0,0]},"t":18,"s":[100,100,100]},{"i":{"x":[0.95,0.95,0.95],"y":[1,1,1]},"o":{"x":[0.05,0.05,0.05],"y":[0,0,0]},"t":24,"s":[66,66,100]},{"i":{"x":[0.95,0.95,0.95],"y":[1,1,1]},"o":{"x":[1,1,1],"y":[0,0,0]},"t":25,"s":[66,66,100]},{"t":35,"s":[100,100,100]}],"ix":6}},"ao":0,"shapes":[{"ty":"gr","it":[{"d":1,"ty":"el","s":{"a":0,"k":[684.318,46.436],"ix":2},"p":{"a":0,"k":[0,0],"ix":3},"nm":"Ellipse Path 1","mn":"ADBE Vector Shape - Ellipse","hd":false},{"ty":"fl","c":{"a":0,"k":[0.207843137255,0.106838570389,0.073356396544,1],"ix":4},"o":{"a":0,"k":100,"ix":5},"r":1,"bm":0,"nm":"Fill 1","mn":"ADBE Vector Graphic - Fill","hd":false},{"ty":"tr","p":{"a":0,"k":[3.666,376.375],"ix":2},"a":{"a":0,"k":[0,0],"ix":1},"s":{"a":0,"k":[100,100],"ix":3},"r":{"a":0,"k":0,"ix":6},"o":{"a":0,"k":100,"ix":7},"sk":{"a":0,"k":0,"ix":4},"sa":{"a":0,"k":0,"ix":5},"nm":"Transform"}],"nm":"Ellipse 1","np":3,"cix":2,"bm":0,"ix":1,"mn":"ADBE Vector Group","hd":false}],"ip":0,"op":36,"st":0,"bm":0}],"markers":[]}