[{
  "version": "1.0",
  "image": {
    "name": "/home/videosdownloader/public_html/image/public/uploadt/pumpkin.gif",
    "baseName": "pumpkin.gif",
    "format": "GIF",
    "formatDescription": "GIF",
    "mimeType": "image/gif",
    "class": "PseudoClass",
    "geometry": {
      "width": 420,
      "height": 480,
      "x": 0,
      "y": 0
    },
    "units": "Undefined",
    "type": "GrayscaleAlpha",
    "baseType": "Undefined",
    "endianness": "Undefined",
    "colorspace": "sRGB",
    "depth": 8,
    "baseDepth": 8,
    "channelDepth": {
      "alpha": 1,
      "red": 8,
      "green": 8,
      "blue": 1
    },
    "pixels": 806400,
    "imageStatistics": {
      "Overall": {
        "min": 0,
        "max": 255,
        "mean": 114.269,
        "median": 69,
        "standardDeviation": 20390.2,
        "kurtosis": -1.92454,
        "skewness": 0.268798,
        "entropy": 0.117961
      }
    },
    "channelStatistics": {
      "alpha": {
        "min": 255,
        "max": 255,
        "mean": 255,
        "median": 255,
        "standardDeviation": 0,
        "kurtosis": 8.192e+51,
        "skewness": 1e+36,
        "entropy": 0
      },
      "red": {
        "min": 0,
        "max": 255,
        "mean": 67.3581,
        "median": 7,
        "standardDeviation": 27187,
        "kurtosis": -0.579733,
        "skewness": 1.18861,
        "entropy": 0.157281
      },
      "green": {
        "min": 0,
        "max": 255,
        "mean": 67.3581,
        "median": 7,
        "standardDeviation": 27187,
        "kurtosis": -0.579733,
        "skewness": 1.18861,
        "entropy": 0.157281
      },
      "blue": {
        "min": 0,
        "max": 255,
        "mean": 67.3581,
        "median": 7,
        "standardDeviation": 27187,
        "kurtosis": -0.579733,
        "skewness": 1.18861,
        "entropy": 0.157281
      }
    },
    "colormapEntries": 256,
    "colormap": [
      "#000000FF","#010101FF","#020202FF","#030303FF","#040404FF",
      "#050505FF","#060606FF","#070707FF","#080808FF","#090909FF",
      "#0A0A0AFF","#0B0B0BFF","#0C0C0CFF","#0D0D0DFF","#0E0E0EFF",
      "#0F0F0FFF","#101010FF","#111111FF","#121212FF","#131313FF",
      "#141414FF","#151515FF","#161616FF","#171717FF","#181818FF",
      "#191919FF","#1A1A1AFF","#1B1B1BFF","#1C1C1CFF","#1D1D1DFF",
      "#1E1E1EFF","#1F1F1FFF","#202020FF","#212121FF","#222222FF",
      "#232323FF","#242424FF","#252525FF","#262626FF","#272727FF",
      "#282828FF","#292929FF","#2A2A2AFF","#2B2B2BFF","#2C2C2CFF",
      "#2D2D2DFF","#2E2E2EFF","#2F2F2FFF","#303030FF","#313131FF",
      "#323232FF","#333333FF","#343434FF","#353535FF","#363636FF",
      "#373737FF","#383838FF","#393939FF","#3A3A3AFF","#3B3B3BFF",
      "#3C3C3CFF","#3D3D3DFF","#3E3E3EFF","#3F3F3FFF","#404040FF",
      "#414141FF","#424242FF","#434343FF","#444444FF","#454545FF",
      "#464646FF","#474747FF","#484848FF","#494949FF","#4A4A4AFF",
      "#4B4B4BFF","#4C4C4CFF","#4D4D4DFF","#4E4E4EFF","#4F4F4FFF",
      "#505050FF","#515151FF","#525252FF","#535353FF","#545454FF",
      "#555555FF","#565656FF","#575757FF","#585858FF","#595959FF",
      "#5A5A5AFF","#5B5B5BFF","#5C5C5CFF","#5D5D5DFF","#5E5E5EFF",
      "#5F5F5FFF","#606060FF","#616161FF","#626262FF","#636363FF",
      "#646464FF","#656565FF","#666666FF","#686868FF","#696969FF",
      "#6A6A6AFF","#6B6B6BFF","#6C6C6CFF","#6D6D6DFF","#6E6E6EFF",
      "#6F6F6FFF","#707070FF","#717171FF","#727272FF","#737373FF",
      "#747474FF","#757575FF","#767676FF","#777777FF","#787878FF",
      "#797979FF","#7A7A7AFF","#7B7B7BFF","#7C7C7CFF","#7D7D7DFF",
      "#7E7E7EFF","#7F7F7FFF","#808080FF","#818181FF","#828282FF",
      "#838383FF","#848484FF","#858585FF","#868686FF","#878787FF",
      "#888888FF","#898989FF","#8A8A8AFF","#8B8B8BFF","#8C8C8CFF",
      "#8D8D8DFF","#8E8E8EFF","#8F8F8FFF","#909090FF","#919191FF",
      "#929292FF","#939393FF","#949494FF","#959595FF","#969696FF",
      "#989898FF","#999999FF","#9A9A9AFF","#9B9B9BFF","#9C9C9CFF",
      "#9D9D9DFF","#9E9E9EFF","#9F9F9FFF","#A0A0A0FF","#A1A1A1FF",
      "#A2A2A2FF","#A3A3A3FF","#A4A4A4FF","#A5A5A5FF","#A6A6A6FF",
      "#A7A7A7FF","#A8A8A8FF","#A9A9A9FF","#AAAAAAFF","#ABABABFF",
      "#ACACACFF","#ADADADFF","#AEAEAEFF","#AFAFAFFF","#B0B0B0FF",
      "#B1B1B1FF","#B2B2B2FF","#B3B3B3FF","#B4B4B4FF","#B5B5B5FF",
      "#B6B6B6FF","#B7B7B7FF","#B8B8B8FF","#B9B9B9FF","#BABABAFF",
      "#BBBBBBFF","#BCBCBCFF","#BDBDBDFF","#BEBEBEFF","#BFBFBFFF",
      "#C0C0C0FF","#C1C1C1FF","#C2C2C2FF","#C3C3C3FF","#C4C4C4FF",
      "#C5C5C5FF","#C6C6C6FF","#C7C7C7FF","#C8C8C8FF","#C9C9C9FF",
      "#CACACAFF","#CBCBCBFF","#CCCCCCFF","#CDCDCDFF","#CECECEFF",
      "#CFCFCFFF","#D0D0D0FF","#D1D1D1FF","#D2D2D2FF","#D3D3D3FF",
      "#D4D4D4FF","#D5D5D5FF","#D6D6D6FF","#D7D7D7FF","#D8D8D8FF",
      "#D9D9D9FF","#DADADAFF","#DBDBDBFF","#DCDCDCFF","#DDDDDDFF",
      "#DEDEDEFF","#DFDFDFFF","#E0E0E0FF","#E1E1E1FF","#E2E2E2FF",
      "#E3E3E3FF","#E4E4E4FF","#E5E5E5FF","#E6E6E6FF","#E7E7E7FF",
      "#E8E8E8FF","#E9E9E9FF","#EAEAEAFF","#EBEBEBFF","#ECECECFF",
      "#EDEDEDFF","#EEEEEEFF","#EFEFEFFF","#F0F0F0FF","#F1F1F1FF",
      "#F2F2F2FF","#F3F3F3FF","#F4F4F4FF","#F5F5F5FF","#F6F6F6FF",
      "#F7F7F7FF","#F8F8F8FF","#F9F9F9FF","#FAFAFAFF","#FBFBFBFF",
      "#FCFCFCFF","#FDFDFDFF","#FEFEFEFF","#FFFFFFFF","#979797FF",
      "#00FF0000"
    ],
    "renderingIntent": "Perceptual",
    "gamma": 0.454545,
    "chromaticity": {
      "redPrimary": {
        "x": 0.64,
        "y": 0.33
      },
      "greenPrimary": {
        "x": 0.3,
        "y": 0.6
      },
      "bluePrimary": {
        "x": 0.15,
        "y": 0.06
      },
      "whitePrimary": {
        "x": 0.3127,
        "y": 0.329
      }
    },
    "matteColor": "#BDBDBD",
    "backgroundColor": "#00FF0000",
    "borderColor": "#DFDFDF",
    "transparentColor": "#00FF0000",
    "interlace": "None",
    "intensity": "Undefined",
    "compose": "Over",
    "pageGeometry": {
      "width": 420,
      "height": 480,
      "x": 0,
      "y": 0
    },
    "dispose": "None",
    "delay": "20x100",
    "iterations": 0,
    "scene": 0,
    "scenes": 9,
    "compression": "LZW",
    "orientation": "Undefined",
    "properties": {
      "date:create": "2023-10-01T18:00:55+00:00",
      "date:modify": "2023-10-01T18:00:55+00:00",
      "signature": "75a5a077d0c41fbdc4d9c5a48a869b55e205da85b29cde060aeecf570f6a3d2b"
    },
    "tainted": false,
    "filesize": "0B",
    "numberPixels": "201600",
    "pixelsPerSecond": "2.14017MB",
    "userTime": "0.090u",
    "elapsedTime": "0:01.094",
    "version": "ImageMagick 7.0.10-58 Q16 x86_64 2021-01-14 https://imagemagick.org"
  }
},
{
  "version": "1.0",
  "image": {
    "name": "/home/videosdownloader/public_html/image/public/uploadt/pumpkin.gif",
    "baseName": "pumpkin.gif",
    "format": "GIF",
    "formatDescription": "GIF",
    "mimeType": "image/gif",
    "class": "PseudoClass",
    "geometry": {
      "width": 359,
      "height": 423,
      "x": 0,
      "y": 0
    },
    "units": "Undefined",
    "type": "GrayscaleAlpha",
    "baseType": "Undefined",
    "endianness": "Undefined",
    "colorspace": "sRGB",
    "depth": 8,
    "baseDepth": 8,
    "channelDepth": {
      "alpha": 1,
      "red": 8,
      "green": 8,
      "blue": 1
    },
    "pixels": 607428,
    "imageStatistics": {
      "Overall": {
        "min": 0,
        "max": 255,
        "mean": 161.315,
        "median": 69,
        "standardDeviation": 23699.8,
        "kurtosis": -1.73187,
        "skewness": -0.511774,
        "entropy": 0.161135
      }
    },
    "channelStatistics": {
      "alpha": {
        "min": 255,
        "max": 255,
        "mean": 255,
        "median": 255,
        "standardDeviation": 0,
        "kurtosis": 8.192e+51,
        "skewness": 1e+36,
        "entropy": 0
      },
      "red": {
        "min": 0,
        "max": 255,
        "mean": 130.087,
        "median": 7,
        "standardDeviation": 31599.8,
        "kurtosis": -1.99274,
        "skewness": 0.00549621,
        "entropy": 0.214846
      },
      "green": {
        "min": 0,
        "max": 255,
        "mean": 130.087,
        "median": 7,
        "standardDeviation": 31599.8,
        "kurtosis": -1.99274,
        "skewness": 0.00549621,
        "entropy": 0.214846
      },
      "blue": {
        "min": 0,
        "max": 255,
        "mean": 130.087,
        "median": 7,
        "standardDeviation": 31599.8,
        "kurtosis": -1.99274,
        "skewness": 0.00549621,
        "entropy": 0.214846
      }
    },
    "colormapEntries": 256,
    "colormap": [
      "#000000FF","#010101FF","#020202FF","#030303FF","#040404FF",
      "#050505FF","#060606FF","#070707FF","#080808FF","#090909FF",
      "#0A0A0AFF","#0B0B0BFF","#0C0C0CFF","#0D0D0DFF","#0E0E0EFF",
      "#0F0F0FFF","#101010FF","#111111FF","#121212FF","#131313FF",
      "#141414FF","#151515FF","#161616FF","#171717FF","#181818FF",
      "#191919FF","#1A1A1AFF","#1B1B1BFF","#1C1C1CFF","#1D1D1DFF",
      "#1E1E1EFF","#1F1F1FFF","#202020FF","#212121FF","#222222FF",
      "#232323FF","#242424FF","#252525FF","#262626FF","#272727FF",
      "#282828FF","#292929FF","#2A2A2AFF","#2B2B2BFF","#2C2C2CFF",
      "#2D2D2DFF","#2E2E2EFF","#2F2F2FFF","#303030FF","#313131FF",
      "#323232FF","#333333FF","#343434FF","#353535FF","#363636FF",
      "#373737FF","#383838FF","#393939FF","#3A3A3AFF","#3B3B3BFF",
      "#3C3C3CFF","#3D3D3DFF","#3E3E3EFF","#3F3F3FFF","#404040FF",
      "#414141FF","#424242FF","#434343FF","#444444FF","#454545FF",
      "#464646FF","#474747FF","#484848FF","#494949FF","#4A4A4AFF",
      "#4B4B4BFF","#4C4C4CFF","#4D4D4DFF","#4E4E4EFF","#4F4F4FFF",
      "#505050FF","#515151FF","#525252FF","#535353FF","#545454FF",
      "#555555FF","#565656FF","#575757FF","#585858FF","#595959FF",
      "#5A5A5AFF","#5B5B5BFF","#5C5C5CFF","#5D5D5DFF","#5E5E5EFF",
      "#5F5F5FFF","#606060FF","#616161FF","#626262FF","#636363FF",
      "#646464FF","#656565FF","#666666FF","#686868FF","#696969FF",
      "#6A6A6AFF","#6B6B6BFF","#6C6C6CFF","#6D6D6DFF","#6E6E6EFF",
      "#6F6F6FFF","#707070FF","#717171FF","#727272FF","#737373FF",
      "#747474FF","#757575FF","#767676FF","#777777FF","#787878FF",
      "#797979FF","#7A7A7AFF","#7B7B7BFF","#7C7C7CFF","#7D7D7DFF",
      "#7E7E7EFF","#7F7F7FFF","#808080FF","#818181FF","#828282FF",
      "#838383FF","#848484FF","#858585FF","#868686FF","#878787FF",
      "#888888FF","#898989FF","#8A8A8AFF","#8B8B8BFF","#8C8C8CFF",
      "#8D8D8DFF","#8E8E8EFF","#8F8F8FFF","#909090FF","#919191FF",
      "#929292FF","#939393FF","#949494FF","#959595FF","#969696FF",
      "#989898FF","#999999FF","#9A9A9AFF","#9B9B9BFF","#9C9C9CFF",
      "#9D9D9DFF","#9E9E9EFF","#9F9F9FFF","#A0A0A0FF","#A1A1A1FF",
      "#A2A2A2FF","#A3A3A3FF","#A4A4A4FF","#A5A5A5FF","#A6A6A6FF",
      "#A7A7A7FF","#A8A8A8FF","#A9A9A9FF","#AAAAAAFF","#ABABABFF",
      "#ACACACFF","#ADADADFF","#AEAEAEFF","#AFAFAFFF","#B0B0B0FF",
      "#B1B1B1FF","#B2B2B2FF","#B3B3B3FF","#B4B4B4FF","#B5B5B5FF",
      "#B6B6B6FF","#B7B7B7FF","#B8B8B8FF","#B9B9B9FF","#BABABAFF",
      "#BBBBBBFF","#BCBCBCFF","#BDBDBDFF","#BEBEBEFF","#BFBFBFFF",
      "#C0C0C0FF","#C1C1C1FF","#C2C2C2FF","#C3C3C3FF","#C4C4C4FF",
      "#C5C5C5FF","#C6C6C6FF","#C7C7C7FF","#C8C8C8FF","#C9C9C9FF",
      "#CACACAFF","#CBCBCBFF","#CCCCCCFF","#CDCDCDFF","#CECECEFF",
      "#CFCFCFFF","#D0D0D0FF","#D1D1D1FF","#D2D2D2FF","#D3D3D3FF",
      "#D4D4D4FF","#D5D5D5FF","#D6D6D6FF","#D7D7D7FF","#D8D8D8FF",
      "#D9D9D9FF","#DADADAFF","#DBDBDBFF","#DCDCDCFF","#DDDDDDFF",
      "#DEDEDEFF","#DFDFDFFF","#E0E0E0FF","#E1E1E1FF","#E2E2E2FF",
      "#E3E3E3FF","#E4E4E4FF","#E5E5E5FF","#E6E6E6FF","#E7E7E7FF",
      "#E8E8E8FF","#E9E9E9FF","#EAEAEAFF","#EBEBEBFF","#ECECECFF",
      "#EDEDEDFF","#EEEEEEFF","#EFEFEFFF","#F0F0F0FF","#F1F1F1FF",
      "#F2F2F2FF","#F3F3F3FF","#F4F4F4FF","#F5F5F5FF","#F6F6F6FF",
      "#F7F7F7FF","#F8F8F8FF","#F9F9F9FF","#FAFAFAFF","#FBFBFBFF",
      "#FCFCFCFF","#FDFDFDFF","#FEFEFEFF","#FFFFFFFF","#979797FF",
      "#00FF0000"
    ],
    "renderingIntent": "Perceptual",
    "gamma": 0.454545,
    "chromaticity": {
      "redPrimary": {
        "x": 0.64,
        "y": 0.33
      },
      "greenPrimary": {
        "x": 0.3,
        "y": 0.6
      },
      "bluePrimary": {
        "x": 0.15,
        "y": 0.06
      },
      "whitePrimary": {
        "x": 0.3127,
        "y": 0.329
      }
    },
    "matteColor": "#BDBDBD",
    "backgroundColor": "#00FF0000",
    "borderColor": "#DFDFDF",
    "transparentColor": "#00FF0000",
    "interlace": "None",
    "intensity": "Undefined",
    "compose": "Over",
    "pageGeometry": {
      "width": 420,
      "height": 480,
      "x": 42,
      "y": 30
    },
    "originGeometry": "+42+30",
    "dispose": "None",
    "delay": "20x100",
    "iterations": 0,
    "scene": 1,
    "scenes": 9,
    "compression": "LZW",
    "orientation": "Undefined",
    "properties": {
      "date:create": "2023-10-01T18:00:55+00:00",
      "date:modify": "2023-10-01T18:00:55+00:00",
      "signature": "c81cff263269feef5a02315ef1b9ba09e9343145faf334603cf98fc8412f276d"
    },
    "tainted": false,
    "filesize": "0B",
    "numberPixels": "151857",
    "pixelsPerSecond": "955528B",
    "userTime": "0.170u",
    "elapsedTime": "0:01.158",
    "version": "ImageMagick 7.0.10-58 Q16 x86_64 2021-01-14 https://imagemagick.org"
  }
},
{
  "version": "1.0",
  "image": {
    "name": "/home/videosdownloader/public_html/image/public/uploadt/pumpkin.gif",
    "baseName": "pumpkin.gif",
    "format": "GIF",
    "formatDescription": "GIF",
    "mimeType": "image/gif",
    "class": "PseudoClass",
    "geometry": {
      "width": 358,
      "height": 428,
      "x": 0,
      "y": 0
    },
    "units": "Undefined",
    "type": "GrayscaleAlpha",
    "baseType": "Undefined",
    "endianness": "Undefined",
    "colorspace": "sRGB",
    "depth": 8,
    "baseDepth": 8,
    "channelDepth": {
      "alpha": 1,
      "red": 8,
      "green": 8,
      "blue": 1
    },
    "pixels": 612896,
    "imageStatistics": {
      "Overall": {
        "min": 0,
        "max": 255,
        "mean": 153.093,
        "median": 69,
        "standardDeviation": 23592.8,
        "kurtosis": -1.85805,
        "skewness": -0.368958,
        "entropy": 0.167276
      }
    },
    "channelStatistics": {
      "alpha": {
        "min": 255,
        "max": 255,
        "mean": 255,
        "median": 255,
        "standardDeviation": 0.000690536,
        "kurtosis": -3,
        "skewness": 3.03697e+09,
        "entropy": 4.82164e-05
      },
      "red": {
        "min": 0,
        "max": 255,
        "mean": 119.124,
        "median": 7,
        "standardDeviation": 31457.1,
        "kurtosis": -1.95901,
        "skewness": 0.183537,
        "entropy": 0.223018
      },
      "green": {
        "min": 0,
        "max": 255,
        "mean": 119.124,
        "median": 7,
        "standardDeviation": 31457.1,
        "kurtosis": -1.95901,
        "skewness": 0.183537,
        "entropy": 0.223018
      },
      "blue": {
        "min": 0,
        "max": 255,
        "mean": 119.124,
        "median": 7,
        "standardDeviation": 31457.1,
        "kurtosis": -1.95901,
        "skewness": 0.183537,
        "entropy": 0.223018
      }
    },
    "colormapEntries": 256,
    "colormap": [
      "#000000FF","#010101FF","#020202FF","#030303FF","#040404FF",
      "#050505FF","#060606FF","#070707FF","#080808FF","#090909FF",
      "#0A0A0AFF","#0B0B0BFF","#0C0C0CFF","#0D0D0DFF","#0E0E0EFF",
      "#0F0F0FFF","#101010FF","#111111FF","#121212FF","#131313FF",
      "#141414FF","#151515FF","#161616FF","#171717FF","#181818FF",
      "#191919FF","#1A1A1AFF","#1B1B1BFF","#1C1C1CFF","#1D1D1DFF",
      "#1E1E1EFF","#1F1F1FFF","#202020FF","#212121FF","#222222FF",
      "#232323FF","#242424FF","#252525FF","#262626FF","#272727FF",
      "#282828FF","#292929FF","#2A2A2AFF","#2B2B2BFF","#2C2C2CFF",
      "#2D2D2DFF","#2E2E2EFF","#2F2F2FFF","#303030FF","#313131FF",
      "#323232FF","#333333FF","#343434FF","#353535FF","#363636FF",
      "#373737FF","#383838FF","#393939FF","#3A3A3AFF","#3B3B3BFF",
      "#3C3C3CFF","#3D3D3DFF","#3E3E3EFF","#3F3F3FFF","#404040FF",
      "#414141FF","#424242FF","#434343FF","#444444FF","#454545FF",
      "#464646FF","#474747FF","#484848FF","#494949FF","#4A4A4AFF",
      "#4B4B4BFF","#4C4C4CFF","#4D4D4DFF","#4E4E4EFF","#4F4F4FFF",
      "#505050FF","#515151FF","#525252FF","#535353FF","#545454FF",
      "#555555FF","#565656FF","#575757FF","#585858FF","#595959FF",
      "#5A5A5AFF","#5B5B5BFF","#5C5C5CFF","#5D5D5DFF","#5E5E5EFF",
      "#5F5F5FFF","#606060FF","#616161FF","#626262FF","#636363FF",
      "#646464FF","#656565FF","#666666FF","#686868FF","#696969FF",
      "#6A6A6AFF","#6B6B6BFF","#6C6C6CFF","#6D6D6DFF","#6E6E6EFF",
      "#6F6F6FFF","#707070FF","#717171FF","#727272FF","#737373FF",
      "#747474FF","#757575FF","#767676FF","#777777FF","#787878FF",
      "#797979FF","#7A7A7AFF","#7B7B7BFF","#7C7C7CFF","#7D7D7DFF",
      "#7E7E7EFF","#7F7F7FFF","#808080FF","#818181FF","#828282FF",
      "#838383FF","#848484FF","#858585FF","#868686FF","#878787FF",
      "#888888FF","#898989FF","#8A8A8AFF","#8B8B8BFF","#8C8C8CFF",
      "#8D8D8DFF","#8E8E8EFF","#8F8F8FFF","#909090FF","#919191FF",
      "#929292FF","#939393FF","#949494FF","#959595FF","#969696FF",
      "#989898FF","#999999FF","#9A9A9AFF","#9B9B9BFF","#9C9C9CFF",
      "#9D9D9DFF","#9E9E9EFF","#9F9F9FFF","#A0A0A0FF","#A1A1A1FF",
      "#A2A2A2FF","#A3A3A3FF","#A4A4A4FF","#A5A5A5FF","#A6A6A6FF",
      "#A7A7A7FF","#A8A8A8FF","#A9A9A9FF","#AAAAAAFF","#ABABABFF",
      "#ACACACFF","#ADADADFF","#AEAEAEFF","#AFAFAFFF","#B0B0B0FF",
      "#B1B1B1FF","#B2B2B2FF","#B3B3B3FF","#B4B4B4FF","#B5B5B5FF",
      "#B6B6B6FF","#B7B7B7FF","#B8B8B8FF","#B9B9B9FF","#BABABAFF",
      "#BBBBBBFF","#BCBCBCFF","#BDBDBDFF","#BEBEBEFF","#BFBFBFFF",
      "#C0C0C0FF","#C1C1C1FF","#C2C2C2FF","#C3C3C3FF","#C4C4C4FF",
      "#C5C5C5FF","#C6C6C6FF","#C7C7C7FF","#C8C8C8FF","#C9C9C9FF",
      "#CACACAFF","#CBCBCBFF","#CCCCCCFF","#CDCDCDFF","#CECECEFF",
      "#CFCFCFFF","#D0D0D0FF","#D1D1D1FF","#D2D2D2FF","#D3D3D3FF",
      "#D4D4D4FF","#D5D5D5FF","#D6D6D6FF","#D7D7D7FF","#D8D8D8FF",
      "#D9D9D9FF","#DADADAFF","#DBDBDBFF","#DCDCDCFF","#DDDDDDFF",
      "#DEDEDEFF","#DFDFDFFF","#E0E0E0FF","#E1E1E1FF","#E2E2E2FF",
      "#E3E3E3FF","#E4E4E4FF","#E5E5E5FF","#E6E6E6FF","#E7E7E7FF",
      "#E8E8E8FF","#E9E9E9FF","#EAEAEAFF","#EBEBEBFF","#ECECECFF",
      "#EDEDEDFF","#EEEEEEFF","#EFEFEFFF","#F0F0F0FF","#F1F1F1FF",
      "#F2F2F2FF","#F3F3F3FF","#F4F4F4FF","#F5F5F5FF","#F6F6F6FF",
      "#F7F7F7FF","#F8F8F8FF","#F9F9F9FF","#FAFAFAFF","#FBFBFBFF",
      "#FCFCFCFF","#FDFDFDFF","#FEFEFEFF","#FFFFFFFF","#979797FF",
      "#00FF0000"
    ],
    "renderingIntent": "Perceptual",
    "gamma": 0.454545,
    "chromaticity": {
      "redPrimary": {
        "x": 0.64,
        "y": 0.33
      },
      "greenPrimary": {
        "x": 0.3,
        "y": 0.6
      },
      "bluePrimary": {
        "x": 0.15,
        "y": 0.06
      },
      "whitePrimary": {
        "x": 0.3127,
        "y": 0.329
      }
    },
    "matteColor": "#BDBDBD",
    "backgroundColor": "#00FF0000",
    "borderColor": "#DFDFDF",
    "transparentColor": "#00FF0000",
    "interlace": "None",
    "intensity": "Undefined",
    "compose": "Over",
    "pageGeometry": {
      "width": 420,
      "height": 480,
      "x": 43,
      "y": 25
    },
    "originGeometry": "+43+25",
    "dispose": "None",
    "delay": "20x100",
    "iterations": 0,
    "scene": 2,
    "scenes": 9,
    "compression": "LZW",
    "orientation": "Undefined",
    "properties": {
      "date:create": "2023-10-01T18:00:55+00:00",
      "date:modify": "2023-10-01T18:00:55+00:00",
      "signature": "60611447041141daa8cfc7dee1ad0de546ebe7e1491cb1e708a5d90fc4a464c1"
    },
    "tainted": false,
    "filesize": "0B",
    "numberPixels": "153224",
    "pixelsPerSecond": "732148B",
    "userTime": "0.230u",
    "elapsedTime": "0:01.209",
    "version": "ImageMagick 7.0.10-58 Q16 x86_64 2021-01-14 https://imagemagick.org"
  }
},
{
  "version": "1.0",
  "image": {
    "name": "/home/videosdownloader/public_html/image/public/uploadt/pumpkin.gif",
    "baseName": "pumpkin.gif",
    "format": "GIF",
    "formatDescription": "GIF",
    "mimeType": "image/gif",
    "class": "PseudoClass",
    "geometry": {
      "width": 367,
      "height": 427,
      "x": 0,
      "y": 0
    },
    "units": "Undefined",
    "type": "GrayscaleAlpha",
    "baseType": "Undefined",
    "endianness": "Undefined",
    "colorspace": "sRGB",
    "depth": 8,
    "baseDepth": 8,
    "channelDepth": {
      "alpha": 1,
      "red": 8,
      "green": 8,
      "blue": 1
    },
    "pixels": 626836,
    "imageStatistics": {
      "Overall": {
        "min": 0,
        "max": 255,
        "mean": 157.72,
        "median": 69,
        "standardDeviation": 23679.9,
        "kurtosis": -1.79309,
        "skewness": -0.448549,
        "entropy": 0.152822
      }
    },
    "channelStatistics": {
      "alpha": {
        "min": 255,
        "max": 255,
        "mean": 255,
        "median": 255,
        "standardDeviation": 0,
        "kurtosis": 1.6384e+52,
        "skewness": 9.375e+35,
        "entropy": 0
      },
      "red": {
        "min": 0,
        "max": 255,
        "mean": 125.293,
        "median": 7,
        "standardDeviation": 31573.2,
        "kurtosis": -1.98625,
        "skewness": 0.0830625,
        "entropy": 0.203763
      },
      "green": {
        "min": 0,
        "max": 255,
        "mean": 125.293,
        "median": 7,
        "standardDeviation": 31573.2,
        "kurtosis": -1.98625,
        "skewness": 0.0830625,
        "entropy": 0.203763
      },
      "blue": {
        "min": 0,
        "max": 255,
        "mean": 125.293,
        "median": 7,
        "standardDeviation": 31573.2,
        "kurtosis": -1.98625,
        "skewness": 0.0830625,
        "entropy": 0.203763
      }
    },
    "colormapEntries": 256,
    "colormap": [
      "#000000FF","#010101FF","#020202FF","#030303FF","#040404FF",
      "#050505FF","#060606FF","#070707FF","#080808FF","#090909FF",
      "#0A0A0AFF","#0B0B0BFF","#0C0C0CFF","#0D0D0DFF","#0E0E0EFF",
      "#0F0F0FFF","#101010FF","#111111FF","#121212FF","#131313FF",
      "#141414FF","#151515FF","#161616FF","#171717FF","#181818FF",
      "#191919FF","#1A1A1AFF","#1B1B1BFF","#1C1C1CFF","#1D1D1DFF",
      "#1E1E1EFF","#1F1F1FFF","#202020FF","#212121FF","#222222FF",
      "#232323FF","#242424FF","#252525FF","#262626FF","#272727FF",
      "#282828FF","#292929FF","#2A2A2AFF","#2B2B2BFF","#2C2C2CFF",
      "#2D2D2DFF","#2E2E2EFF","#2F2F2FFF","#303030FF","#313131FF",
      "#323232FF","#333333FF","#343434FF","#353535FF","#363636FF",
      "#373737FF","#383838FF","#393939FF","#3A3A3AFF","#3B3B3BFF",
      "#3C3C3CFF","#3D3D3DFF","#3E3E3EFF","#3F3F3FFF","#404040FF",
      "#414141FF","#424242FF","#434343FF","#444444FF","#454545FF",
      "#464646FF","#474747FF","#484848FF","#494949FF","#4A4A4AFF",
      "#4B4B4BFF","#4C4C4CFF","#4D4D4DFF","#4E4E4EFF","#4F4F4FFF",
      "#505050FF","#515151FF","#525252FF","#535353FF","#545454FF",
      "#555555FF","#565656FF","#575757FF","#585858FF","#595959FF",
      "#5A5A5AFF","#5B5B5BFF","#5C5C5CFF","#5D5D5DFF","#5E5E5EFF",
      "#5F5F5FFF","#606060FF","#616161FF","#626262FF","#636363FF",
      "#646464FF","#656565FF","#666666FF","#686868FF","#696969FF",
      "#6A6A6AFF","#6B6B6BFF","#6C6C6CFF","#6D6D6DFF","#6E6E6EFF",
      "#6F6F6FFF","#707070FF","#717171FF","#727272FF","#737373FF",
      "#747474FF","#757575FF","#767676FF","#777777FF","#787878FF",
      "#797979FF","#7A7A7AFF","#7B7B7BFF","#7C7C7CFF","#7D7D7DFF",
      "#7E7E7EFF","#7F7F7FFF","#808080FF","#818181FF","#828282FF",
      "#838383FF","#848484FF","#858585FF","#868686FF","#878787FF",
      "#888888FF","#898989FF","#8A8A8AFF","#8B8B8BFF","#8C8C8CFF",
      "#8D8D8DFF","#8E8E8EFF","#8F8F8FFF","#909090FF","#919191FF",
      "#929292FF","#939393FF","#949494FF","#959595FF","#969696FF",
      "#989898FF","#999999FF","#9A9A9AFF","#9B9B9BFF","#9C9C9CFF",
      "#9D9D9DFF","#9E9E9EFF","#9F9F9FFF","#A0A0A0FF","#A1A1A1FF",
      "#A2A2A2FF","#A3A3A3FF","#A4A4A4FF","#A5A5A5FF","#A6A6A6FF",
      "#A7A7A7FF","#A8A8A8FF","#A9A9A9FF","#AAAAAAFF","#ABABABFF",
      "#ACACACFF","#ADADADFF","#AEAEAEFF","#AFAFAFFF","#B0B0B0FF",
      "#B1B1B1FF","#B2B2B2FF","#B3B3B3FF","#B4B4B4FF","#B5B5B5FF",
      "#B6B6B6FF","#B7B7B7FF","#B8B8B8FF","#B9B9B9FF","#BABABAFF",
      "#BBBBBBFF","#BCBCBCFF","#BDBDBDFF","#BEBEBEFF","#BFBFBFFF",
      "#C0C0C0FF","#C1C1C1FF","#C2C2C2FF","#C3C3C3FF","#C4C4C4FF",
      "#C5C5C5FF","#C6C6C6FF","#C7C7C7FF","#C8C8C8FF","#C9C9C9FF",
      "#CACACAFF","#CBCBCBFF","#CCCCCCFF","#CDCDCDFF","#CECECEFF",
      "#CFCFCFFF","#D0D0D0FF","#D1D1D1FF","#D2D2D2FF","#D3D3D3FF",
      "#D4D4D4FF","#D5D5D5FF","#D6D6D6FF","#D7D7D7FF","#D8D8D8FF",
      "#D9D9D9FF","#DADADAFF","#DBDBDBFF","#DCDCDCFF","#DDDDDDFF",
      "#DEDEDEFF","#DFDFDFFF","#E0E0E0FF","#E1E1E1FF","#E2E2E2FF",
      "#E3E3E3FF","#E4E4E4FF","#E5E5E5FF","#E6E6E6FF","#E7E7E7FF",
      "#E8E8E8FF","#E9E9E9FF","#EAEAEAFF","#EBEBEBFF","#ECECECFF",
      "#EDEDEDFF","#EEEEEEFF","#EFEFEFFF","#F0F0F0FF","#F1F1F1FF",
      "#F2F2F2FF","#F3F3F3FF","#F4F4F4FF","#F5F5F5FF","#F6F6F6FF",
      "#F7F7F7FF","#F8F8F8FF","#F9F9F9FF","#FAFAFAFF","#FBFBFBFF",
      "#FCFCFCFF","#FDFDFDFF","#FEFEFEFF","#FFFFFFFF","#979797FF",
      "#00FF0000"
    ],
    "renderingIntent": "Perceptual",
    "gamma": 0.454545,
    "chromaticity": {
      "redPrimary": {
        "x": 0.64,
        "y": 0.33
      },
      "greenPrimary": {
        "x": 0.3,
        "y": 0.6
      },
      "bluePrimary": {
        "x": 0.15,
        "y": 0.06
      },
      "whitePrimary": {
        "x": 0.3127,
        "y": 0.329
      }
    },
    "matteColor": "#BDBDBD",
    "backgroundColor": "#00FF0000",
    "borderColor": "#DFDFDF",
    "transparentColor": "#00FF0000",
    "interlace": "None",
    "intensity": "Undefined",
    "compose": "Over",
    "pageGeometry": {
      "width": 420,
      "height": 480,
      "x": 25,
      "y": 25
    },
    "originGeometry": "+25+25",
    "dispose": "None",
    "delay": "20x100",
    "iterations": 0,
    "scene": 3,
    "scenes": 9,
    "compression": "LZW",
    "orientation": "Undefined",
    "properties": {
      "date:create": "2023-10-01T18:00:55+00:00",
      "date:modify": "2023-10-01T18:00:55+00:00",
      "signature": "d588d87a2c2a4452cb8a1711433d271a73a992d87a1865292500be79c0438255"
    },
    "tainted": false,
    "filesize": "0B",
    "numberPixels": "156709",
    "pixelsPerSecond": "603513B",
    "userTime": "0.320u",
    "elapsedTime": "0:01.259",
    "version": "ImageMagick 7.0.10-58 Q16 x86_64 2021-01-14 https://imagemagick.org"
  }
},
{
  "version": "1.0",
  "image": {
    "name": "/home/videosdownloader/public_html/image/public/uploadt/pumpkin.gif",
    "baseName": "pumpkin.gif",
    "format": "GIF",
    "formatDescription": "GIF",
    "mimeType": "image/gif",
    "class": "PseudoClass",
    "geometry": {
      "width": 353,
      "height": 413,
      "x": 0,
      "y": 0
    },
    "units": "Undefined",
    "type": "GrayscaleAlpha",
    "baseType": "Undefined",
    "endianness": "Undefined",
    "colorspace": "sRGB",
    "depth": 8,
    "baseDepth": 8,
    "channelDepth": {
      "alpha": 1,
      "red": 8,
      "green": 8,
      "blue": 1
    },
    "pixels": 583156,
    "imageStatistics": {
      "Overall": {
        "min": 0,
        "max": 255,
        "mean": 141.601,
        "median": 69,
        "standardDeviation": 23147.6,
        "kurtosis": -1.96382,
        "skewness": -0.177062,
        "entropy": 0.142354
      }
    },
    "channelStatistics": {
      "alpha": {
        "min": 255,
        "max": 255,
        "mean": 255,
        "median": 255,
        "standardDeviation": 0,
        "kurtosis": 8.192e+51,
        "skewness": 1e+36,
        "entropy": 0
      },
      "red": {
        "min": 0,
        "max": 255,
        "mean": 103.801,
        "median": 7,
        "standardDeviation": 30863.4,
        "kurtosis": -1.79791,
        "skewness": 0.441798,
        "entropy": 0.189805
      },
      "green": {
        "min": 0,
        "max": 255,
        "mean": 103.801,
        "median": 7,
        "standardDeviation": 30863.4,
        "kurtosis": -1.79791,
        "skewness": 0.441798,
        "entropy": 0.189805
      },
      "blue": {
        "min": 0,
        "max": 255,
        "mean": 103.801,
        "median": 7,
        "standardDeviation": 30863.4,
        "kurtosis": -1.79791,
        "skewness": 0.441798,
        "entropy": 0.189805
      }
    },
    "colormapEntries": 256,
    "colormap": [
      "#000000FF","#010101FF","#020202FF","#030303FF","#040404FF",
      "#050505FF","#060606FF","#070707FF","#080808FF","#090909FF",
      "#0A0A0AFF","#0B0B0BFF","#0C0C0CFF","#0D0D0DFF","#0E0E0EFF",
      "#0F0F0FFF","#101010FF","#111111FF","#121212FF","#131313FF",
      "#141414FF","#151515FF","#161616FF","#171717FF","#181818FF",
      "#191919FF","#1A1A1AFF","#1B1B1BFF","#1C1C1CFF","#1D1D1DFF",
      "#1E1E1EFF","#1F1F1FFF","#202020FF","#212121FF","#222222FF",
      "#232323FF","#242424FF","#252525FF","#262626FF","#272727FF",
      "#282828FF","#292929FF","#2A2A2AFF","#2B2B2BFF","#2C2C2CFF",
      "#2D2D2DFF","#2E2E2EFF","#2F2F2FFF","#303030FF","#313131FF",
      "#323232FF","#333333FF","#343434FF","#353535FF","#363636FF",
      "#373737FF","#383838FF","#393939FF","#3A3A3AFF","#3B3B3BFF",
      "#3C3C3CFF","#3D3D3DFF","#3E3E3EFF","#3F3F3FFF","#404040FF",
      "#414141FF","#424242FF","#434343FF","#444444FF","#454545FF",
      "#464646FF","#474747FF","#484848FF","#494949FF","#4A4A4AFF",
      "#4B4B4BFF","#4C4C4CFF","#4D4D4DFF","#4E4E4EFF","#4F4F4FFF",
      "#505050FF","#515151FF","#525252FF","#535353FF","#545454FF",
      "#555555FF","#565656FF","#575757FF","#585858FF","#595959FF",
      "#5A5A5AFF","#5B5B5BFF","#5C5C5CFF","#5D5D5DFF","#5E5E5EFF",
      "#5F5F5FFF","#606060FF","#616161FF","#626262FF","#636363FF",
      "#646464FF","#656565FF","#666666FF","#686868FF","#696969FF",
      "#6A6A6AFF","#6B6B6BFF","#6C6C6CFF","#6D6D6DFF","#6E6E6EFF",
      "#6F6F6FFF","#707070FF","#717171FF","#727272FF","#737373FF",
      "#747474FF","#757575FF","#767676FF","#777777FF","#787878FF",
      "#797979FF","#7A7A7AFF","#7B7B7BFF","#7C7C7CFF","#7D7D7DFF",
      "#7E7E7EFF","#7F7F7FFF","#808080FF","#818181FF","#828282FF",
      "#838383FF","#848484FF","#858585FF","#868686FF","#878787FF",
      "#888888FF","#898989FF","#8A8A8AFF","#8B8B8BFF","#8C8C8CFF",
      "#8D8D8DFF","#8E8E8EFF","#8F8F8FFF","#909090FF","#919191FF",
      "#929292FF","#939393FF","#949494FF","#959595FF","#969696FF",
      "#989898FF","#999999FF","#9A9A9AFF","#9B9B9BFF","#9C9C9CFF",
      "#9D9D9DFF","#9E9E9EFF","#9F9F9FFF","#A0A0A0FF","#A1A1A1FF",
      "#A2A2A2FF","#A3A3A3FF","#A4A4A4FF","#A5A5A5FF","#A6A6A6FF",
      "#A7A7A7FF","#A8A8A8FF","#A9A9A9FF","#AAAAAAFF","#ABABABFF",
      "#ACACACFF","#ADADADFF","#AEAEAEFF","#AFAFAFFF","#B0B0B0FF",
      "#B1B1B1FF","#B2B2B2FF","#B3B3B3FF","#B4B4B4FF","#B5B5B5FF",
      "#B6B6B6FF","#B7B7B7FF","#B8B8B8FF","#B9B9B9FF","#BABABAFF",
      "#BBBBBBFF","#BCBCBCFF","#BDBDBDFF","#BEBEBEFF","#BFBFBFFF",
      "#C0C0C0FF","#C1C1C1FF","#C2C2C2FF","#C3C3C3FF","#C4C4C4FF",
      "#C5C5C5FF","#C6C6C6FF","#C7C7C7FF","#C8C8C8FF","#C9C9C9FF",
      "#CACACAFF","#CBCBCBFF","#CCCCCCFF","#CDCDCDFF","#CECECEFF",
      "#CFCFCFFF","#D0D0D0FF","#D1D1D1FF","#D2D2D2FF","#D3D3D3FF",
      "#D4D4D4FF","#D5D5D5FF","#D6D6D6FF","#D7D7D7FF","#D8D8D8FF",
      "#D9D9D9FF","#DADADAFF","#DBDBDBFF","#DCDCDCFF","#DDDDDDFF",
      "#DEDEDEFF","#DFDFDFFF","#E0E0E0FF","#E1E1E1FF","#E2E2E2FF",
      "#E3E3E3FF","#E4E4E4FF","#E5E5E5FF","#E6E6E6FF","#E7E7E7FF",
      "#E8E8E8FF","#E9E9E9FF","#EAEAEAFF","#EBEBEBFF","#ECECECFF",
      "#EDEDEDFF","#EEEEEEFF","#EFEFEFFF","#F0F0F0FF","#F1F1F1FF",
      "#F2F2F2FF","#F3F3F3FF","#F4F4F4FF","#F5F5F5FF","#F6F6F6FF",
      "#F7F7F7FF","#F8F8F8FF","#F9F9F9FF","#FAFAFAFF","#FBFBFBFF",
      "#FCFCFCFF","#FDFDFDFF","#FEFEFEFF","#FFFFFFFF","#979797FF",
      "#00FF0000"
    ],
    "renderingIntent": "Perceptual",
    "gamma": 0.454545,
    "chromaticity": {
      "redPrimary": {
        "x": 0.64,
        "y": 0.33
      },
      "greenPrimary": {
        "x": 0.3,
        "y": 0.6
      },
      "bluePrimary": {
        "x": 0.15,
        "y": 0.06
      },
      "whitePrimary": {
        "x": 0.3127,
        "y": 0.329
      }
    },
    "matteColor": "#BDBDBD",
    "backgroundColor": "#00FF0000",
    "borderColor": "#DFDFDF",
    "transparentColor": "#00FF0000",
    "interlace": "None",
    "intensity": "Undefined",
    "compose": "Over",
    "pageGeometry": {
      "width": 420,
      "height": 480,
      "x": 25,
      "y": 39
    },
    "originGeometry": "+25+39",
    "dispose": "None",
    "delay": "20x100",
    "iterations": 0,
    "scene": 4,
    "scenes": 9,
    "compression": "LZW",
    "orientation": "Undefined",
    "properties": {
      "date:create": "2023-10-01T18:00:55+00:00",
      "date:modify": "2023-10-01T18:00:55+00:00",
      "signature": "d2911161987dec57b782c743843796817ad62a3df7fc28ad241af415f76a0b99"
    },
    "tainted": false,
    "filesize": "0B",
    "numberPixels": "145789",
    "pixelsPerSecond": "463932B",
    "userTime": "0.390u",
    "elapsedTime": "0:01.314",
    "version": "ImageMagick 7.0.10-58 Q16 x86_64 2021-01-14 https://imagemagick.org"
  }
},
{
  "version": "1.0",
  "image": {
    "name": "/home/videosdownloader/public_html/image/public/uploadt/pumpkin.gif",
    "baseName": "pumpkin.gif",
    "format": "GIF",
    "formatDescription": "GIF",
    "mimeType": "image/gif",
    "class": "PseudoClass",
    "geometry": {
      "width": 356,
      "height": 427,
      "x": 0,
      "y": 0
    },
    "units": "Undefined",
    "type": "GrayscaleAlpha",
    "baseType": "Undefined",
    "endianness": "Undefined",
    "colorspace": "sRGB",
    "depth": 8,
    "baseDepth": 8,
    "channelDepth": {
      "alpha": 1,
      "red": 8,
      "green": 8,
      "blue": 1
    },
    "pixels": 608048,
    "imageStatistics": {
      "Overall": {
        "min": 0,
        "max": 255,
        "mean": 161.257,
        "median": 69,
        "standardDeviation": 23701.3,
        "kurtosis": -1.73324,
        "skewness": -0.510598,
        "entropy": 0.160645
      }
    },
    "channelStatistics": {
      "alpha": {
        "min": 255,
        "max": 255,
        "mean": 255,
        "median": 255,
        "standardDeviation": 0,
        "kurtosis": 1.6384e+52,
        "skewness": 9.375e+35,
        "entropy": 0
      },
      "red": {
        "min": 0,
        "max": 255,
        "mean": 130.009,
        "median": 7,
        "standardDeviation": 31601.7,
        "kurtosis": -1.99292,
        "skewness": 0.00692412,
        "entropy": 0.214194
      },
      "green": {
        "min": 0,
        "max": 255,
        "mean": 130.009,
        "median": 7,
        "standardDeviation": 31601.7,
        "kurtosis": -1.99292,
        "skewness": 0.00692412,
        "entropy": 0.214194
      },
      "blue": {
        "min": 0,
        "max": 255,
        "mean": 130.009,
        "median": 7,
        "standardDeviation": 31601.7,
        "kurtosis": -1.99292,
        "skewness": 0.00692412,
        "entropy": 0.214194
      }
    },
    "colormapEntries": 256,
    "colormap": [
      "#000000FF","#010101FF","#020202FF","#030303FF","#040404FF",
      "#050505FF","#060606FF","#070707FF","#080808FF","#090909FF",
      "#0A0A0AFF","#0B0B0BFF","#0C0C0CFF","#0D0D0DFF","#0E0E0EFF",
      "#0F0F0FFF","#101010FF","#111111FF","#121212FF","#131313FF",
      "#141414FF","#151515FF","#161616FF","#171717FF","#181818FF",
      "#191919FF","#1A1A1AFF","#1B1B1BFF","#1C1C1CFF","#1D1D1DFF",
      "#1E1E1EFF","#1F1F1FFF","#202020FF","#212121FF","#222222FF",
      "#232323FF","#242424FF","#252525FF","#262626FF","#272727FF",
      "#282828FF","#292929FF","#2A2A2AFF","#2B2B2BFF","#2C2C2CFF",
      "#2D2D2DFF","#2E2E2EFF","#2F2F2FFF","#303030FF","#313131FF",
      "#323232FF","#333333FF","#343434FF","#353535FF","#363636FF",
      "#373737FF","#383838FF","#393939FF","#3A3A3AFF","#3B3B3BFF",
      "#3C3C3CFF","#3D3D3DFF","#3E3E3EFF","#3F3F3FFF","#404040FF",
      "#414141FF","#424242FF","#434343FF","#444444FF","#454545FF",
      "#464646FF","#474747FF","#484848FF","#494949FF","#4A4A4AFF",
      "#4B4B4BFF","#4C4C4CFF","#4D4D4DFF","#4E4E4EFF","#4F4F4FFF",
      "#505050FF","#515151FF","#525252FF","#535353FF","#545454FF",
      "#555555FF","#565656FF","#575757FF","#585858FF","#595959FF",
      "#5A5A5AFF","#5B5B5BFF","#5C5C5CFF","#5D5D5DFF","#5E5E5EFF",
      "#5F5F5FFF","#606060FF","#616161FF","#626262FF","#636363FF",
      "#646464FF","#656565FF","#666666FF","#686868FF","#696969FF",
      "#6A6A6AFF","#6B6B6BFF","#6C6C6CFF","#6D6D6DFF","#6E6E6EFF",
      "#6F6F6FFF","#707070FF","#717171FF","#727272FF","#737373FF",
      "#747474FF","#757575FF","#767676FF","#777777FF","#787878FF",
      "#797979FF","#7A7A7AFF","#7B7B7BFF","#7C7C7CFF","#7D7D7DFF",
      "#7E7E7EFF","#7F7F7FFF","#808080FF","#818181FF","#828282FF",
      "#838383FF","#848484FF","#858585FF","#868686FF","#878787FF",
      "#888888FF","#898989FF","#8A8A8AFF","#8B8B8BFF","#8C8C8CFF",
      "#8D8D8DFF","#8E8E8EFF","#8F8F8FFF","#909090FF","#919191FF",
      "#929292FF","#939393FF","#949494FF","#959595FF","#969696FF",
      "#989898FF","#999999FF","#9A9A9AFF","#9B9B9BFF","#9C9C9CFF",
      "#9D9D9DFF","#9E9E9EFF","#9F9F9FFF","#A0A0A0FF","#A1A1A1FF",
      "#A2A2A2FF","#A3A3A3FF","#A4A4A4FF","#A5A5A5FF","#A6A6A6FF",
      "#A7A7A7FF","#A8A8A8FF","#A9A9A9FF","#AAAAAAFF","#ABABABFF",
      "#ACACACFF","#ADADADFF","#AEAEAEFF","#AFAFAFFF","#B0B0B0FF",
      "#B1B1B1FF","#B2B2B2FF","#B3B3B3FF","#B4B4B4FF","#B5B5B5FF",
      "#B6B6B6FF","#B7B7B7FF","#B8B8B8FF","#B9B9B9FF","#BABABAFF",
      "#BBBBBBFF","#BCBCBCFF","#BDBDBDFF","#BEBEBEFF","#BFBFBFFF",
      "#C0C0C0FF","#C1C1C1FF","#C2C2C2FF","#C3C3C3FF","#C4C4C4FF",
      "#C5C5C5FF","#C6C6C6FF","#C7C7C7FF","#C8C8C8FF","#C9C9C9FF",
      "#CACACAFF","#CBCBCBFF","#CCCCCCFF","#CDCDCDFF","#CECECEFF",
      "#CFCFCFFF","#D0D0D0FF","#D1D1D1FF","#D2D2D2FF","#D3D3D3FF",
      "#D4D4D4FF","#D5D5D5FF","#D6D6D6FF","#D7D7D7FF","#D8D8D8FF",
      "#D9D9D9FF","#DADADAFF","#DBDBDBFF","#DCDCDCFF","#DDDDDDFF",
      "#DEDEDEFF","#DFDFDFFF","#E0E0E0FF","#E1E1E1FF","#E2E2E2FF",
      "#E3E3E3FF","#E4E4E4FF","#E5E5E5FF","#E6E6E6FF","#E7E7E7FF",
      "#E8E8E8FF","#E9E9E9FF","#EAEAEAFF","#EBEBEBFF","#ECECECFF",
      "#EDEDEDFF","#EEEEEEFF","#EFEFEFFF","#F0F0F0FF","#F1F1F1FF",
      "#F2F2F2FF","#F3F3F3FF","#F4F4F4FF","#F5F5F5FF","#F6F6F6FF",
      "#F7F7F7FF","#F8F8F8FF","#F9F9F9FF","#FAFAFAFF","#FBFBFBFF",
      "#FCFCFCFF","#FDFDFDFF","#FEFEFEFF","#FFFFFFFF","#979797FF",
      "#00FF0000"
    ],
    "renderingIntent": "Perceptual",
    "gamma": 0.454545,
    "chromaticity": {
      "redPrimary": {
        "x": 0.64,
        "y": 0.33
      },
      "greenPrimary": {
        "x": 0.3,
        "y": 0.6
      },
      "bluePrimary": {
        "x": 0.15,
        "y": 0.06
      },
      "whitePrimary": {
        "x": 0.3127,
        "y": 0.329
      }
    },
    "matteColor": "#BDBDBD",
    "backgroundColor": "#00FF0000",
    "borderColor": "#DFDFDF",
    "transparentColor": "#00FF0000",
    "interlace": "None",
    "intensity": "Undefined",
    "compose": "Over",
    "pageGeometry": {
      "width": 420,
      "height": 480,
      "x": 32,
      "y": 18
    },
    "originGeometry": "+32+18",
    "dispose": "None",
    "delay": "20x100",
    "iterations": 0,
    "scene": 5,
    "scenes": 9,
    "compression": "LZW",
    "orientation": "Undefined",
    "properties": {
      "date:create": "2023-10-01T18:00:55+00:00",
      "date:modify": "2023-10-01T18:00:55+00:00",
      "signature": "10135e30485934920e59beca25bf409deb444a6f0f682a3dd98e2ea9e5ec3bfc"
    },
    "tainted": false,
    "filesize": "0B",
    "numberPixels": "152012",
    "pixelsPerSecond": "420302B",
    "userTime": "0.450u",
    "elapsedTime": "0:01.361",
    "version": "ImageMagick 7.0.10-58 Q16 x86_64 2021-01-14 https://imagemagick.org"
  }
},
{
  "version": "1.0",
  "image": {
    "name": "/home/videosdownloader/public_html/image/public/uploadt/pumpkin.gif",
    "baseName": "pumpkin.gif",
    "format": "GIF",
    "formatDescription": "GIF",
    "mimeType": "image/gif",
    "class": "PseudoClass",
    "geometry": {
      "width": 361,
      "height": 435,
      "x": 0,
      "y": 0
    },
    "units": "Undefined",
    "type": "GrayscaleAlpha",
    "baseType": "Undefined",
    "endianness": "Undefined",
    "colorspace": "sRGB",
    "depth": 8,
    "baseDepth": 8,
    "channelDepth": {
      "alpha": 1,
      "red": 8,
      "green": 8,
      "blue": 1
    },
    "pixels": 628140,
    "imageStatistics": {
      "Overall": {
        "min": 0,
        "max": 255,
        "mean": 155.525,
        "median": 69,
        "standardDeviation": 23649.3,
        "kurtosis": -1.82595,
        "skewness": -0.410295,
        "entropy": 0.159071
      }
    },
    "channelStatistics": {
      "alpha": {
        "min": 255,
        "max": 255,
        "mean": 255,
        "median": 255,
        "standardDeviation": 0,
        "kurtosis": 1.6384e+52,
        "skewness": 9.375e+35,
        "entropy": 0
      },
      "red": {
        "min": 0,
        "max": 255,
        "mean": 122.367,
        "median": 7,
        "standardDeviation": 31532.4,
        "kurtosis": -1.97585,
        "skewness": 0.130941,
        "entropy": 0.212095
      },
      "green": {
        "min": 0,
        "max": 255,
        "mean": 122.367,
        "median": 7,
        "standardDeviation": 31532.4,
        "kurtosis": -1.97585,
        "skewness": 0.130941,
        "entropy": 0.212095
      },
      "blue": {
        "min": 0,
        "max": 255,
        "mean": 122.367,
        "median": 7,
        "standardDeviation": 31532.4,
        "kurtosis": -1.97585,
        "skewness": 0.130941,
        "entropy": 0.212095
      }
    },
    "colormapEntries": 256,
    "colormap": [
      "#000000FF","#010101FF","#020202FF","#030303FF","#040404FF",
      "#050505FF","#060606FF","#070707FF","#080808FF","#090909FF",
      "#0A0A0AFF","#0B0B0BFF","#0C0C0CFF","#0D0D0DFF","#0E0E0EFF",
      "#0F0F0FFF","#101010FF","#111111FF","#121212FF","#131313FF",
      "#141414FF","#151515FF","#161616FF","#171717FF","#181818FF",
      "#191919FF","#1A1A1AFF","#1B1B1BFF","#1C1C1CFF","#1D1D1DFF",
      "#1E1E1EFF","#1F1F1FFF","#202020FF","#212121FF","#222222FF",
      "#232323FF","#242424FF","#252525FF","#262626FF","#272727FF",
      "#282828FF","#292929FF","#2A2A2AFF","#2B2B2BFF","#2C2C2CFF",
      "#2D2D2DFF","#2E2E2EFF","#2F2F2FFF","#303030FF","#313131FF",
      "#323232FF","#333333FF","#343434FF","#353535FF","#363636FF",
      "#373737FF","#383838FF","#393939FF","#3A3A3AFF","#3B3B3BFF",
      "#3C3C3CFF","#3D3D3DFF","#3E3E3EFF","#3F3F3FFF","#404040FF",
      "#414141FF","#424242FF","#434343FF","#444444FF","#454545FF",
      "#464646FF","#474747FF","#484848FF","#494949FF","#4A4A4AFF",
      "#4B4B4BFF","#4C4C4CFF","#4D4D4DFF","#4E4E4EFF","#4F4F4FFF",
      "#505050FF","#515151FF","#525252FF","#535353FF","#545454FF",
      "#555555FF","#565656FF","#575757FF","#585858FF","#595959FF",
      "#5A5A5AFF","#5B5B5BFF","#5C5C5CFF","#5D5D5DFF","#5E5E5EFF",
      "#5F5F5FFF","#606060FF","#616161FF","#626262FF","#636363FF",
      "#646464FF","#656565FF","#666666FF","#686868FF","#696969FF",
      "#6A6A6AFF","#6B6B6BFF","#6C6C6CFF","#6D6D6DFF","#6E6E6EFF",
      "#6F6F6FFF","#707070FF","#717171FF","#727272FF","#737373FF",
      "#747474FF","#757575FF","#767676FF","#777777FF","#787878FF",
      "#797979FF","#7A7A7AFF","#7B7B7BFF","#7C7C7CFF","#7D7D7DFF",
      "#7E7E7EFF","#7F7F7FFF","#808080FF","#818181FF","#828282FF",
      "#838383FF","#848484FF","#858585FF","#868686FF","#878787FF",
      "#888888FF","#898989FF","#8A8A8AFF","#8B8B8BFF","#8C8C8CFF",
      "#8D8D8DFF","#8E8E8EFF","#8F8F8FFF","#909090FF","#919191FF",
      "#929292FF","#939393FF","#949494FF","#959595FF","#969696FF",
      "#989898FF","#999999FF","#9A9A9AFF","#9B9B9BFF","#9C9C9CFF",
      "#9D9D9DFF","#9E9E9EFF","#9F9F9FFF","#A0A0A0FF","#A1A1A1FF",
      "#A2A2A2FF","#A3A3A3FF","#A4A4A4FF","#A5A5A5FF","#A6A6A6FF",
      "#A7A7A7FF","#A8A8A8FF","#A9A9A9FF","#AAAAAAFF","#ABABABFF",
      "#ACACACFF","#ADADADFF","#AEAEAEFF","#AFAFAFFF","#B0B0B0FF",
      "#B1B1B1FF","#B2B2B2FF","#B3B3B3FF","#B4B4B4FF","#B5B5B5FF",
      "#B6B6B6FF","#B7B7B7FF","#B8B8B8FF","#B9B9B9FF","#BABABAFF",
      "#BBBBBBFF","#BCBCBCFF","#BDBDBDFF","#BEBEBEFF","#BFBFBFFF",
      "#C0C0C0FF","#C1C1C1FF","#C2C2C2FF","#C3C3C3FF","#C4C4C4FF",
      "#C5C5C5FF","#C6C6C6FF","#C7C7C7FF","#C8C8C8FF","#C9C9C9FF",
      "#CACACAFF","#CBCBCBFF","#CCCCCCFF","#CDCDCDFF","#CECECEFF",
      "#CFCFCFFF","#D0D0D0FF","#D1D1D1FF","#D2D2D2FF","#D3D3D3FF",
      "#D4D4D4FF","#D5D5D5FF","#D6D6D6FF","#D7D7D7FF","#D8D8D8FF",
      "#D9D9D9FF","#DADADAFF","#DBDBDBFF","#DCDCDCFF","#DDDDDDFF",
      "#DEDEDEFF","#DFDFDFFF","#E0E0E0FF","#E1E1E1FF","#E2E2E2FF",
      "#E3E3E3FF","#E4E4E4FF","#E5E5E5FF","#E6E6E6FF","#E7E7E7FF",
      "#E8E8E8FF","#E9E9E9FF","#EAEAEAFF","#EBEBEBFF","#ECECECFF",
      "#EDEDEDFF","#EEEEEEFF","#EFEFEFFF","#F0F0F0FF","#F1F1F1FF",
      "#F2F2F2FF","#F3F3F3FF","#F4F4F4FF","#F5F5F5FF","#F6F6F6FF",
      "#F7F7F7FF","#F8F8F8FF","#F9F9F9FF","#FAFAFAFF","#FBFBFBFF",
      "#FCFCFCFF","#FDFDFDFF","#FEFEFEFF","#FFFFFFFF","#97979700",
      "#00FF00FF"
    ],
    "renderingIntent": "Perceptual",
    "gamma": 0.454545,
    "chromaticity": {
      "redPrimary": {
        "x": 0.64,
        "y": 0.33
      },
      "greenPrimary": {
        "x": 0.3,
        "y": 0.6
      },
      "bluePrimary": {
        "x": 0.15,
        "y": 0.06
      },
      "whitePrimary": {
        "x": 0.3127,
        "y": 0.329
      }
    },
    "matteColor": "#BDBDBD",
    "backgroundColor": "#00FF00FF",
    "borderColor": "#DFDFDF",
    "transparentColor": "#97979700",
    "interlace": "None",
    "intensity": "Undefined",
    "compose": "Over",
    "pageGeometry": {
      "width": 420,
      "height": 480,
      "x": 32,
      "y": 18
    },
    "originGeometry": "+32+18",
    "dispose": "None",
    "delay": "20x100",
    "iterations": 0,
    "scene": 6,
    "scenes": 9,
    "compression": "LZW",
    "orientation": "Undefined",
    "properties": {
      "date:create": "2023-10-01T18:00:55+00:00",
      "date:modify": "2023-10-01T18:00:55+00:00",
      "signature": "b60ba8f036256dc85a110e20dc7ce74430832186d5fbf112149597dcdac509cf"
    },
    "tainted": false,
    "filesize": "0B",
    "numberPixels": "157035",
    "pixelsPerSecond": "380615B",
    "userTime": "0.510u",
    "elapsedTime": "0:01.412",
    "version": "ImageMagick 7.0.10-58 Q16 x86_64 2021-01-14 https://imagemagick.org"
  }
},
{
  "version": "1.0",
  "image": {
    "name": "/home/videosdownloader/public_html/image/public/uploadt/pumpkin.gif",
    "baseName": "pumpkin.gif",
    "format": "GIF",
    "formatDescription": "GIF",
    "mimeType": "image/gif",
    "class": "PseudoClass",
    "geometry": {
      "width": 361,
      "height": 425,
      "x": 0,
      "y": 0
    },
    "units": "Undefined",
    "type": "PaletteAlpha",
    "baseType": "Undefined",
    "endianness": "Undefined",
    "colorspace": "sRGB",
    "depth": 8,
    "baseDepth": 8,
    "channelDepth": {
      "alpha": 1,
      "red": 8,
      "green": 8,
      "blue": 1
    },
    "pixels": 613700,
    "imageStatistics": {
      "Overall": {
        "min": 0,
        "max": 255,
        "mean": 152.96,
        "median": 69,
        "standardDeviation": 23865.6,
        "kurtosis": -1.85993,
        "skewness": -0.366543,
        "entropy": 0.157029
      }
    },
    "channelStatistics": {
      "alpha": {
        "min": 0,
        "max": 255,
        "mean": 254.93,
        "median": 255,
        "standardDeviation": 1084.16,
        "kurtosis": 3647.93,
        "skewness": -60.4144,
        "entropy": 0.00363467
      },
      "red": {
        "min": 0,
        "max": 255,
        "mean": 118.946,
        "median": 7,
        "standardDeviation": 31459,
        "kurtosis": -1.95797,
        "skewness": 0.186646,
        "entropy": 0.208181
      },
      "green": {
        "min": 0,
        "max": 255,
        "mean": 119.016,
        "median": 7,
        "standardDeviation": 31460.3,
        "kurtosis": -1.95839,
        "skewness": 0.18554,
        "entropy": 0.208117
      },
      "blue": {
        "min": 0,
        "max": 255,
        "mean": 118.946,
        "median": 7,
        "standardDeviation": 31459,
        "kurtosis": -1.95797,
        "skewness": 0.186646,
        "entropy": 0.208181
      }
    },
    "alpha": "#00FF0000",
    "colormapEntries": 256,
    "colormap": [
      "#000000FF","#010101FF","#020202FF","#030303FF","#040404FF",
      "#050505FF","#060606FF","#070707FF","#080808FF","#090909FF",
      "#0A0A0AFF","#0B0B0BFF","#0C0C0CFF","#0D0D0DFF","#0E0E0EFF",
      "#0F0F0FFF","#101010FF","#111111FF","#121212FF","#131313FF",
      "#141414FF","#151515FF","#161616FF","#171717FF","#181818FF",
      "#191919FF","#1A1A1AFF","#1B1B1BFF","#1C1C1CFF","#1D1D1DFF",
      "#1E1E1EFF","#1F1F1FFF","#202020FF","#212121FF","#222222FF",
      "#232323FF","#242424FF","#252525FF","#262626FF","#272727FF",
      "#282828FF","#292929FF","#2A2A2AFF","#2B2B2BFF","#2C2C2CFF",
      "#2D2D2DFF","#2E2E2EFF","#2F2F2FFF","#303030FF","#313131FF",
      "#323232FF","#333333FF","#343434FF","#353535FF","#363636FF",
      "#373737FF","#383838FF","#393939FF","#3A3A3AFF","#3B3B3BFF",
      "#3C3C3CFF","#3D3D3DFF","#3E3E3EFF","#3F3F3FFF","#404040FF",
      "#414141FF","#424242FF","#434343FF","#444444FF","#454545FF",
      "#464646FF","#474747FF","#484848FF","#494949FF","#4A4A4AFF",
      "#4B4B4BFF","#4C4C4CFF","#4D4D4DFF","#4E4E4EFF","#4F4F4FFF",
      "#505050FF","#515151FF","#525252FF","#535353FF","#545454FF",
      "#555555FF","#565656FF","#575757FF","#585858FF","#595959FF",
      "#5A5A5AFF","#5B5B5BFF","#5C5C5CFF","#5D5D5DFF","#5E5E5EFF",
      "#5F5F5FFF","#606060FF","#616161FF","#626262FF","#636363FF",
      "#646464FF","#656565FF","#666666FF","#686868FF","#696969FF",
      "#6A6A6AFF","#6B6B6BFF","#6C6C6CFF","#6D6D6DFF","#6E6E6EFF",
      "#6F6F6FFF","#707070FF","#717171FF","#727272FF","#737373FF",
      "#747474FF","#757575FF","#767676FF","#777777FF","#787878FF",
      "#797979FF","#7A7A7AFF","#7B7B7BFF","#7C7C7CFF","#7D7D7DFF",
      "#7E7E7EFF","#7F7F7FFF","#808080FF","#818181FF","#828282FF",
      "#838383FF","#848484FF","#858585FF","#868686FF","#878787FF",
      "#888888FF","#898989FF","#8A8A8AFF","#8B8B8BFF","#8C8C8CFF",
      "#8D8D8DFF","#8E8E8EFF","#8F8F8FFF","#909090FF","#919191FF",
      "#929292FF","#939393FF","#949494FF","#959595FF","#969696FF",
      "#989898FF","#999999FF","#9A9A9AFF","#9B9B9BFF","#9C9C9CFF",
      "#9D9D9DFF","#9E9E9EFF","#9F9F9FFF","#A0A0A0FF","#A1A1A1FF",
      "#A2A2A2FF","#A3A3A3FF","#A4A4A4FF","#A5A5A5FF","#A6A6A6FF",
      "#A7A7A7FF","#A8A8A8FF","#A9A9A9FF","#AAAAAAFF","#ABABABFF",
      "#ACACACFF","#ADADADFF","#AEAEAEFF","#AFAFAFFF","#B0B0B0FF",
      "#B1B1B1FF","#B2B2B2FF","#B3B3B3FF","#B4B4B4FF","#B5B5B5FF",
      "#B6B6B6FF","#B7B7B7FF","#B8B8B8FF","#B9B9B9FF","#BABABAFF",
      "#BBBBBBFF","#BCBCBCFF","#BDBDBDFF","#BEBEBEFF","#BFBFBFFF",
      "#C0C0C0FF","#C1C1C1FF","#C2C2C2FF","#C3C3C3FF","#C4C4C4FF",
      "#C5C5C5FF","#C6C6C6FF","#C7C7C7FF","#C8C8C8FF","#C9C9C9FF",
      "#CACACAFF","#CBCBCBFF","#CCCCCCFF","#CDCDCDFF","#CECECEFF",
      "#CFCFCFFF","#D0D0D0FF","#D1D1D1FF","#D2D2D2FF","#D3D3D3FF",
      "#D4D4D4FF","#D5D5D5FF","#D6D6D6FF","#D7D7D7FF","#D8D8D8FF",
      "#D9D9D9FF","#DADADAFF","#DBDBDBFF","#DCDCDCFF","#DDDDDDFF",
      "#DEDEDEFF","#DFDFDFFF","#E0E0E0FF","#E1E1E1FF","#E2E2E2FF",
      "#E3E3E3FF","#E4E4E4FF","#E5E5E5FF","#E6E6E6FF","#E7E7E7FF",
      "#E8E8E8FF","#E9E9E9FF","#EAEAEAFF","#EBEBEBFF","#ECECECFF",
      "#EDEDEDFF","#EEEEEEFF","#EFEFEFFF","#F0F0F0FF","#F1F1F1FF",
      "#F2F2F2FF","#F3F3F3FF","#F4F4F4FF","#F5F5F5FF","#F6F6F6FF",
      "#F7F7F7FF","#F8F8F8FF","#F9F9F9FF","#FAFAFAFF","#FBFBFBFF",
      "#FCFCFCFF","#FDFDFDFF","#FEFEFEFF","#FFFFFFFF","#979797FF",
      "#00FF0000"
    ],
    "renderingIntent": "Perceptual",
    "gamma": 0.454545,
    "chromaticity": {
      "redPrimary": {
        "x": 0.64,
        "y": 0.33
      },
      "greenPrimary": {
        "x": 0.3,
        "y": 0.6
      },
      "bluePrimary": {
        "x": 0.15,
        "y": 0.06
      },
      "whitePrimary": {
        "x": 0.3127,
        "y": 0.329
      }
    },
    "matteColor": "#BDBDBD",
    "backgroundColor": "#00FF0000",
    "borderColor": "#DFDFDF",
    "transparentColor": "#00FF0000",
    "interlace": "None",
    "intensity": "Undefined",
    "compose": "Over",
    "pageGeometry": {
      "width": 420,
      "height": 480,
      "x": 32,
      "y": 28
    },
    "originGeometry": "+32+28",
    "dispose": "None",
    "delay": "20x100",
    "iterations": 0,
    "scene": 7,
    "scenes": 9,
    "compression": "LZW",
    "orientation": "Undefined",
    "properties": {
      "date:create": "2023-10-01T18:00:55+00:00",
      "date:modify": "2023-10-01T18:00:55+00:00",
      "signature": "21cd0c0e036e31a3dfe9d9ab5f0efa9a50947ae70ba4680bde32769a1ef4c8e5"
    },
    "tainted": false,
    "filesize": "0B",
    "numberPixels": "153425",
    "pixelsPerSecond": "332817B",
    "userTime": "0.580u",
    "elapsedTime": "0:01.460",
    "version": "ImageMagick 7.0.10-58 Q16 x86_64 2021-01-14 https://imagemagick.org"
  }
},
{
  "version": "1.0",
  "image": {
    "name": "/home/videosdownloader/public_html/image/public/uploadt/pumpkin.gif",
    "baseName": "pumpkin.gif",
    "format": "GIF",
    "formatDescription": "GIF",
    "mimeType": "image/gif",
    "class": "PseudoClass",
    "geometry": {
      "width": 377,
      "height": 447,
      "x": 0,
      "y": 0
    },
    "units": "Undefined",
    "type": "GrayscaleAlpha",
    "baseType": "Undefined",
    "endianness": "Undefined",
    "colorspace": "sRGB",
    "depth": 8,
    "baseDepth": 8,
    "channelDepth": {
      "alpha": 1,
      "red": 8,
      "green": 8,
      "blue": 1
    },
    "pixels": 674076,
    "imageStatistics": {
      "Overall": {
        "min": 0,
        "max": 255,
        "mean": 161.382,
        "median": 69,
        "standardDeviation": 1e-12,
        "kurtosis": -1.73065,
        "skewness": -0.512771,
        "entropy": 0.162465
      }
    },
    "channelStatistics": {
      "alpha": {
        "min": 255,
        "max": 255,
        "mean": 255,
        "median": 255,
        "standardDeviation": 1e-12,
        "kurtosis": 1.6384e+52,
        "skewness": 9.375e+35,
        "entropy": 0
      },
      "red": {
        "min": 0,
        "max": 255,
        "mean": 130.176,
        "median": 7,
        "standardDeviation": 31598.7,
        "kurtosis": -1.99252,
        "skewness": 0.00428887,
        "entropy": 0.21662
      },
      "green": {
        "min": 0,
        "max": 255,
        "mean": 130.176,
        "median": 7,
        "standardDeviation": 31598.7,
        "kurtosis": -1.99252,
        "skewness": 0.00428887,
        "entropy": 0.21662
      },
      "blue": {
        "min": 0,
        "max": 255,
        "mean": 130.176,
        "median": 7,
        "standardDeviation": 31598.7,
        "kurtosis": -1.99252,
        "skewness": 0.00428887,
        "entropy": 0.21662
      }
    },
    "colormapEntries": 256,
    "colormap": [
      "#000000FF","#010101FF","#020202FF","#030303FF","#040404FF",
      "#050505FF","#060606FF","#070707FF","#080808FF","#090909FF",
      "#0A0A0AFF","#0B0B0BFF","#0C0C0CFF","#0D0D0DFF","#0E0E0EFF",
      "#0F0F0FFF","#101010FF","#111111FF","#121212FF","#131313FF",
      "#141414FF","#151515FF","#161616FF","#171717FF","#181818FF",
      "#191919FF","#1A1A1AFF","#1B1B1BFF","#1C1C1CFF","#1D1D1DFF",
      "#1E1E1EFF","#1F1F1FFF","#202020FF","#212121FF","#222222FF",
      "#232323FF","#242424FF","#252525FF","#262626FF","#272727FF",
      "#282828FF","#292929FF","#2A2A2AFF","#2B2B2BFF","#2C2C2CFF",
      "#2D2D2DFF","#2E2E2EFF","#2F2F2FFF","#303030FF","#313131FF",
      "#323232FF","#333333FF","#343434FF","#353535FF","#363636FF",
      "#373737FF","#383838FF","#393939FF","#3A3A3AFF","#3B3B3BFF",
      "#3C3C3CFF","#3D3D3DFF","#3E3E3EFF","#3F3F3FFF","#404040FF",
      "#414141FF","#424242FF","#434343FF","#444444FF","#454545FF",
      "#464646FF","#474747FF","#484848FF","#494949FF","#4A4A4AFF",
      "#4B4B4BFF","#4C4C4CFF","#4D4D4DFF","#4E4E4EFF","#4F4F4FFF",
      "#505050FF","#515151FF","#525252FF","#535353FF","#545454FF",
      "#555555FF","#565656FF","#575757FF","#585858FF","#595959FF",
      "#5A5A5AFF","#5B5B5BFF","#5C5C5CFF","#5D5D5DFF","#5E5E5EFF",
      "#5F5F5FFF","#606060FF","#616161FF","#626262FF","#636363FF",
      "#646464FF","#656565FF","#666666FF","#686868FF","#696969FF",
      "#6A6A6AFF","#6B6B6BFF","#6C6C6CFF","#6D6D6DFF","#6E6E6EFF",
      "#6F6F6FFF","#707070FF","#717171FF","#727272FF","#737373FF",
      "#747474FF","#757575FF","#767676FF","#777777FF","#787878FF",
      "#797979FF","#7A7A7AFF","#7B7B7BFF","#7C7C7CFF","#7D7D7DFF",
      "#7E7E7EFF","#7F7F7FFF","#808080FF","#818181FF","#828282FF",
      "#838383FF","#848484FF","#858585FF","#868686FF","#878787FF",
      "#888888FF","#898989FF","#8A8A8AFF","#8B8B8BFF","#8C8C8CFF",
      "#8D8D8DFF","#8E8E8EFF","#8F8F8FFF","#909090FF","#919191FF",
      "#929292FF","#939393FF","#949494FF","#959595FF","#969696FF",
      "#989898FF","#999999FF","#9A9A9AFF","#9B9B9BFF","#9C9C9CFF",
      "#9D9D9DFF","#9E9E9EFF","#9F9F9FFF","#A0A0A0FF","#A1A1A1FF",
      "#A2A2A2FF","#A3A3A3FF","#A4A4A4FF","#A5A5A5FF","#A6A6A6FF",
      "#A7A7A7FF","#A8A8A8FF","#A9A9A9FF","#AAAAAAFF","#ABABABFF",
      "#ACACACFF","#ADADADFF","#AEAEAEFF","#AFAFAFFF","#B0B0B0FF",
      "#B1B1B1FF","#B2B2B2FF","#B3B3B3FF","#B4B4B4FF","#B5B5B5FF",
      "#B6B6B6FF","#B7B7B7FF","#B8B8B8FF","#B9B9B9FF","#BABABAFF",
      "#BBBBBBFF","#BCBCBCFF","#BDBDBDFF","#BEBEBEFF","#BFBFBFFF",
      "#C0C0C0FF","#C1C1C1FF","#C2C2C2FF","#C3C3C3FF","#C4C4C4FF",
      "#C5C5C5FF","#C6C6C6FF","#C7C7C7FF","#C8C8C8FF","#C9C9C9FF",
      "#CACACAFF","#CBCBCBFF","#CCCCCCFF","#CDCDCDFF","#CECECEFF",
      "#CFCFCFFF","#D0D0D0FF","#D1D1D1FF","#D2D2D2FF","#D3D3D3FF",
      "#D4D4D4FF","#D5D5D5FF","#D6D6D6FF","#D7D7D7FF","#D8D8D8FF",
      "#D9D9D9FF","#DADADAFF","#DBDBDBFF","#DCDCDCFF","#DDDDDDFF",
      "#DEDEDEFF","#DFDFDFFF","#E0E0E0FF","#E1E1E1FF","#E2E2E2FF",
      "#E3E3E3FF","#E4E4E4FF","#E5E5E5FF","#E6E6E6FF","#E7E7E7FF",
      "#E8E8E8FF","#E9E9E9FF","#EAEAEAFF","#EBEBEBFF","#ECECECFF",
      "#EDEDEDFF","#EEEEEEFF","#EFEFEFFF","#F0F0F0FF","#F1F1F1FF",
      "#F2F2F2FF","#F3F3F3FF","#F4F4F4FF","#F5F5F5FF","#F6F6F6FF",
      "#F7F7F7FF","#F8F8F8FF","#F9F9F9FF","#FAFAFAFF","#FBFBFBFF",
      "#FCFCFCFF","#FDFDFDFF","#FEFEFEFF","#FFFFFFFF","#979797FF",
      "#00FF0000"
    ],
    "renderingIntent": "Perceptual",
    "gamma": 0.454545,
    "chromaticity": {
      "redPrimary": {
        "x": 0.64,
        "y": 0.33
      },
      "greenPrimary": {
        "x": 0.3,
        "y": 0.6
      },
      "bluePrimary": {
        "x": 0.15,
        "y": 0.06
      },
      "whitePrimary": {
        "x": 0.3127,
        "y": 0.329
      }
    },
    "matteColor": "#BDBDBD",
    "backgroundColor": "#00FF0000",
    "borderColor": "#DFDFDF",
    "transparentColor": "#00FF0000",
    "interlace": "None",
    "intensity": "Undefined",
    "compose": "Over",
    "pageGeometry": {
      "width": 420,
      "height": 480,
      "x": 21,
      "y": 21
    },
    "originGeometry": "+21+21",
    "dispose": "None",
    "delay": "20x100",
    "iterations": 0,
    "scene": 8,
    "scenes": 9,
    "compression": "LZW",
    "orientation": "Undefined",
    "properties": {
      "date:create": "2023-10-01T18:00:55+00:00",
      "date:modify": "2023-10-01T18:00:55+00:00",
      "signature": "45a23ad5d462454394a08b59e2da200c2340af2e54810697bcd96203e8b3d3f4"
    },
    "tainted": false,
    "filesize": "57351B",
    "numberPixels": "168519",
    "pixelsPerSecond": "329306B",
    "userTime": "0.640u",
    "elapsedTime": "0:01.511",
    "version": "ImageMagick 7.0.10-58 Q16 x86_64 2021-01-14 https://imagemagick.org"
  }
}]