{"v":"4.8.0","meta":{"g":"LottieFiles AE ","a":"","k":"","d":"","tc":""},"fr":60,"ip":0,"op":311,"w":1000,"h":1000,"nm":"49 - Space","ddd":0,"assets":[],"layers":[{"ddd":0,"ind":1,"ty":3,"nm":"Trigger","sr":1,"ks":{"o":{"a":0,"k":0,"ix":11},"r":{"a":0,"k":0,"ix":10},"p":{"a":0,"k":[500,500,0],"ix":2},"a":{"a":0,"k":[0,0,0],"ix":1},"s":{"a":0,"k":[100,100,100],"ix":6}},"ao":0,"ip":0,"op":600,"st":0,"bm":0},{"ddd":0,"ind":2,"ty":3,"nm":"Out Animation","sr":1,"ks":{"o":{"a":0,"k":0,"ix":11},"r":{"a":1,"k":[{"i":{"x":[0.667],"y":[1]},"o":{"x":[0.167],"y":[0]},"t":0,"s":[0]},{"i":{"x":[0],"y":[1]},"o":{"x":[0.333],"y":[0]},"t":240,"s":[0]},{"i":{"x":[0.667],"y":[1]},"o":{"x":[1],"y":[0]},"t":260,"s":[5]},{"t":300,"s":[-25]}],"ix":10},"p":{"a":0,"k":[500,500,0],"ix":2},"a":{"a":0,"k":[50,50,0],"ix":1},"s":{"a":1,"k":[{"i":{"x":[0,0,0.667],"y":[1,1,1]},"o":{"x":[0.333,0.333,0.333],"y":[0,0,0]},"t":240,"s":[100,100,100]},{"i":{"x":[0.667,0.667,0.667],"y":[1,1,1]},"o":{"x":[1,1,0.333],"y":[0,0,0]},"t":260,"s":[110,110,100]},{"t":300,"s":[0,0,100]}],"ix":6}},"ao":0,"ip":0,"op":600,"st":0,"bm":0},{"ddd":0,"ind":3,"ty":3,"nm":"Null 12","parent":2,"sr":1,"ks":{"o":{"a":0,"k":0,"ix":11},"r":{"a":1,"k":[{"i":{"x":[0.497],"y":[1]},"o":{"x":[0.508],"y":[0]},"t":0,"s":[90]},{"t":171,"s":[0]}],"ix":10},"p":{"a":0,"k":[49,41,0],"ix":2},"a":{"a":0,"k":[50,50,0],"ix":1},"s":{"a":0,"k":[100,100,100],"ix":6}},"ao":0,"ip":0,"op":600,"st":0,"bm":0},{"ddd":0,"ind":4,"ty":4,"nm":"Layer 3 Outlines","parent":3,"sr":1,"ks":{"o":{"a":0,"k":100,"ix":11},"r":{"a":0,"k":0,"ix":10},"p":{"a":0,"k":[97.83,331.32,0],"ix":2},"a":{"a":0,"k":[546.83,772.32,0],"ix":1},"s":{"a":1,"k":[{"i":{"x":[0.497,0.497,0.667],"y":[1,1,1]},"o":{"x":[0.508,0.508,0.333],"y":[0,0,0]},"t":40,"s":[0,0,100]},{"t":80,"s":[100,100,100]}],"ix":6}},"ao":0,"shapes":[{"ty":"gr","it":[{"ind":0,"ty":"sh","ix":1,"ks":{"a":0,"k":{"i":[[8.514,9.999],[-10.78,-7.231],[-5.546,-3.351],[-2.784,-1.654],[-2.834,-1.566],[-2.882,-1.479],[0,0],[0,0],[0,0],[0,0],[-1.493,-0.63],[0,0],[-6.051,-2.414],[-3.063,-1.129],[-3.063,-1.194],[3.208,0.691],[3.141,0.948],[0,0],[0,0],[0,0],[0,0],[3.001,1.35],[0,0],[0,0],[0,0],[0,0],[2.858,1.638],[10.466,7.97]],"o":[[10.074,8.371],[5.407,3.591],[2.804,1.624],[2.817,1.598],[2.796,1.637],[0,0],[0,0],[0,0],[0,0],[1.452,0.727],[0,0],[5.914,2.694],[2.993,1.312],[3.069,1.109],[-3.215,-0.607],[-3.205,-0.702],[0,0],[0,0],[0,0],[0,0],[-3.08,-1.148],[0,0],[0,0],[0,0],[0,0],[-2.946,-1.468],[-11.579,-6.275],[-10.445,-7.972]],"v":[[-67.996,-37.302],[-36.611,-14.068],[-20.204,-3.621],[-11.854,1.349],[-3.345,6.04],[5.231,10.601],[9.553,12.82],[11.714,13.93],[13.913,14.964],[22.69,19.144],[27.13,21.125],[31.589,23.072],[49.629,30.467],[58.791,33.876],[67.995,37.302],[58.367,35.324],[48.798,33.006],[39.341,30.233],[36.976,29.528],[34.659,28.694],[30.021,27.018],[20.794,23.519],[11.72,19.628],[9.458,18.639],[7.247,17.541],[2.825,15.344],[-5.951,10.814],[-39.072,-10.626]],"c":true},"ix":2},"nm":"Path 1","mn":"ADBE Vector Shape - Group","hd":false},{"ty":"fl","c":{"a":0,"k":[0.736999990426,0.447000002394,0.231000010173,1],"ix":4},"o":{"a":0,"k":100,"ix":5},"r":1,"bm":0,"nm":"Fill 1","mn":"ADBE Vector Graphic - Fill","hd":false},{"ty":"tr","p":{"a":0,"k":[536.039,792.168],"ix":2},"a":{"a":0,"k":[0,0],"ix":1},"s":{"a":0,"k":[100,100],"ix":3},"r":{"a":0,"k":0,"ix":6},"o":{"a":0,"k":100,"ix":7},"sk":{"a":0,"k":0,"ix":4},"sa":{"a":0,"k":0,"ix":5},"nm":"Transform"}],"nm":"Group 1","np":2,"cix":2,"bm":0,"ix":1,"mn":"ADBE Vector Group","hd":false},{"ty":"gr","it":[{"ind":0,"ty":"sh","ix":1,"ks":{"a":0,"k":{"i":[[-12.486,22.761],[0,0],[52.604,28.859],[-8.165,14.884],[0,0],[-65.88,-36.141]],"o":[[0,0],[-8.165,14.883],[-52.603,-28.857],[0,0],[-12.486,22.76],[65.879,36.141]],"v":[[120.762,51.443],[96.711,38.249],[-9.741,14.926],[-84.225,-61.01],[-108.276,-74.205],[-17.56,29.181]],"c":true},"ix":2},"nm":"Path 1","mn":"ADBE Vector Shape - Group","hd":false},{"ty":"fl","c":{"a":0,"k":[0.666999966491,0.404000016755,0.161000001197,1],"ix":4},"o":{"a":0,"k":100,"ix":5},"r":1,"bm":0,"nm":"Fill 1","mn":"ADBE Vector Graphic - Fill","hd":false},{"ty":"tr","p":{"a":0,"k":[541.783,777.455],"ix":2},"a":{"a":0,"k":[0,0],"ix":1},"s":{"a":0,"k":[100,100],"ix":3},"r":{"a":0,"k":0,"ix":6},"o":{"a":0,"k":100,"ix":7},"sk":{"a":0,"k":0,"ix":4},"sa":{"a":0,"k":0,"ix":5},"nm":"Transform"}],"nm":"Group 2","np":2,"cix":2,"bm":0,"ix":2,"mn":"ADBE Vector Group","hd":false}],"ip":40,"op":640,"st":40,"bm":0},{"ddd":0,"ind":5,"ty":4,"nm":"Layer 4 Outlines","parent":3,"sr":1,"ks":{"o":{"a":0,"k":100,"ix":11},"r":{"a":1,"k":[{"i":{"x":[0.497],"y":[1]},"o":{"x":[0.508],"y":[0]},"t":70,"s":[360]},{"t":199,"s":[0]}],"ix":10},"p":{"a":0,"k":[99.202,327.579,0],"ix":2},"a":{"a":0,"k":[548.202,768.579,0],"ix":1},"s":{"a":1,"k":[{"i":{"x":[0.497,0.497,0.667],"y":[1,1,1]},"o":{"x":[0.508,0.508,0.333],"y":[0,0,0]},"t":50,"s":[0,0,100]},{"t":90,"s":[100,100,100]}],"ix":6}},"ao":0,"shapes":[{"ty":"gr","it":[{"ind":0,"ty":"sh","ix":1,"ks":{"a":0,"k":{"i":[[-3.895,-25.462],[2.59,2.041],[6.311,-5.848],[5.659,-4.655],[5.437,4.624],[-4.551,3.797],[2.846,1.561],[5.004,-3.463],[5.16,1.808],[-2.074,1.922],[0,0],[0.073,1.06],[4,0.487],[0.538,1.847],[-2.617,4.771],[0.429,0.436],[-15.603,-8.561]],"o":[[-5.692,-1.958],[-6.503,-5.119],[-6.313,5.849],[-3.422,2.815],[-4.514,-3.841],[10.306,-8.604],[-3.578,-1.964],[-3.065,2.122],[-2.669,-0.936],[0,0],[0.779,-0.722],[-0.098,-1.398],[-7.274,-0.887],[-0.539,-1.848],[2.565,-4.676],[16.476,-1.546],[24.335,13.35]],"v":[[46.332,30.713],[32.984,23.811],[14.513,29.195],[6.775,40.47],[-7.516,35.833],[-7.49,21.109],[0.047,-6.674],[-11.807,0.79],[-27.289,-0.822],[-28.602,-7.111],[-27.409,-8.216],[-26.209,-11.02],[-31.315,-14.568],[-44.669,-15.686],[-37.587,-25.768],[-46.331,-41.739],[2.823,-31.534]],"c":true},"ix":2},"nm":"Path 1","mn":"ADBE Vector Shape - Group","hd":false},{"ty":"fl","c":{"a":0,"k":[0.827000038297,0.658999992819,0.490000017952,1],"ix":4},"o":{"a":0,"k":100,"ix":5},"r":1,"bm":0,"nm":"Fill 1","mn":"ADBE Vector Graphic - Fill","hd":false},{"ty":"tr","p":{"a":0,"k":[586.61,724.961],"ix":2},"a":{"a":0,"k":[0,0],"ix":1},"s":{"a":0,"k":[100,100],"ix":3},"r":{"a":0,"k":0,"ix":6},"o":{"a":0,"k":100,"ix":7},"sk":{"a":0,"k":0,"ix":4},"sa":{"a":0,"k":0,"ix":5},"nm":"Transform"}],"nm":"Group 1","np":2,"cix":2,"bm":0,"ix":1,"mn":"ADBE Vector Group","hd":false},{"ty":"gr","it":[{"ind":0,"ty":"sh","ix":1,"ks":{"a":0,"k":{"i":[[1.395,-2.542],[2.541,1.395],[-1.394,2.541],[-2.542,-1.394]],"o":[[-1.394,2.541],[-2.541,-1.393],[1.394,-2.541],[2.541,1.395]],"v":[[4.601,2.525],[-2.524,4.601],[-4.602,-2.524],[2.524,-4.601]],"c":true},"ix":2},"nm":"Path 1","mn":"ADBE Vector Shape - Group","hd":false},{"ty":"fl","c":{"a":0,"k":[0.788000009574,0.620000023935,0.411999990426,1],"ix":4},"o":{"a":0,"k":100,"ix":5},"r":1,"bm":0,"nm":"Fill 1","mn":"ADBE Vector Graphic - Fill","hd":false},{"ty":"tr","p":{"a":0,"k":[545.437,764.733],"ix":2},"a":{"a":0,"k":[0,0],"ix":1},"s":{"a":0,"k":[100,100],"ix":3},"r":{"a":0,"k":0,"ix":6},"o":{"a":0,"k":100,"ix":7},"sk":{"a":0,"k":0,"ix":4},"sa":{"a":0,"k":0,"ix":5},"nm":"Transform"}],"nm":"Group 2","np":2,"cix":2,"bm":0,"ix":2,"mn":"ADBE Vector Group","hd":false},{"ty":"gr","it":[{"ind":0,"ty":"sh","ix":1,"ks":{"a":0,"k":{"i":[[1.626,-2.965],[2.964,1.626],[-1.626,2.965],[-2.965,-1.626]],"o":[[-1.626,2.965],[-2.964,-1.627],[1.627,-2.964],[2.964,1.626]],"v":[[5.368,2.945],[-2.945,5.368],[-5.368,-2.945],[2.945,-5.368]],"c":true},"ix":2},"nm":"Path 1","mn":"ADBE Vector Shape - Group","hd":false},{"ty":"fl","c":{"a":0,"k":[0.757000014361,0.583999992819,0.395999983245,1],"ix":4},"o":{"a":0,"k":100,"ix":5},"r":1,"bm":0,"nm":"Fill 1","mn":"ADBE Vector Graphic - Fill","hd":false},{"ty":"tr","p":{"a":0,"k":[546.203,765.154],"ix":2},"a":{"a":0,"k":[0,0],"ix":1},"s":{"a":0,"k":[100,100],"ix":3},"r":{"a":0,"k":0,"ix":6},"o":{"a":0,"k":100,"ix":7},"sk":{"a":0,"k":0,"ix":4},"sa":{"a":0,"k":0,"ix":5},"nm":"Transform"}],"nm":"Group 3","np":2,"cix":2,"bm":0,"ix":3,"mn":"ADBE Vector Group","hd":false},{"ty":"gr","it":[{"ind":0,"ty":"sh","ix":1,"ks":{"a":0,"k":{"i":[[1.394,-2.541],[2.541,1.394],[-1.394,2.541],[-2.541,-1.395]],"o":[[-1.394,2.541],[-2.542,-1.394],[1.394,-2.542],[2.541,1.394]],"v":[[4.601,2.524],[-2.524,4.601],[-4.601,-2.524],[2.524,-4.601]],"c":true},"ix":2},"nm":"Path 1","mn":"ADBE Vector Shape - Group","hd":false},{"ty":"fl","c":{"a":0,"k":[0.788000009574,0.620000023935,0.411999990426,1],"ix":4},"o":{"a":0,"k":100,"ix":5},"r":1,"bm":0,"nm":"Fill 1","mn":"ADBE Vector Graphic - Fill","hd":false},{"ty":"tr","p":{"a":0,"k":[493.984,756.682],"ix":2},"a":{"a":0,"k":[0,0],"ix":1},"s":{"a":0,"k":[100,100],"ix":3},"r":{"a":0,"k":0,"ix":6},"o":{"a":0,"k":100,"ix":7},"sk":{"a":0,"k":0,"ix":4},"sa":{"a":0,"k":0,"ix":5},"nm":"Transform"}],"nm":"Group 4","np":2,"cix":2,"bm":0,"ix":4,"mn":"ADBE Vector Group","hd":false},{"ty":"gr","it":[{"ind":0,"ty":"sh","ix":1,"ks":{"a":0,"k":{"i":[[1.627,-2.965],[2.965,1.626],[-1.626,2.964],[-2.965,-1.626]],"o":[[-1.626,2.965],[-2.964,-1.626],[1.627,-2.964],[2.965,1.626]],"v":[[5.368,2.945],[-2.945,5.368],[-5.368,-2.945],[2.945,-5.368]],"c":true},"ix":2},"nm":"Path 1","mn":"ADBE Vector Shape - Group","hd":false},{"ty":"fl","c":{"a":0,"k":[0.757000014361,0.583999992819,0.395999983245,1],"ix":4},"o":{"a":0,"k":100,"ix":5},"r":1,"bm":0,"nm":"Fill 1","mn":"ADBE Vector Graphic - Fill","hd":false},{"ty":"tr","p":{"a":0,"k":[494.752,757.103],"ix":2},"a":{"a":0,"k":[0,0],"ix":1},"s":{"a":0,"k":[100,100],"ix":3},"r":{"a":0,"k":0,"ix":6},"o":{"a":0,"k":100,"ix":7},"sk":{"a":0,"k":0,"ix":4},"sa":{"a":0,"k":0,"ix":5},"nm":"Transform"}],"nm":"Group 5","np":2,"cix":2,"bm":0,"ix":5,"mn":"ADBE Vector Group","hd":false},{"ty":"gr","it":[{"ind":0,"ty":"sh","ix":1,"ks":{"a":0,"k":{"i":[[1.394,-2.541],[2.542,1.395],[-1.395,2.541],[-2.541,-1.394]],"o":[[-1.395,2.542],[-2.541,-1.393],[1.393,-2.541],[2.541,1.395]],"v":[[4.602,2.524],[-2.525,4.601],[-4.601,-2.524],[2.524,-4.601]],"c":true},"ix":2},"nm":"Path 1","mn":"ADBE Vector Shape - Group","hd":false},{"ty":"fl","c":{"a":0,"k":[0.788000009574,0.620000023935,0.411999990426,1],"ix":4},"o":{"a":0,"k":100,"ix":5},"r":1,"bm":0,"nm":"Fill 1","mn":"ADBE Vector Graphic - Fill","hd":false},{"ty":"tr","p":{"a":0,"k":[525.646,820.609],"ix":2},"a":{"a":0,"k":[0,0],"ix":1},"s":{"a":0,"k":[100,100],"ix":3},"r":{"a":0,"k":0,"ix":6},"o":{"a":0,"k":100,"ix":7},"sk":{"a":0,"k":0,"ix":4},"sa":{"a":0,"k":0,"ix":5},"nm":"Transform"}],"nm":"Group 6","np":2,"cix":2,"bm":0,"ix":6,"mn":"ADBE Vector Group","hd":false},{"ty":"gr","it":[{"ind":0,"ty":"sh","ix":1,"ks":{"a":0,"k":{"i":[[1.627,-2.965],[2.965,1.627],[-1.627,2.965],[-2.965,-1.626]],"o":[[-1.626,2.965],[-2.964,-1.626],[1.626,-2.964],[2.965,1.626]],"v":[[5.368,2.945],[-2.945,5.367],[-5.367,-2.945],[2.945,-5.368]],"c":true},"ix":2},"nm":"Path 1","mn":"ADBE Vector Shape - Group","hd":false},{"ty":"fl","c":{"a":0,"k":[0.757000014361,0.583999992819,0.395999983245,1],"ix":4},"o":{"a":0,"k":100,"ix":5},"r":1,"bm":0,"nm":"Fill 1","mn":"ADBE Vector Graphic - Fill","hd":false},{"ty":"tr","p":{"a":0,"k":[526.414,821.03],"ix":2},"a":{"a":0,"k":[0,0],"ix":1},"s":{"a":0,"k":[100,100],"ix":3},"r":{"a":0,"k":0,"ix":6},"o":{"a":0,"k":100,"ix":7},"sk":{"a":0,"k":0,"ix":4},"sa":{"a":0,"k":0,"ix":5},"nm":"Transform"}],"nm":"Group 7","np":2,"cix":2,"bm":0,"ix":7,"mn":"ADBE Vector Group","hd":false},{"ty":"gr","it":[{"ind":0,"ty":"sh","ix":1,"ks":{"a":0,"k":{"i":[[2.168,-3.952],[3.953,2.168],[-2.168,3.954],[-3.954,-2.168]],"o":[[-2.169,3.953],[-3.953,-2.169],[2.169,-3.953],[3.953,2.169]],"v":[[7.158,3.926],[-3.927,7.157],[-7.157,-3.927],[3.927,-7.158]],"c":true},"ix":2},"nm":"Path 1","mn":"ADBE Vector Shape - Group","hd":false},{"ty":"fl","c":{"a":0,"k":[0.788000009574,0.620000023935,0.411999990426,1],"ix":4},"o":{"a":0,"k":100,"ix":5},"r":1,"bm":0,"nm":"Fill 1","mn":"ADBE Vector Graphic - Fill","hd":false},{"ty":"tr","p":{"a":0,"k":[576.022,805.567],"ix":2},"a":{"a":0,"k":[0,0],"ix":1},"s":{"a":0,"k":[100,100],"ix":3},"r":{"a":0,"k":0,"ix":6},"o":{"a":0,"k":100,"ix":7},"sk":{"a":0,"k":0,"ix":4},"sa":{"a":0,"k":0,"ix":5},"nm":"Transform"}],"nm":"Group 8","np":2,"cix":2,"bm":0,"ix":8,"mn":"ADBE Vector Group","hd":false},{"ty":"gr","it":[{"ind":0,"ty":"sh","ix":1,"ks":{"a":0,"k":{"i":[[2.529,-4.612],[4.613,2.53],[-2.529,4.611],[-4.612,-2.53]],"o":[[-2.53,4.611],[-4.611,-2.53],[2.53,-4.612],[4.612,2.531]],"v":[[8.351,4.582],[-4.581,8.351],[-8.351,-4.58],[4.581,-8.35]],"c":true},"ix":2},"nm":"Path 1","mn":"ADBE Vector Shape - Group","hd":false},{"ty":"fl","c":{"a":0,"k":[0.757000014361,0.583999992819,0.395999983245,1],"ix":4},"o":{"a":0,"k":100,"ix":5},"r":1,"bm":0,"nm":"Fill 1","mn":"ADBE Vector Graphic - Fill","hd":false},{"ty":"tr","p":{"a":0,"k":[577.215,806.221],"ix":2},"a":{"a":0,"k":[0,0],"ix":1},"s":{"a":0,"k":[100,100],"ix":3},"r":{"a":0,"k":0,"ix":6},"o":{"a":0,"k":100,"ix":7},"sk":{"a":0,"k":0,"ix":4},"sa":{"a":0,"k":0,"ix":5},"nm":"Transform"}],"nm":"Group 9","np":2,"cix":2,"bm":0,"ix":9,"mn":"ADBE Vector Group","hd":false},{"ty":"gr","it":[{"ind":0,"ty":"sh","ix":1,"ks":{"a":0,"k":{"i":[[9.424,-17.178],[41.501,22.767],[-22.767,41.502],[-27.366,2.585],[0,0],[-15.603,-8.56],[-3.895,-25.462]],"o":[[-22.767,41.501],[-41.501,-22.768],[14.208,-25.897],[0,0],[16.476,-1.546],[24.335,13.35],[2.755,17.978]],"v":[[80.367,35.72],[-36.014,69.645],[-69.939,-46.737],[-2.724,-90.872],[-2.711,-90.866],[46.443,-80.661],[89.951,-18.414]],"c":true},"ix":2},"nm":"Path 1","mn":"ADBE Vector Shape - Group","hd":false},{"ty":"fl","c":{"a":0,"k":[0.838999968884,0.675,0.438999998803,1],"ix":4},"o":{"a":0,"k":100,"ix":5},"r":1,"bm":0,"nm":"Fill 1","mn":"ADBE Vector Graphic - Fill","hd":false},{"ty":"tr","p":{"a":0,"k":[542.99,774.088],"ix":2},"a":{"a":0,"k":[0,0],"ix":1},"s":{"a":0,"k":[100,100],"ix":3},"r":{"a":0,"k":0,"ix":6},"o":{"a":0,"k":100,"ix":7},"sk":{"a":0,"k":0,"ix":4},"sa":{"a":0,"k":0,"ix":5},"nm":"Transform"}],"nm":"Group 10","np":2,"cix":2,"bm":0,"ix":10,"mn":"ADBE Vector Group","hd":false}],"ip":50,"op":650,"st":50,"bm":0},{"ddd":0,"ind":6,"ty":4,"nm":"Layer 5 Outlines","parent":4,"sr":1,"ks":{"o":{"a":0,"k":100,"ix":11},"r":{"a":0,"k":0,"ix":10},"p":{"a":0,"k":[549.102,759.745,0],"ix":2},"a":{"a":0,"k":[549.102,759.745,0],"ix":1},"s":{"a":0,"k":[100,100,100],"ix":6}},"ao":0,"shapes":[{"ty":"gr","it":[{"ind":0,"ty":"sh","ix":1,"ks":{"a":0,"k":{"i":[[65.879,36.141],[12.486,-22.761],[0,0],[-52.604,-28.858],[8.166,-14.884],[0,0]],"o":[[-65.879,-36.141],[0,0],[8.165,-14.884],[52.602,28.857],[0,0],[12.486,-22.76]],"v":[[15.175,-30.491],[-120.762,-51.443],[-96.711,-38.25],[7.356,-16.237],[84.225,61.01],[108.276,74.205]],"c":true},"ix":2},"nm":"Path 1","mn":"ADBE Vector Shape - Group","hd":false},{"ty":"fl","c":{"a":0,"k":[0.666999966491,0.404000016755,0.161000001197,1],"ix":4},"o":{"a":0,"k":100,"ix":5},"r":1,"bm":0,"nm":"Fill 1","mn":"ADBE Vector Graphic - Fill","hd":false},{"ty":"tr","p":{"a":0,"k":[554.202,754.817],"ix":2},"a":{"a":0,"k":[0,0],"ix":1},"s":{"a":0,"k":[100,100],"ix":3},"r":{"a":0,"k":0,"ix":6},"o":{"a":0,"k":100,"ix":7},"sk":{"a":0,"k":0,"ix":4},"sa":{"a":0,"k":0,"ix":5},"nm":"Transform"}],"nm":"Group 1","np":2,"cix":2,"bm":0,"ix":1,"mn":"ADBE Vector Group","hd":false}],"ip":40,"op":640,"st":40,"bm":0},{"ddd":0,"ind":7,"ty":4,"nm":"Layer 6 Outlines","parent":2,"sr":1,"ks":{"o":{"a":0,"k":100,"ix":11},"r":{"a":0,"k":0,"ix":10},"p":{"a":0,"k":[-74.489,-235.024,0],"ix":2},"a":{"a":0,"k":[375.511,214.976,0],"ix":1},"s":{"a":1,"k":[{"i":{"x":[0.549,0.549,0.667],"y":[1,1,1]},"o":{"x":[0.455,0.455,0.333],"y":[0,0,0]},"t":80,"s":[0,0,100]},{"i":{"x":[0.539,0.539,0.667],"y":[1,1,1]},"o":{"x":[0.452,0.452,0.333],"y":[0,0,0]},"t":120,"s":[100,99.993,100]},{"i":{"x":[0.549,0.549,0.667],"y":[1,1,1]},"o":{"x":[0.456,0.456,0.333],"y":[0,0,0]},"t":130,"s":[0,0,100]},{"i":{"x":[0.833,0.833,0.833],"y":[1,1,1]},"o":{"x":[0.333,0.333,0.333],"y":[0,0,0]},"t":150,"s":[100,100,100]},{"i":{"x":[0.833,0.833,0.833],"y":[1,1,1]},"o":{"x":[0.167,0.167,0.167],"y":[0,0,0]},"t":160,"s":[0,0,100]},{"t":180,"s":[100,100,100]}],"ix":6}},"ao":0,"shapes":[{"ty":"gr","it":[{"ind":0,"ty":"sh","ix":1,"ks":{"a":0,"k":{"i":[[0,0],[0,0],[0,0],[0,0],[0,0],[0,0],[0,0],[0,0],[0,0],[0,0]],"o":[[0,0],[0,0],[0,0],[0,0],[0,0],[0,0],[0,0],[0,0],[0,0],[0,0]],"v":[[0,-6.147],[1.526,-1.451],[6.463,-1.451],[2.469,1.451],[3.995,6.147],[0,3.245],[-3.994,6.147],[-2.469,1.451],[-6.463,-1.451],[-1.525,-1.451]],"c":true},"ix":2},"nm":"Path 1","mn":"ADBE Vector Shape - Group","hd":false},{"ty":"fl","c":{"a":0,"k":[1,1,1,1],"ix":4},"o":{"a":0,"k":100,"ix":5},"r":1,"bm":0,"nm":"Fill 1","mn":"ADBE Vector Graphic - Fill","hd":false},{"ty":"tr","p":{"a":0,"k":[375.511,214.976],"ix":2},"a":{"a":0,"k":[0,0],"ix":1},"s":{"a":0,"k":[100,100],"ix":3},"r":{"a":0,"k":0,"ix":6},"o":{"a":0,"k":100,"ix":7},"sk":{"a":0,"k":0,"ix":4},"sa":{"a":0,"k":0,"ix":5},"nm":"Transform"}],"nm":"Group 1","np":2,"cix":2,"bm":0,"ix":1,"mn":"ADBE Vector Group","hd":false}],"ip":80,"op":680,"st":80,"bm":0},{"ddd":0,"ind":8,"ty":4,"nm":"Layer 7 Outlines","parent":2,"sr":1,"ks":{"o":{"a":0,"k":100,"ix":11},"r":{"a":0,"k":0,"ix":10},"p":{"a":0,"k":[40.311,-118.824,0],"ix":2},"a":{"a":0,"k":[490.311,331.176,0],"ix":1},"s":{"a":1,"k":[{"i":{"x":[0.549,0.549,0.667],"y":[1,1,1]},"o":{"x":[0.455,0.455,0.333],"y":[0,0,0]},"t":90,"s":[0,0,100]},{"i":{"x":[0.539,0.539,0.667],"y":[1,1,1]},"o":{"x":[0.452,0.452,0.333],"y":[0,0,0]},"t":130,"s":[100,99.993,100]},{"i":{"x":[0.549,0.549,0.667],"y":[1,1,1]},"o":{"x":[0.456,0.456,0.333],"y":[0,0,0]},"t":140,"s":[0,0,100]},{"i":{"x":[0.833,0.833,0.833],"y":[1,1,1]},"o":{"x":[0.333,0.333,0.333],"y":[0,0,0]},"t":160,"s":[100,100,100]},{"i":{"x":[0.833,0.833,0.833],"y":[1,1,1]},"o":{"x":[0.167,0.167,0.167],"y":[0,0,0]},"t":170,"s":[0,0,100]},{"t":190,"s":[100,100,100]}],"ix":6}},"ao":0,"shapes":[{"ty":"gr","it":[{"ind":0,"ty":"sh","ix":1,"ks":{"a":0,"k":{"i":[[0,0],[0,0],[0,0],[0,0],[0,0],[0,0],[0,0],[0,0],[0,0],[0,0]],"o":[[0,0],[0,0],[0,0],[0,0],[0,0],[0,0],[0,0],[0,0],[0,0],[0,0]],"v":[[0,-6.147],[1.525,-1.45],[6.463,-1.45],[2.469,1.452],[3.994,6.147],[0,3.246],[-3.995,6.147],[-2.469,1.452],[-6.463,-1.45],[-1.526,-1.45]],"c":true},"ix":2},"nm":"Path 1","mn":"ADBE Vector Shape - Group","hd":false},{"ty":"fl","c":{"a":0,"k":[1,1,1,1],"ix":4},"o":{"a":0,"k":100,"ix":5},"r":1,"bm":0,"nm":"Fill 1","mn":"ADBE Vector Graphic - Fill","hd":false},{"ty":"tr","p":{"a":0,"k":[490.311,331.176],"ix":2},"a":{"a":0,"k":[0,0],"ix":1},"s":{"a":0,"k":[100,100],"ix":3},"r":{"a":0,"k":0,"ix":6},"o":{"a":0,"k":100,"ix":7},"sk":{"a":0,"k":0,"ix":4},"sa":{"a":0,"k":0,"ix":5},"nm":"Transform"}],"nm":"Group 1","np":2,"cix":2,"bm":0,"ix":1,"mn":"ADBE Vector Group","hd":false}],"ip":90,"op":690,"st":90,"bm":0},{"ddd":0,"ind":9,"ty":4,"nm":"Layer 8 Outlines","parent":2,"sr":1,"ks":{"o":{"a":0,"k":100,"ix":11},"r":{"a":0,"k":0,"ix":10},"p":{"a":0,"k":[-159.889,32.376,0],"ix":2},"a":{"a":0,"k":[290.111,482.376,0],"ix":1},"s":{"a":1,"k":[{"i":{"x":[0.549,0.549,0.667],"y":[1,1,1]},"o":{"x":[0.455,0.455,0.333],"y":[0,0,0]},"t":80,"s":[0,0,100]},{"i":{"x":[0.539,0.539,0.667],"y":[1,1,1]},"o":{"x":[0.452,0.452,0.333],"y":[0,0,0]},"t":120,"s":[100,99.993,100]},{"i":{"x":[0.549,0.549,0.667],"y":[1,1,1]},"o":{"x":[0.456,0.456,0.333],"y":[0,0,0]},"t":130,"s":[0,0,100]},{"i":{"x":[0.833,0.833,0.833],"y":[1,1,1]},"o":{"x":[0.333,0.333,0.333],"y":[0,0,0]},"t":150,"s":[100,100,100]},{"i":{"x":[0.833,0.833,0.833],"y":[1,1,1]},"o":{"x":[0.167,0.167,0.167],"y":[0,0,0]},"t":160,"s":[0,0,100]},{"t":180,"s":[100,100,100]}],"ix":6}},"ao":0,"shapes":[{"ty":"gr","it":[{"ind":0,"ty":"sh","ix":1,"ks":{"a":0,"k":{"i":[[0,0],[0,0],[0,0],[0,0],[0,0],[0,0],[0,0],[0,0],[0,0],[0,0]],"o":[[0,0],[0,0],[0,0],[0,0],[0,0],[0,0],[0,0],[0,0],[0,0],[0,0]],"v":[[0,-6.147],[1.526,-1.451],[6.463,-1.451],[2.469,1.451],[3.995,6.147],[0,3.245],[-3.994,6.147],[-2.469,1.451],[-6.463,-1.451],[-1.526,-1.451]],"c":true},"ix":2},"nm":"Path 1","mn":"ADBE Vector Shape - Group","hd":false},{"ty":"fl","c":{"a":0,"k":[1,1,1,1],"ix":4},"o":{"a":0,"k":100,"ix":5},"r":1,"bm":0,"nm":"Fill 1","mn":"ADBE Vector Graphic - Fill","hd":false},{"ty":"tr","p":{"a":0,"k":[290.111,482.376],"ix":2},"a":{"a":0,"k":[0,0],"ix":1},"s":{"a":0,"k":[100,100],"ix":3},"r":{"a":0,"k":0,"ix":6},"o":{"a":0,"k":100,"ix":7},"sk":{"a":0,"k":0,"ix":4},"sa":{"a":0,"k":0,"ix":5},"nm":"Transform"}],"nm":"Group 1","np":2,"cix":2,"bm":0,"ix":1,"mn":"ADBE Vector Group","hd":false}],"ip":80,"op":680,"st":80,"bm":0},{"ddd":0,"ind":10,"ty":4,"nm":"Layer 9 Outlines","parent":2,"sr":1,"ks":{"o":{"a":0,"k":100,"ix":11},"r":{"a":0,"k":0,"ix":10},"p":{"a":0,"k":[86.511,-247.624,0],"ix":2},"a":{"a":0,"k":[536.511,202.376,0],"ix":1},"s":{"a":1,"k":[{"i":{"x":[0.549,0.549,0.667],"y":[1,1,1]},"o":{"x":[0.455,0.455,0.333],"y":[0,0,0]},"t":100,"s":[0,0,100]},{"i":{"x":[0.539,0.539,0.667],"y":[1,1,1]},"o":{"x":[0.452,0.452,0.333],"y":[0,0,0]},"t":140,"s":[100,99.993,100]},{"i":{"x":[0.549,0.549,0.667],"y":[1,1,1]},"o":{"x":[0.456,0.456,0.333],"y":[0,0,0]},"t":150,"s":[0,0,100]},{"i":{"x":[0.833,0.833,0.833],"y":[1,1,1]},"o":{"x":[0.333,0.333,0.333],"y":[0,0,0]},"t":170,"s":[100,100,100]},{"i":{"x":[0.833,0.833,0.833],"y":[1,1,1]},"o":{"x":[0.167,0.167,0.167],"y":[0,0,0]},"t":180,"s":[0,0,100]},{"t":200,"s":[100,100,100]}],"ix":6}},"ao":0,"shapes":[{"ty":"gr","it":[{"ind":0,"ty":"sh","ix":1,"ks":{"a":0,"k":{"i":[[0,0],[0,0],[0,0],[0,0],[0,0],[0,0],[0,0],[0,0],[0,0],[0,0]],"o":[[0,0],[0,0],[0,0],[0,0],[0,0],[0,0],[0,0],[0,0],[0,0],[0,0]],"v":[[0,-6.147],[1.526,-1.451],[6.463,-1.451],[2.469,1.451],[3.994,6.147],[0,3.245],[-3.994,6.147],[-2.469,1.451],[-6.463,-1.451],[-1.525,-1.451]],"c":true},"ix":2},"nm":"Path 1","mn":"ADBE Vector Shape - Group","hd":false},{"ty":"fl","c":{"a":0,"k":[1,1,1,1],"ix":4},"o":{"a":0,"k":100,"ix":5},"r":1,"bm":0,"nm":"Fill 1","mn":"ADBE Vector Graphic - Fill","hd":false},{"ty":"tr","p":{"a":0,"k":[536.511,202.376],"ix":2},"a":{"a":0,"k":[0,0],"ix":1},"s":{"a":0,"k":[100,100],"ix":3},"r":{"a":0,"k":0,"ix":6},"o":{"a":0,"k":100,"ix":7},"sk":{"a":0,"k":0,"ix":4},"sa":{"a":0,"k":0,"ix":5},"nm":"Transform"}],"nm":"Group 1","np":2,"cix":2,"bm":0,"ix":1,"mn":"ADBE Vector Group","hd":false}],"ip":100,"op":700,"st":100,"bm":0},{"ddd":0,"ind":11,"ty":4,"nm":"Layer 10 Outlines","parent":2,"sr":1,"ks":{"o":{"a":0,"k":100,"ix":11},"r":{"a":0,"k":0,"ix":10},"p":{"a":0,"k":[356.711,32.376,0],"ix":2},"a":{"a":0,"k":[806.711,482.376,0],"ix":1},"s":{"a":1,"k":[{"i":{"x":[0.549,0.549,0.667],"y":[1,1,1]},"o":{"x":[0.455,0.455,0.333],"y":[0,0,0]},"t":80,"s":[0,0,100]},{"i":{"x":[0.539,0.539,0.667],"y":[1,1,1]},"o":{"x":[0.452,0.452,0.333],"y":[0,0,0]},"t":120,"s":[100,99.993,100]},{"i":{"x":[0.549,0.549,0.667],"y":[1,1,1]},"o":{"x":[0.456,0.456,0.333],"y":[0,0,0]},"t":130,"s":[0,0,100]},{"i":{"x":[0.833,0.833,0.833],"y":[1,1,1]},"o":{"x":[0.333,0.333,0.333],"y":[0,0,0]},"t":150,"s":[100,100,100]},{"i":{"x":[0.833,0.833,0.833],"y":[1,1,1]},"o":{"x":[0.167,0.167,0.167],"y":[0,0,0]},"t":160,"s":[0,0,100]},{"t":180,"s":[100,100,100]}],"ix":6}},"ao":0,"shapes":[{"ty":"gr","it":[{"ind":0,"ty":"sh","ix":1,"ks":{"a":0,"k":{"i":[[0,0],[0,0],[0,0],[0,0],[0,0],[0,0],[0,0],[0,0],[0,0],[0,0]],"o":[[0,0],[0,0],[0,0],[0,0],[0,0],[0,0],[0,0],[0,0],[0,0],[0,0]],"v":[[0,-6.147],[1.525,-1.451],[6.463,-1.451],[2.469,1.451],[3.994,6.147],[0,3.245],[-3.994,6.147],[-2.469,1.451],[-6.463,-1.451],[-1.525,-1.451]],"c":true},"ix":2},"nm":"Path 1","mn":"ADBE Vector Shape - Group","hd":false},{"ty":"fl","c":{"a":0,"k":[1,1,1,1],"ix":4},"o":{"a":0,"k":100,"ix":5},"r":1,"bm":0,"nm":"Fill 1","mn":"ADBE Vector Graphic - Fill","hd":false},{"ty":"tr","p":{"a":0,"k":[806.711,482.376],"ix":2},"a":{"a":0,"k":[0,0],"ix":1},"s":{"a":0,"k":[100,100],"ix":3},"r":{"a":0,"k":0,"ix":6},"o":{"a":0,"k":100,"ix":7},"sk":{"a":0,"k":0,"ix":4},"sa":{"a":0,"k":0,"ix":5},"nm":"Transform"}],"nm":"Group 1","np":2,"cix":2,"bm":0,"ix":1,"mn":"ADBE Vector Group","hd":false}],"ip":80,"op":680,"st":80,"bm":0},{"ddd":0,"ind":12,"ty":4,"nm":"Layer 11 Outlines","parent":2,"sr":1,"ks":{"o":{"a":0,"k":100,"ix":11},"r":{"a":0,"k":0,"ix":10},"p":{"a":0,"k":[218.111,37.976,0],"ix":2},"a":{"a":0,"k":[668.111,487.976,0],"ix":1},"s":{"a":1,"k":[{"i":{"x":[0.549,0.549,0.667],"y":[1,1,1]},"o":{"x":[0.455,0.455,0.333],"y":[0,0,0]},"t":90,"s":[0,0,100]},{"i":{"x":[0.539,0.539,0.667],"y":[1,1,1]},"o":{"x":[0.452,0.452,0.333],"y":[0,0,0]},"t":130,"s":[100,99.993,100]},{"i":{"x":[0.549,0.549,0.667],"y":[1,1,1]},"o":{"x":[0.456,0.456,0.333],"y":[0,0,0]},"t":140,"s":[0,0,100]},{"i":{"x":[0.833,0.833,0.833],"y":[1,1,1]},"o":{"x":[0.333,0.333,0.333],"y":[0,0,0]},"t":160,"s":[100,100,100]},{"i":{"x":[0.833,0.833,0.833],"y":[1,1,1]},"o":{"x":[0.167,0.167,0.167],"y":[0,0,0]},"t":170,"s":[0,0,100]},{"t":190,"s":[100,100,100]}],"ix":6}},"ao":0,"shapes":[{"ty":"gr","it":[{"ind":0,"ty":"sh","ix":1,"ks":{"a":0,"k":{"i":[[0,0],[0,0],[0,0],[0,0],[0,0],[0,0],[0,0],[0,0],[0,0],[0,0]],"o":[[0,0],[0,0],[0,0],[0,0],[0,0],[0,0],[0,0],[0,0],[0,0],[0,0]],"v":[[0.001,-6.147],[1.526,-1.451],[6.464,-1.451],[2.47,1.451],[3.995,6.147],[0.001,3.245],[-3.995,6.147],[-2.469,1.451],[-6.464,-1.451],[-1.525,-1.451]],"c":true},"ix":2},"nm":"Path 1","mn":"ADBE Vector Shape - Group","hd":false},{"ty":"fl","c":{"a":0,"k":[1,1,1,1],"ix":4},"o":{"a":0,"k":100,"ix":5},"r":1,"bm":0,"nm":"Fill 1","mn":"ADBE Vector Graphic - Fill","hd":false},{"ty":"tr","p":{"a":0,"k":[668.111,487.976],"ix":2},"a":{"a":0,"k":[0,0],"ix":1},"s":{"a":0,"k":[100,100],"ix":3},"r":{"a":0,"k":0,"ix":6},"o":{"a":0,"k":100,"ix":7},"sk":{"a":0,"k":0,"ix":4},"sa":{"a":0,"k":0,"ix":5},"nm":"Transform"}],"nm":"Group 1","np":2,"cix":2,"bm":0,"ix":1,"mn":"ADBE Vector Group","hd":false}],"ip":90,"op":690,"st":90,"bm":0},{"ddd":0,"ind":13,"ty":4,"nm":"Layer 12 Outlines","parent":2,"sr":1,"ks":{"o":{"a":0,"k":100,"ix":11},"r":{"a":0,"k":0,"ix":10},"p":{"a":0,"k":[218.111,239.576,0],"ix":2},"a":{"a":0,"k":[668.111,689.576,0],"ix":1},"s":{"a":1,"k":[{"i":{"x":[0.549,0.549,0.667],"y":[1,1,1]},"o":{"x":[0.455,0.455,0.333],"y":[0,0,0]},"t":80,"s":[0,0,100]},{"i":{"x":[0.539,0.539,0.667],"y":[1,1,1]},"o":{"x":[0.452,0.452,0.333],"y":[0,0,0]},"t":120,"s":[100,99.993,100]},{"i":{"x":[0.549,0.549,0.667],"y":[1,1,1]},"o":{"x":[0.456,0.456,0.333],"y":[0,0,0]},"t":130,"s":[0,0,100]},{"i":{"x":[0.833,0.833,0.833],"y":[1,1,1]},"o":{"x":[0.333,0.333,0.333],"y":[0,0,0]},"t":150,"s":[100,100,100]},{"i":{"x":[0.833,0.833,0.833],"y":[1,1,1]},"o":{"x":[0.167,0.167,0.167],"y":[0,0,0]},"t":160,"s":[0,0,100]},{"t":180,"s":[100,100,100]}],"ix":6}},"ao":0,"shapes":[{"ty":"gr","it":[{"ind":0,"ty":"sh","ix":1,"ks":{"a":0,"k":{"i":[[0,0],[0,0],[0,0],[0,0],[0,0],[0,0],[0,0],[0,0],[0,0],[0,0]],"o":[[0,0],[0,0],[0,0],[0,0],[0,0],[0,0],[0,0],[0,0],[0,0],[0,0]],"v":[[0.001,-6.146],[1.526,-1.451],[6.464,-1.451],[2.47,1.452],[3.995,6.147],[0.001,3.245],[-3.995,6.147],[-2.469,1.452],[-6.464,-1.451],[-1.525,-1.451]],"c":true},"ix":2},"nm":"Path 1","mn":"ADBE Vector Shape - Group","hd":false},{"ty":"fl","c":{"a":0,"k":[1,1,1,1],"ix":4},"o":{"a":0,"k":100,"ix":5},"r":1,"bm":0,"nm":"Fill 1","mn":"ADBE Vector Graphic - Fill","hd":false},{"ty":"tr","p":{"a":0,"k":[668.111,689.576],"ix":2},"a":{"a":0,"k":[0,0],"ix":1},"s":{"a":0,"k":[100,100],"ix":3},"r":{"a":0,"k":0,"ix":6},"o":{"a":0,"k":100,"ix":7},"sk":{"a":0,"k":0,"ix":4},"sa":{"a":0,"k":0,"ix":5},"nm":"Transform"}],"nm":"Group 1","np":2,"cix":2,"bm":0,"ix":1,"mn":"ADBE Vector Group","hd":false}],"ip":80,"op":680,"st":80,"bm":0},{"ddd":0,"ind":14,"ty":4,"nm":"Layer 13 Outlines","parent":2,"sr":1,"ks":{"o":{"a":0,"k":100,"ix":11},"r":{"a":0,"k":0,"ix":10},"p":{"a":0,"k":[55.711,343.176,0],"ix":2},"a":{"a":0,"k":[505.711,793.176,0],"ix":1},"s":{"a":1,"k":[{"i":{"x":[0.549,0.549,0.667],"y":[1,1,1]},"o":{"x":[0.455,0.455,0.333],"y":[0,0,0]},"t":100,"s":[0,0,100]},{"i":{"x":[0.539,0.539,0.667],"y":[1,1,1]},"o":{"x":[0.452,0.452,0.333],"y":[0,0,0]},"t":140,"s":[100,99.993,100]},{"i":{"x":[0.549,0.549,0.667],"y":[1,1,1]},"o":{"x":[0.456,0.456,0.333],"y":[0,0,0]},"t":150,"s":[0,0,100]},{"i":{"x":[0.833,0.833,0.833],"y":[1,1,1]},"o":{"x":[0.333,0.333,0.333],"y":[0,0,0]},"t":170,"s":[100,100,100]},{"i":{"x":[0.833,0.833,0.833],"y":[1,1,1]},"o":{"x":[0.167,0.167,0.167],"y":[0,0,0]},"t":180,"s":[0,0,100]},{"t":200,"s":[100,100,100]}],"ix":6}},"ao":0,"shapes":[{"ty":"gr","it":[{"ind":0,"ty":"sh","ix":1,"ks":{"a":0,"k":{"i":[[0,0],[0,0],[0,0],[0,0],[0,0],[0,0],[0,0],[0,0],[0,0],[0,0]],"o":[[0,0],[0,0],[0,0],[0,0],[0,0],[0,0],[0,0],[0,0],[0,0],[0,0]],"v":[[0,-6.147],[1.525,-1.452],[6.463,-1.452],[2.469,1.451],[3.994,6.147],[0,3.245],[-3.994,6.147],[-2.469,1.451],[-6.463,-1.452],[-1.525,-1.452]],"c":true},"ix":2},"nm":"Path 1","mn":"ADBE Vector Shape - Group","hd":false},{"ty":"fl","c":{"a":0,"k":[1,1,1,1],"ix":4},"o":{"a":0,"k":100,"ix":5},"r":1,"bm":0,"nm":"Fill 1","mn":"ADBE Vector Graphic - Fill","hd":false},{"ty":"tr","p":{"a":0,"k":[505.711,793.176],"ix":2},"a":{"a":0,"k":[0,0],"ix":1},"s":{"a":0,"k":[100,100],"ix":3},"r":{"a":0,"k":0,"ix":6},"o":{"a":0,"k":100,"ix":7},"sk":{"a":0,"k":0,"ix":4},"sa":{"a":0,"k":0,"ix":5},"nm":"Transform"}],"nm":"Group 1","np":2,"cix":2,"bm":0,"ix":1,"mn":"ADBE Vector Group","hd":false}],"ip":100,"op":700,"st":100,"bm":0},{"ddd":0,"ind":15,"ty":4,"nm":"Layer 14 Outlines","parent":2,"sr":1,"ks":{"o":{"a":0,"k":100,"ix":11},"r":{"a":0,"k":0,"ix":10},"p":{"a":0,"k":[-117.889,252.176,0],"ix":2},"a":{"a":0,"k":[332.111,702.176,0],"ix":1},"s":{"a":1,"k":[{"i":{"x":[0.549,0.549,0.667],"y":[1,1,1]},"o":{"x":[0.455,0.455,0.333],"y":[0,0,0]},"t":80,"s":[0,0,100]},{"i":{"x":[0.539,0.539,0.667],"y":[1,1,1]},"o":{"x":[0.452,0.452,0.333],"y":[0,0,0]},"t":120,"s":[100,99.993,100]},{"i":{"x":[0.549,0.549,0.667],"y":[1,1,1]},"o":{"x":[0.456,0.456,0.333],"y":[0,0,0]},"t":130,"s":[0,0,100]},{"i":{"x":[0.833,0.833,0.833],"y":[1,1,1]},"o":{"x":[0.333,0.333,0.333],"y":[0,0,0]},"t":150,"s":[100,100,100]},{"i":{"x":[0.833,0.833,0.833],"y":[1,1,1]},"o":{"x":[0.167,0.167,0.167],"y":[0,0,0]},"t":160,"s":[0,0,100]},{"t":180,"s":[100,100,100]}],"ix":6}},"ao":0,"shapes":[{"ty":"gr","it":[{"ind":0,"ty":"sh","ix":1,"ks":{"a":0,"k":{"i":[[0,0],[0,0],[0,0],[0,0],[0,0],[0,0],[0,0],[0,0],[0,0],[0,0]],"o":[[0,0],[0,0],[0,0],[0,0],[0,0],[0,0],[0,0],[0,0],[0,0],[0,0]],"v":[[0,-6.147],[1.526,-1.452],[6.463,-1.452],[2.469,1.451],[3.995,6.147],[0,3.245],[-3.994,6.147],[-2.469,1.451],[-6.463,-1.452],[-1.526,-1.452]],"c":true},"ix":2},"nm":"Path 1","mn":"ADBE Vector Shape - Group","hd":false},{"ty":"fl","c":{"a":0,"k":[1,1,1,1],"ix":4},"o":{"a":0,"k":100,"ix":5},"r":1,"bm":0,"nm":"Fill 1","mn":"ADBE Vector Graphic - Fill","hd":false},{"ty":"tr","p":{"a":0,"k":[332.111,702.176],"ix":2},"a":{"a":0,"k":[0,0],"ix":1},"s":{"a":0,"k":[100,100],"ix":3},"r":{"a":0,"k":0,"ix":6},"o":{"a":0,"k":100,"ix":7},"sk":{"a":0,"k":0,"ix":4},"sa":{"a":0,"k":0,"ix":5},"nm":"Transform"}],"nm":"Group 1","np":2,"cix":2,"bm":0,"ix":1,"mn":"ADBE Vector Group","hd":false}],"ip":80,"op":680,"st":80,"bm":0},{"ddd":0,"ind":16,"ty":4,"nm":"Layer 15 Outlines","parent":2,"sr":1,"ks":{"o":{"a":0,"k":100,"ix":11},"r":{"a":0,"k":0,"ix":10},"p":{"a":0,"k":[-242.489,-58.624,0],"ix":2},"a":{"a":0,"k":[207.511,391.376,0],"ix":1},"s":{"a":1,"k":[{"i":{"x":[0.549,0.549,0.667],"y":[1,1,1]},"o":{"x":[0.455,0.455,0.333],"y":[0,0,0]},"t":90,"s":[0,0,100]},{"i":{"x":[0.539,0.539,0.667],"y":[1,1,1]},"o":{"x":[0.452,0.452,0.333],"y":[0,0,0]},"t":130,"s":[100,99.993,100]},{"i":{"x":[0.549,0.549,0.667],"y":[1,1,1]},"o":{"x":[0.456,0.456,0.333],"y":[0,0,0]},"t":140,"s":[0,0,100]},{"i":{"x":[0.833,0.833,0.833],"y":[1,1,1]},"o":{"x":[0.333,0.333,0.333],"y":[0,0,0]},"t":160,"s":[100,100,100]},{"i":{"x":[0.833,0.833,0.833],"y":[1,1,1]},"o":{"x":[0.167,0.167,0.167],"y":[0,0,0]},"t":170,"s":[0,0,100]},{"t":190,"s":[100,100,100]}],"ix":6}},"ao":0,"shapes":[{"ty":"gr","it":[{"ind":0,"ty":"sh","ix":1,"ks":{"a":0,"k":{"i":[[0,0],[0,0],[0,0],[0,0],[0,0],[0,0],[0,0],[0,0],[0,0],[0,0]],"o":[[0,0],[0,0],[0,0],[0,0],[0,0],[0,0],[0,0],[0,0],[0,0],[0,0]],"v":[[0,-6.147],[1.526,-1.451],[6.463,-1.451],[2.469,1.451],[3.995,6.147],[0,3.245],[-3.994,6.147],[-2.469,1.451],[-6.463,-1.451],[-1.525,-1.451]],"c":true},"ix":2},"nm":"Path 1","mn":"ADBE Vector Shape - Group","hd":false},{"ty":"fl","c":{"a":0,"k":[1,1,1,1],"ix":4},"o":{"a":0,"k":100,"ix":5},"r":1,"bm":0,"nm":"Fill 1","mn":"ADBE Vector Graphic - Fill","hd":false},{"ty":"tr","p":{"a":0,"k":[207.511,391.376],"ix":2},"a":{"a":0,"k":[0,0],"ix":1},"s":{"a":0,"k":[100,100],"ix":3},"r":{"a":0,"k":0,"ix":6},"o":{"a":0,"k":100,"ix":7},"sk":{"a":0,"k":0,"ix":4},"sa":{"a":0,"k":0,"ix":5},"nm":"Transform"}],"nm":"Group 1","np":2,"cix":2,"bm":0,"ix":1,"mn":"ADBE Vector Group","hd":false}],"ip":90,"op":690,"st":90,"bm":0},{"ddd":0,"ind":17,"ty":4,"nm":"Layer 16 Outlines","parent":2,"sr":1,"ks":{"o":{"a":0,"k":100,"ix":11},"r":{"a":0,"k":0,"ix":10},"p":{"a":0,"k":[93.511,211.576,0],"ix":2},"a":{"a":0,"k":[543.511,661.576,0],"ix":1},"s":{"a":1,"k":[{"i":{"x":[0.549,0.549,0.667],"y":[1,1,1]},"o":{"x":[0.455,0.455,0.333],"y":[0,0,0]},"t":100,"s":[0,0,100]},{"i":{"x":[0.539,0.539,0.667],"y":[1,1,1]},"o":{"x":[0.452,0.452,0.333],"y":[0,0,0]},"t":140,"s":[100,99.993,100]},{"i":{"x":[0.549,0.549,0.667],"y":[1,1,1]},"o":{"x":[0.456,0.456,0.333],"y":[0,0,0]},"t":150,"s":[0,0,100]},{"i":{"x":[0.833,0.833,0.833],"y":[1,1,1]},"o":{"x":[0.333,0.333,0.333],"y":[0,0,0]},"t":170,"s":[100,100,100]},{"i":{"x":[0.833,0.833,0.833],"y":[1,1,1]},"o":{"x":[0.167,0.167,0.167],"y":[0,0,0]},"t":180,"s":[0,0,100]},{"t":200,"s":[100,100,100]}],"ix":6}},"ao":0,"shapes":[{"ty":"gr","it":[{"ind":0,"ty":"sh","ix":1,"ks":{"a":0,"k":{"i":[[0,0],[0,0],[0,0],[0,0],[0,0],[0,0],[0,0],[0,0],[0,0],[0,0]],"o":[[0,0],[0,0],[0,0],[0,0],[0,0],[0,0],[0,0],[0,0],[0,0],[0,0]],"v":[[0,-6.146],[1.526,-1.451],[6.463,-1.451],[2.469,1.452],[3.994,6.147],[0,3.245],[-3.994,6.147],[-2.469,1.452],[-6.463,-1.451],[-1.525,-1.451]],"c":true},"ix":2},"nm":"Path 1","mn":"ADBE Vector Shape - Group","hd":false},{"ty":"fl","c":{"a":0,"k":[1,1,1,1],"ix":4},"o":{"a":0,"k":100,"ix":5},"r":1,"bm":0,"nm":"Fill 1","mn":"ADBE Vector Graphic - Fill","hd":false},{"ty":"tr","p":{"a":0,"k":[543.511,661.576],"ix":2},"a":{"a":0,"k":[0,0],"ix":1},"s":{"a":0,"k":[100,100],"ix":3},"r":{"a":0,"k":0,"ix":6},"o":{"a":0,"k":100,"ix":7},"sk":{"a":0,"k":0,"ix":4},"sa":{"a":0,"k":0,"ix":5},"nm":"Transform"}],"nm":"Group 1","np":2,"cix":2,"bm":0,"ix":1,"mn":"ADBE Vector Group","hd":false}],"ip":100,"op":700,"st":100,"bm":0},{"ddd":0,"ind":18,"ty":4,"nm":"Layer 17 Outlines","parent":2,"sr":1,"ks":{"o":{"a":0,"k":100,"ix":11},"r":{"a":0,"k":0,"ix":10},"p":{"a":0,"k":[267.111,-139.824,0],"ix":2},"a":{"a":0,"k":[717.111,310.176,0],"ix":1},"s":{"a":1,"k":[{"i":{"x":[0.549,0.549,0.667],"y":[1,1,1]},"o":{"x":[0.455,0.455,0.333],"y":[0,0,0]},"t":90,"s":[0,0,100]},{"i":{"x":[0.539,0.539,0.667],"y":[1,1,1]},"o":{"x":[0.452,0.452,0.333],"y":[0,0,0]},"t":130,"s":[100,99.993,100]},{"i":{"x":[0.549,0.549,0.667],"y":[1,1,1]},"o":{"x":[0.456,0.456,0.333],"y":[0,0,0]},"t":140,"s":[0,0,100]},{"i":{"x":[0.833,0.833,0.833],"y":[1,1,1]},"o":{"x":[0.333,0.333,0.333],"y":[0,0,0]},"t":160,"s":[100,100,100]},{"i":{"x":[0.833,0.833,0.833],"y":[1,1,1]},"o":{"x":[0.167,0.167,0.167],"y":[0,0,0]},"t":170,"s":[0,0,100]},{"t":190,"s":[100,100,100]}],"ix":6}},"ao":0,"shapes":[{"ty":"gr","it":[{"ind":0,"ty":"sh","ix":1,"ks":{"a":0,"k":{"i":[[0,0],[0,0],[0,0],[0,0],[0,0],[0,0],[0,0],[0,0],[0,0],[0,0]],"o":[[0,0],[0,0],[0,0],[0,0],[0,0],[0,0],[0,0],[0,0],[0,0],[0,0]],"v":[[0.001,-6.147],[1.526,-1.45],[6.464,-1.45],[2.47,1.452],[3.995,6.147],[0.001,3.246],[-3.995,6.147],[-2.469,1.452],[-6.464,-1.45],[-1.525,-1.45]],"c":true},"ix":2},"nm":"Path 1","mn":"ADBE Vector Shape - Group","hd":false},{"ty":"fl","c":{"a":0,"k":[1,1,1,1],"ix":4},"o":{"a":0,"k":100,"ix":5},"r":1,"bm":0,"nm":"Fill 1","mn":"ADBE Vector Graphic - Fill","hd":false},{"ty":"tr","p":{"a":0,"k":[717.111,310.176],"ix":2},"a":{"a":0,"k":[0,0],"ix":1},"s":{"a":0,"k":[100,100],"ix":3},"r":{"a":0,"k":0,"ix":6},"o":{"a":0,"k":100,"ix":7},"sk":{"a":0,"k":0,"ix":4},"sa":{"a":0,"k":0,"ix":5},"nm":"Transform"}],"nm":"Group 1","np":2,"cix":2,"bm":0,"ix":1,"mn":"ADBE Vector Group","hd":false}],"ip":90,"op":690,"st":90,"bm":0},{"ddd":0,"ind":19,"ty":4,"nm":"Layer 18 Outlines","parent":2,"sr":1,"ks":{"o":{"a":0,"k":100,"ix":11},"r":{"a":0,"k":0,"ix":10},"p":{"a":0,"k":[-39.489,145.776,0],"ix":2},"a":{"a":0,"k":[410.511,595.776,0],"ix":1},"s":{"a":1,"k":[{"i":{"x":[0.549,0.549,0.667],"y":[1,1,1]},"o":{"x":[0.455,0.455,0.333],"y":[0,0,0]},"t":80,"s":[0,0,100]},{"i":{"x":[0.539,0.539,0.667],"y":[1,1,1]},"o":{"x":[0.452,0.452,0.333],"y":[0,0,0]},"t":120,"s":[100,99.993,100]},{"i":{"x":[0.549,0.549,0.667],"y":[1,1,1]},"o":{"x":[0.456,0.456,0.333],"y":[0,0,0]},"t":130,"s":[0,0,100]},{"i":{"x":[0.833,0.833,0.833],"y":[1,1,1]},"o":{"x":[0.333,0.333,0.333],"y":[0,0,0]},"t":150,"s":[100,100,100]},{"i":{"x":[0.833,0.833,0.833],"y":[1,1,1]},"o":{"x":[0.167,0.167,0.167],"y":[0,0,0]},"t":160,"s":[0,0,100]},{"t":180,"s":[100,100,100]}],"ix":6}},"ao":0,"shapes":[{"ty":"gr","it":[{"ind":0,"ty":"sh","ix":1,"ks":{"a":0,"k":{"i":[[0,0],[0,0],[0,0],[0,0],[0,0],[0,0],[0,0],[0,0],[0,0],[0,0]],"o":[[0,0],[0,0],[0,0],[0,0],[0,0],[0,0],[0,0],[0,0],[0,0],[0,0]],"v":[[0,-6.147],[1.526,-1.451],[6.463,-1.451],[2.469,1.452],[3.995,6.147],[0,3.245],[-3.994,6.147],[-2.469,1.452],[-6.463,-1.451],[-1.525,-1.451]],"c":true},"ix":2},"nm":"Path 1","mn":"ADBE Vector Shape - Group","hd":false},{"ty":"fl","c":{"a":0,"k":[1,1,1,1],"ix":4},"o":{"a":0,"k":100,"ix":5},"r":1,"bm":0,"nm":"Fill 1","mn":"ADBE Vector Graphic - Fill","hd":false},{"ty":"tr","p":{"a":0,"k":[410.511,595.776],"ix":2},"a":{"a":0,"k":[0,0],"ix":1},"s":{"a":0,"k":[100,100],"ix":3},"r":{"a":0,"k":0,"ix":6},"o":{"a":0,"k":100,"ix":7},"sk":{"a":0,"k":0,"ix":4},"sa":{"a":0,"k":0,"ix":5},"nm":"Transform"}],"nm":"Group 1","np":2,"cix":2,"bm":0,"ix":1,"mn":"ADBE Vector Group","hd":false}],"ip":80,"op":680,"st":80,"bm":0},{"ddd":0,"ind":20,"ty":4,"nm":"Layer 19 Outlines","parent":2,"sr":1,"ks":{"o":{"a":0,"k":100,"ix":11},"r":{"a":0,"k":0,"ix":10},"p":{"a":0,"k":[166.311,100.976,0],"ix":2},"a":{"a":0,"k":[616.311,550.976,0],"ix":1},"s":{"a":1,"k":[{"i":{"x":[0.549,0.549,0.667],"y":[1,1,1]},"o":{"x":[0.455,0.455,0.333],"y":[0,0,0]},"t":90,"s":[0,0,100]},{"i":{"x":[0.539,0.539,0.667],"y":[1,1,1]},"o":{"x":[0.452,0.452,0.333],"y":[0,0,0]},"t":130,"s":[100,99.993,100]},{"i":{"x":[0.549,0.549,0.667],"y":[1,1,1]},"o":{"x":[0.456,0.456,0.333],"y":[0,0,0]},"t":140,"s":[0,0,100]},{"i":{"x":[0.833,0.833,0.833],"y":[1,1,1]},"o":{"x":[0.333,0.333,0.333],"y":[0,0,0]},"t":160,"s":[100,100,100]},{"i":{"x":[0.833,0.833,0.833],"y":[1,1,1]},"o":{"x":[0.167,0.167,0.167],"y":[0,0,0]},"t":170,"s":[0,0,100]},{"t":190,"s":[100,100,100]}],"ix":6}},"ao":0,"shapes":[{"ty":"gr","it":[{"ind":0,"ty":"sh","ix":1,"ks":{"a":0,"k":{"i":[[0,0],[0,0],[0,0],[0,0],[0,0],[0,0],[0,0],[0,0],[0,0],[0,0]],"o":[[0,0],[0,0],[0,0],[0,0],[0,0],[0,0],[0,0],[0,0],[0,0],[0,0]],"v":[[0,-6.147],[1.525,-1.451],[6.464,-1.451],[2.469,1.451],[3.995,6.147],[0,3.245],[-3.995,6.147],[-2.47,1.451],[-6.464,-1.451],[-1.526,-1.451]],"c":true},"ix":2},"nm":"Path 1","mn":"ADBE Vector Shape - Group","hd":false},{"ty":"fl","c":{"a":0,"k":[1,1,1,1],"ix":4},"o":{"a":0,"k":100,"ix":5},"r":1,"bm":0,"nm":"Fill 1","mn":"ADBE Vector Graphic - Fill","hd":false},{"ty":"tr","p":{"a":0,"k":[616.311,550.976],"ix":2},"a":{"a":0,"k":[0,0],"ix":1},"s":{"a":0,"k":[100,100],"ix":3},"r":{"a":0,"k":0,"ix":6},"o":{"a":0,"k":100,"ix":7},"sk":{"a":0,"k":0,"ix":4},"sa":{"a":0,"k":0,"ix":5},"nm":"Transform"}],"nm":"Group 1","np":2,"cix":2,"bm":0,"ix":1,"mn":"ADBE Vector Group","hd":false}],"ip":90,"op":690,"st":90,"bm":0},{"ddd":0,"ind":21,"ty":4,"nm":"Layer 20 Outlines","parent":3,"sr":1,"ks":{"o":{"a":0,"k":100,"ix":11},"r":{"a":0,"k":0,"ix":10},"p":{"a":0,"k":[160.749,-61.988,0],"ix":2},"a":{"a":0,"k":[609.749,379.012,0],"ix":1},"s":{"a":1,"k":[{"i":{"x":[0.497,0.497,0.667],"y":[1,1,1]},"o":{"x":[0.508,0.508,0.333],"y":[0,0,0]},"t":70,"s":[0,0,100]},{"t":110,"s":[100,100,100]}],"ix":6}},"ao":0,"shapes":[{"ty":"gr","it":[{"ind":0,"ty":"sh","ix":1,"ks":{"a":0,"k":{"i":[[0,0],[0.481,-0.169],[18.593,6.866],[4.22,4.716],[0.077,0.663],[0,0],[0.052,-0.312],[-0.835,-1.145],[-0.013,-0.005],[-0.283,-0.278],[0,0],[-18.256,-6.742],[-9.457,0.587],[0,0],[-0.904,0.171],[-0.565,1.566],[0,0]],"o":[[-0.257,0.251],[-4.985,1.705],[-17.161,-6.338],[-0.785,-0.852],[0,0],[-0.108,0.306],[-0.31,1.602],[0.013,0.004],[0.257,0.268],[0,0],[6.794,6.676],[17.996,6.646],[0,0],[1.089,-0.059],[1.589,-0.322],[0,0],[0,0]],"v":[[38.471,12.158],[37.367,12.775],[-2.588,4.206],[-37.843,-14.221],[-39.163,-16.512],[-45.771,-18.952],[-46.013,-18.018],[-45.128,-13.697],[-45.107,-13.674],[-44.302,-12.843],[-44.289,-12.84],[-4.255,8.952],[39.735,18.365],[39.747,18.368],[42.74,18.017],[46.315,15.084],[46.323,15.059]],"c":true},"ix":2},"nm":"Path 1","mn":"ADBE Vector Shape - Group","hd":false},{"ty":"fl","c":{"a":0,"k":[0.481999984442,0.486000001197,0.486000001197,1],"ix":4},"o":{"a":0,"k":100,"ix":5},"r":1,"bm":0,"nm":"Fill 1","mn":"ADBE Vector Graphic - Fill","hd":false},{"ty":"tr","p":{"a":0,"k":[609.649,379.273],"ix":2},"a":{"a":0,"k":[0,0],"ix":1},"s":{"a":0,"k":[100,100],"ix":3},"r":{"a":0,"k":0,"ix":6},"o":{"a":0,"k":100,"ix":7},"sk":{"a":0,"k":0,"ix":4},"sa":{"a":0,"k":0,"ix":5},"nm":"Transform"}],"nm":"Group 1","np":2,"cix":2,"bm":0,"ix":1,"mn":"ADBE Vector Group","hd":false}],"ip":70,"op":670,"st":70,"bm":0},{"ddd":0,"ind":22,"ty":4,"nm":"Layer 21 Outlines","parent":3,"sr":1,"ks":{"o":{"a":0,"k":100,"ix":11},"r":{"a":1,"k":[{"i":{"x":[0.497],"y":[1]},"o":{"x":[0.508],"y":[0]},"t":80,"s":[180]},{"t":199,"s":[0]}],"ix":10},"p":{"a":0,"k":[160.989,-66.475,0],"ix":2},"a":{"a":0,"k":[609.989,374.525,0],"ix":1},"s":{"a":1,"k":[{"i":{"x":[0.497,0.497,0.667],"y":[1,1,1]},"o":{"x":[0.508,0.508,0.333],"y":[0,0,0]},"t":80,"s":[0,0,100]},{"t":120,"s":[100,100,100]}],"ix":6}},"ao":0,"shapes":[{"ty":"gr","it":[{"ind":0,"ty":"sh","ix":1,"ks":{"a":0,"k":{"i":[[-10.192,2.18],[2.203,-2.546],[17.304,3.179],[1.343,3.136],[-10.773,0]],"o":[[-1.364,3.125],[-17.325,3.039],[-2.169,-2.568],[10.58,2.353],[10.365,0]],"v":[[31.53,-5.671],[26.138,2.89],[-26.212,2.675],[-31.529,-5.929],[0.596,-2.406]],"c":true},"ix":2},"nm":"Path 1","mn":"ADBE Vector Shape - Group","hd":false},{"ty":"fl","c":{"a":0,"k":[0.776000019148,0.776000019148,0.776000019148,1],"ix":4},"o":{"a":0,"k":100,"ix":5},"r":1,"bm":0,"nm":"Fill 1","mn":"ADBE Vector Graphic - Fill","hd":false},{"ty":"tr","p":{"a":0,"k":[609.929,394.019],"ix":2},"a":{"a":0,"k":[0,0],"ix":1},"s":{"a":0,"k":[100,100],"ix":3},"r":{"a":0,"k":0,"ix":6},"o":{"a":0,"k":100,"ix":7},"sk":{"a":0,"k":0,"ix":4},"sa":{"a":0,"k":0,"ix":5},"nm":"Transform"}],"nm":"Group 1","np":2,"cix":2,"bm":0,"ix":1,"mn":"ADBE Vector Group","hd":false},{"ty":"gr","it":[{"ind":0,"ty":"sh","ix":1,"ks":{"a":0,"k":{"i":[[0,-1.697],[0.054,-0.805],[22.533,5.445],[0,0.741],[-0.258,1.707],[-11.59,0],[-11.01,2.557]],"o":[[0,0.827],[-22.566,5.274],[-0.043,-0.73],[0,-1.783],[11.342,2.717],[11.234,0],[0.247,1.633]],"v":[[34.37,-1.246],[34.284,1.213],[-34.306,0.956],[-34.37,-1.246],[-33.973,-6.487],[0.537,-2.417],[34.005,-6.241]],"c":true},"ix":2},"nm":"Path 1","mn":"ADBE Vector Shape - Group","hd":false},{"ty":"fl","c":{"a":0,"k":[0.776000019148,0.776000019148,0.776000019148,1],"ix":4},"o":{"a":0,"k":100,"ix":5},"r":1,"bm":0,"nm":"Fill 1","mn":"ADBE Vector Graphic - Fill","hd":false},{"ty":"tr","p":{"a":0,"k":[609.989,375.771],"ix":2},"a":{"a":0,"k":[0,0],"ix":1},"s":{"a":0,"k":[100,100],"ix":3},"r":{"a":0,"k":0,"ix":6},"o":{"a":0,"k":100,"ix":7},"sk":{"a":0,"k":0,"ix":4},"sa":{"a":0,"k":0,"ix":5},"nm":"Transform"}],"nm":"Group 2","np":2,"cix":2,"bm":0,"ix":2,"mn":"ADBE Vector Group","hd":false},{"ty":"gr","it":[{"ind":0,"ty":"sh","ix":1,"ks":{"a":0,"k":{"i":[[-1.171,-2.395],[20.332,4.404],[-1.687,2.031],[-9.044,0],[-8.625,1.557]],"o":[[-20.354,4.264],[1.182,-2.384],[8.935,1.655],[8.731,0],[1.676,2.051]],"v":[[30.858,1.294],[-30.858,1.09],[-26.539,-5.559],[0.484,-3.077],[26.562,-5.397]],"c":true},"ix":2},"nm":"Path 1","mn":"ADBE Vector Shape - Group","hd":false},{"ty":"fl","c":{"a":0,"k":[0.776000019148,0.776000019148,0.776000019148,1],"ix":4},"o":{"a":0,"k":100,"ix":5},"r":1,"bm":0,"nm":"Fill 1","mn":"ADBE Vector Graphic - Fill","hd":false},{"ty":"tr","p":{"a":0,"k":[610.042,358.172],"ix":2},"a":{"a":0,"k":[0,0],"ix":1},"s":{"a":0,"k":[100,100],"ix":3},"r":{"a":0,"k":0,"ix":6},"o":{"a":0,"k":100,"ix":7},"sk":{"a":0,"k":0,"ix":4},"sa":{"a":0,"k":0,"ix":5},"nm":"Transform"}],"nm":"Group 3","np":2,"cix":2,"bm":0,"ix":3,"mn":"ADBE Vector Group","hd":false},{"ty":"gr","it":[{"ind":0,"ty":"sh","ix":1,"ks":{"a":0,"k":{"i":[[0,-1.697],[0.054,-0.805],[1.557,-3.512],[2.202,-2.546],[10.429,0],[6.317,7.464],[1.343,3.137],[0.258,4.017],[0,0.741],[-0.258,1.707],[-1.547,3.105],[-1.687,2.03],[-10.655,0],[-6.305,-7.701],[-1.171,-2.395],[-0.516,-3.566]],"o":[[0,0.827],[-0.29,4.018],[-1.365,3.126],[-6.305,7.335],[-10.537,0],[-2.169,-2.567],[-1.515,-3.523],[-0.043,-0.73],[0,-1.783],[0.548,-3.555],[1.182,-2.384],[6.304,-7.604],[10.729,0],[1.676,2.052],[1.515,3.116],[0.247,1.633]],"v":[[34.37,0],[34.284,2.459],[31.47,13.823],[26.078,22.384],[0,34.37],[-26.273,22.169],[-31.589,13.565],[-34.306,2.202],[-34.37,0],[-33.973,-5.241],[-30.805,-15.263],[-26.486,-21.911],[0,-34.37],[26.615,-21.75],[30.911,-15.059],[34.005,-4.995]],"c":true},"ix":2},"nm":"Path 1","mn":"ADBE Vector Shape - Group","hd":false},{"ty":"fl","c":{"a":0,"k":[0.666999966491,0.666999966491,0.666999966491,1],"ix":4},"o":{"a":0,"k":100,"ix":5},"r":1,"bm":0,"nm":"Fill 1","mn":"ADBE Vector Graphic - Fill","hd":false},{"ty":"tr","p":{"a":0,"k":[609.989,374.525],"ix":2},"a":{"a":0,"k":[0,0],"ix":1},"s":{"a":0,"k":[100,100],"ix":3},"r":{"a":0,"k":0,"ix":6},"o":{"a":0,"k":100,"ix":7},"sk":{"a":0,"k":0,"ix":4},"sa":{"a":0,"k":0,"ix":5},"nm":"Transform"}],"nm":"Group 4","np":2,"cix":2,"bm":0,"ix":4,"mn":"ADBE Vector Group","hd":false}],"ip":80,"op":680,"st":80,"bm":0},{"ddd":0,"ind":23,"ty":4,"nm":"Layer 22 Outlines","parent":21,"sr":1,"ks":{"o":{"a":0,"k":100,"ix":11},"r":{"a":0,"k":0,"ix":10},"p":{"a":0,"k":[610.044,375.41,0],"ix":2},"a":{"a":0,"k":[610.044,375.41,0],"ix":1},"s":{"a":0,"k":[100,100,100],"ix":6}},"ao":0,"shapes":[{"ty":"gr","it":[{"ind":0,"ty":"sh","ix":1,"ks":{"a":0,"k":{"i":[[1.024,1.287],[0.803,0.758],[0,0],[17.996,6.646],[9.384,-0.702],[0,0],[0.364,-0.038],[0.504,-1.673],[0.108,-0.306],[0,0],[-1.133,0.144],[-17.161,-6.338],[-2.782,-4.574],[-0.042,-0.362],[0,0],[-0.005,0.013]],"o":[[-0.59,-0.723],[0,0],[-6.921,-6.637],[-18.257,-6.742],[0,0],[-0.391,0.029],[-0.013,-0.004],[-0.091,0.303],[0,0],[0.47,-0.461],[6.184,-0.874],[18.593,6.867],[0.265,0.444],[0,0],[0.004,-0.013],[0.539,-1.575]],"v":[[44.851,14.603],[42.765,12.376],[42.752,12.372],[3.011,-9.138],[-41.38,-18.525],[-41.392,-18.53],[-42.529,-18.417],[-45.928,-15.664],[-46.321,-14.785],[-39.712,-12.344],[-37.273,-13.246],[1.344,-4.391],[37.455,15.13],[37.92,16.326],[45.773,19.227],[45.782,19.201]],"c":true},"ix":2},"nm":"Path 1","mn":"ADBE Vector Shape - Group","hd":false},{"ty":"fl","c":{"a":0,"k":[0.481999984442,0.486000001197,0.486000001197,1],"ix":4},"o":{"a":0,"k":100,"ix":5},"r":1,"bm":0,"nm":"Fill 1","mn":"ADBE Vector Graphic - Fill","hd":false},{"ty":"tr","p":{"a":0,"k":[610.199,375.105],"ix":2},"a":{"a":0,"k":[0,0],"ix":1},"s":{"a":0,"k":[100,100],"ix":3},"r":{"a":0,"k":0,"ix":6},"o":{"a":0,"k":100,"ix":7},"sk":{"a":0,"k":0,"ix":4},"sa":{"a":0,"k":0,"ix":5},"nm":"Transform"}],"nm":"Group 1","np":2,"cix":2,"bm":0,"ix":1,"mn":"ADBE Vector Group","hd":false}],"ip":70,"op":670,"st":70,"bm":0},{"ddd":0,"ind":24,"ty":4,"nm":"Layer 23 Outlines","parent":3,"sr":1,"ks":{"o":{"a":0,"k":100,"ix":11},"r":{"a":0,"k":0,"ix":10},"p":{"a":0,"k":[-189.311,133.088,0],"ix":2},"a":{"a":0,"k":[259.689,574.088,0],"ix":1},"s":{"a":1,"k":[{"i":{"x":[0.497,0.497,0.667],"y":[1,1,1]},"o":{"x":[0.508,0.508,0.333],"y":[0,0,0]},"t":50,"s":[0,0,100]},{"t":90,"s":[100,100,100]}],"ix":6}},"ao":0,"shapes":[{"ty":"gr","it":[{"ind":0,"ty":"sh","ix":1,"ks":{"a":0,"k":{"i":[[0,0],[-6.538,-2.523],[-6.734,-1.943],[0,0],[-1.701,-0.415],[0,0],[-1.704,-0.42],[-1.697,-0.464],[-3.402,-0.992],[0,0],[3.504,0.466],[3.462,0.722],[6.717,2.2],[6.482,2.813],[5.924,3.861]],"o":[[6.078,3.516],[6.542,2.535],[0,0],[1.692,0.452],[0,0],[1.688,0.478],[1.699,0.436],[3.415,0.822],[0,0],[-3.527,-0.242],[-3.492,-0.535],[-6.94,-1.388],[-6.71,-2.226],[-6.445,-2.889],[0,0]],"v":[[-39.871,-13.039],[-20.756,-4.254],[-0.801,2.388],[4.272,3.768],[9.381,5.004],[19.587,7.508],[24.691,8.779],[29.794,10.087],[40.025,12.763],[39.981,13.039],[29.421,12.021],[18.966,10.237],[-1.458,4.527],[-21.288,-2.959],[-40.025,-12.806]],"c":true},"ix":2},"nm":"Path 1","mn":"ADBE Vector Shape - Group","hd":false},{"ty":"fl","c":{"a":0,"k":[0.579999976065,0.862999949736,0.929000016755,1],"ix":4},"o":{"a":0,"k":100,"ix":5},"r":1,"bm":0,"nm":"Fill 1","mn":"ADBE Vector Graphic - Fill","hd":false},{"ty":"tr","p":{"a":0,"k":[260.419,586.363],"ix":2},"a":{"a":0,"k":[0,0],"ix":1},"s":{"a":0,"k":[100,100],"ix":3},"r":{"a":0,"k":0,"ix":6},"o":{"a":0,"k":100,"ix":7},"sk":{"a":0,"k":0,"ix":4},"sa":{"a":0,"k":0,"ix":5},"nm":"Transform"}],"nm":"Group 1","np":2,"cix":2,"bm":0,"ix":1,"mn":"ADBE Vector Group","hd":false},{"ty":"gr","it":[{"ind":0,"ty":"sh","ix":1,"ks":{"a":0,"k":{"i":[[0,0],[47.058,16.289],[-2.514,11.885],[0,0],[-37.467,-12.968],[-4.2,6.827]],"o":[[-5.372,10.896],[-47.046,-16.284],[0,0],[-0.906,7.968],[37.48,12.974],[0,0]],"v":[[83.427,22.995],[-5.18,15.287],[-80.914,-33.891],[-67.764,-29.339],[-2.68,8.063],[71.599,18.901]],"c":true},"ix":2},"nm":"Path 1","mn":"ADBE Vector Shape - Group","hd":false},{"ty":"fl","c":{"a":0,"k":[0.528999956916,0.827000038297,0.910000011968,1],"ix":4},"o":{"a":0,"k":100,"ix":5},"r":1,"bm":0,"nm":"Fill 1","mn":"ADBE Vector Graphic - Fill","hd":false},{"ty":"tr","p":{"a":0,"k":[258.503,576.192],"ix":2},"a":{"a":0,"k":[0,0],"ix":1},"s":{"a":0,"k":[100,100],"ix":3},"r":{"a":0,"k":0,"ix":6},"o":{"a":0,"k":100,"ix":7},"sk":{"a":0,"k":0,"ix":4},"sa":{"a":0,"k":0,"ix":5},"nm":"Transform"}],"nm":"Group 2","np":2,"cix":2,"bm":0,"ix":2,"mn":"ADBE Vector Group","hd":false}],"ip":50,"op":650,"st":50,"bm":0},{"ddd":0,"ind":25,"ty":4,"nm":"Layer 24 Outlines","parent":3,"sr":1,"ks":{"o":{"a":0,"k":100,"ix":11},"r":{"a":1,"k":[{"i":{"x":[0.497],"y":[1]},"o":{"x":[0.508],"y":[0]},"t":80,"s":[180]},{"t":199,"s":[0]}],"ix":10},"p":{"a":0,"k":[-189.875,133.74,0],"ix":2},"a":{"a":0,"k":[259.125,574.74,0],"ix":1},"s":{"a":1,"k":[{"i":{"x":[0.497,0.497,0.667],"y":[1,1,1]},"o":{"x":[0.508,0.508,0.333],"y":[0,0,0]},"t":60,"s":[0,0,100]},{"t":100,"s":[100,100,100]}],"ix":6}},"ao":0,"shapes":[{"ty":"gr","it":[{"ind":0,"ty":"sh","ix":1,"ks":{"a":0,"k":{"i":[[-3.596,-2.179],[0.802,-1.041],[7.478,-4.01],[6.118,-4.48],[3.992,8.995],[4.508,1.419],[-19.266,-6.44]],"o":[[-9.311,1.355],[-0.924,1.204],[-7.479,4.009],[-6.119,4.481],[-1.953,-4.401],[14.772,-11.809],[4.159,1.389]],"v":[[32.978,-10.221],[18.293,3.008],[2.272,11.169],[-8.571,17.566],[-21.594,2.399],[-32.978,-5.932],[21.331,-15.607]],"c":true},"ix":2},"nm":"Path 1","mn":"ADBE Vector Shape - Group","hd":false},{"ty":"fl","c":{"a":0,"k":[0.588000009574,0.788000009574,0.310000011968,1],"ix":4},"o":{"a":0,"k":100,"ix":5},"r":1,"bm":0,"nm":"Fill 1","mn":"ADBE Vector Graphic - Fill","hd":false},{"ty":"tr","p":{"a":0,"k":[257.181,532.463],"ix":2},"a":{"a":0,"k":[0,0],"ix":1},"s":{"a":0,"k":[100,100],"ix":3},"r":{"a":0,"k":0,"ix":6},"o":{"a":0,"k":100,"ix":7},"sk":{"a":0,"k":0,"ix":4},"sa":{"a":0,"k":0,"ix":5},"nm":"Transform"}],"nm":"Group 1","np":2,"cix":2,"bm":0,"ix":1,"mn":"ADBE Vector Group","hd":false},{"ty":"gr","it":[{"ind":0,"ty":"sh","ix":1,"ks":{"a":0,"k":{"i":[[-0.029,-10.287],[0.713,-0.445],[2.622,-2.472],[-5.136,4.457],[-3.409,6.261]],"o":[[-1.187,0.739],[-1.501,0.935],[-2.627,2.472],[4.94,-4.282],[8.478,5.942]],"v":[[23.79,11.521],[20.573,13.529],[-4.191,5.223],[-18.655,0.075],[10.23,-14.464]],"c":true},"ix":2},"nm":"Path 1","mn":"ADBE Vector Shape - Group","hd":false},{"ty":"fl","c":{"a":0,"k":[0.705999995213,0.834999952129,0.419999994016,1],"ix":4},"o":{"a":0,"k":100,"ix":5},"r":1,"bm":0,"nm":"Fill 1","mn":"ADBE Vector Graphic - Fill","hd":false},{"ty":"tr","p":{"a":0,"k":[276.942,575.505],"ix":2},"a":{"a":0,"k":[0,0],"ix":1},"s":{"a":0,"k":[100,100],"ix":3},"r":{"a":0,"k":0,"ix":6},"o":{"a":0,"k":100,"ix":7},"sk":{"a":0,"k":0,"ix":4},"sa":{"a":0,"k":0,"ix":5},"nm":"Transform"}],"nm":"Group 2","np":2,"cix":2,"bm":0,"ix":2,"mn":"ADBE Vector Group","hd":false},{"ty":"gr","it":[{"ind":0,"ty":"sh","ix":1,"ks":{"a":0,"k":{"i":[[0.196,-0.287],[-0.375,0.073],[0,0],[1.502,-0.937],[2.623,-2.473],[-5.136,4.455],[-2.067,6.706],[-7.309,1.642],[-2.037,-0.745],[2.754,-4.219],[-5.144,-0.917],[0.851,-6.608]],"o":[[0.037,-0.003],[-1.311,1.429],[0,0],[-1.502,0.937],[-2.626,2.472],[5.141,-4.455],[2.062,-6.706],[2.624,-0.589],[-1.93,1.88],[-9.178,14.064],[5.144,0.918],[-0.84,6.532]],"v":[[20.26,16.902],[20.907,16.791],[18.851,19.358],[13.15,22.912],[-11.614,14.609],[-26.079,9.461],[3.135,-5.842],[14.357,-23.26],[21.451,-22.713],[14.508,-13.827],[26.07,-10.689],[30.275,-2.909]],"c":true},"ix":2},"nm":"Path 1","mn":"ADBE Vector Shape - Group","hd":false},{"ty":"fl","c":{"a":0,"k":[0.588000009574,0.788000009574,0.310000011968,1],"ix":4},"o":{"a":0,"k":100,"ix":5},"r":1,"bm":0,"nm":"Fill 1","mn":"ADBE Vector Graphic - Fill","hd":false},{"ty":"tr","p":{"a":0,"k":[284.365,566.12],"ix":2},"a":{"a":0,"k":[0,0],"ix":1},"s":{"a":0,"k":[100,100],"ix":3},"r":{"a":0,"k":0,"ix":6},"o":{"a":0,"k":100,"ix":7},"sk":{"a":0,"k":0,"ix":4},"sa":{"a":0,"k":0,"ix":5},"nm":"Transform"}],"nm":"Group 3","np":2,"cix":2,"bm":0,"ix":3,"mn":"ADBE Vector Group","hd":false},{"ty":"gr","it":[{"ind":0,"ty":"sh","ix":1,"ks":{"a":0,"k":{"i":[[-7.147,-13.458],[0,0],[1.172,-0.041],[-5.069,15.173],[-3.563,4.914],[-0.91,-0.335],[1.886,-5.641]],"o":[[-2.213,0.939],[0,0],[-6.098,-13.511],[2.026,-6.059],[1.476,-0.905],[-3.304,4.587],[-5.213,15.6]],"v":[[4.547,29.876],[0.558,31.048],[-1.328,31.157],[-3.576,-13.288],[4.897,-29.79],[8.645,-30.822],[0.781,-15.434]],"c":true},"ix":2},"nm":"Path 1","mn":"ADBE Vector Shape - Group","hd":false},{"ty":"fl","c":{"a":0,"k":[0.630999995213,0.725,0.231000010173,1],"ix":4},"o":{"a":0,"k":100,"ix":5},"r":1,"bm":0,"nm":"Fill 1","mn":"ADBE Vector Graphic - Fill","hd":false},{"ty":"tr","p":{"a":0,"k":[204.802,568.675],"ix":2},"a":{"a":0,"k":[0,0],"ix":1},"s":{"a":0,"k":[100,100],"ix":3},"r":{"a":0,"k":0,"ix":6},"o":{"a":0,"k":100,"ix":7},"sk":{"a":0,"k":0,"ix":4},"sa":{"a":0,"k":0,"ix":5},"nm":"Transform"}],"nm":"Group 4","np":2,"cix":2,"bm":0,"ix":4,"mn":"ADBE Vector Group","hd":false},{"ty":"gr","it":[{"ind":0,"ty":"sh","ix":1,"ks":{"a":0,"k":{"i":[[3.048,-6.843],[0,0],[1.172,-0.041],[-5.069,15.172],[-3.564,4.914],[-0.202,-2.73],[-4.146,-5.663]],"o":[[-3.049,6.842],[0,0],[-6.099,-13.512],[2.027,-6.059],[2.499,-1.531],[0.5,6.782],[4.14,5.666]],"v":[[8.728,23.328],[-2.572,31.263],[-4.458,31.372],[-6.706,-13.073],[1.768,-29.575],[6.646,-28.642],[1.465,3.922]],"c":true},"ix":2},"nm":"Path 1","mn":"ADBE Vector Shape - Group","hd":false},{"ty":"fl","c":{"a":0,"k":[0.681999954523,0.776000019148,0.234999997008,1],"ix":4},"o":{"a":0,"k":100,"ix":5},"r":1,"bm":0,"nm":"Fill 1","mn":"ADBE Vector Graphic - Fill","hd":false},{"ty":"tr","p":{"a":0,"k":[207.932,568.46],"ix":2},"a":{"a":0,"k":[0,0],"ix":1},"s":{"a":0,"k":[100,100],"ix":3},"r":{"a":0,"k":0,"ix":6},"o":{"a":0,"k":100,"ix":7},"sk":{"a":0,"k":0,"ix":4},"sa":{"a":0,"k":0,"ix":5},"nm":"Transform"}],"nm":"Group 5","np":2,"cix":2,"bm":0,"ix":5,"mn":"ADBE Vector Group","hd":false},{"ty":"gr","it":[{"ind":0,"ty":"sh","ix":1,"ks":{"a":0,"k":{"i":[[-10.1,2.402],[3.507,0.412],[4.224,3.279],[0,0],[1.525,0.889],[0.024,0.034],[-2.174,-0.727]],"o":[[-2.438,3.069],[-8.807,-1.039],[-4.23,-3.282],[0,0],[-0.026,-0.014],[2.02,0.953],[10.569,3.531]],"v":[[18.921,-1.319],[9.893,3.764],[-2.984,1.992],[-13.04,-1.819],[-18.844,-5.199],[-18.921,-5.271],[-12.623,-2.746]],"c":true},"ix":2},"nm":"Path 1","mn":"ADBE Vector Shape - Group","hd":false},{"ty":"fl","c":{"a":0,"k":[0.607999973671,0.694000004787,0.231000010173,1],"ix":4},"o":{"a":0,"k":100,"ix":5},"r":1,"bm":0,"nm":"Fill 1","mn":"ADBE Vector Graphic - Fill","hd":false},{"ty":"tr","p":{"a":0,"k":[254.596,628.918],"ix":2},"a":{"a":0,"k":[0,0],"ix":1},"s":{"a":0,"k":[100,100],"ix":3},"r":{"a":0,"k":0,"ix":6},"o":{"a":0,"k":100,"ix":7},"sk":{"a":0,"k":0,"ix":4},"sa":{"a":0,"k":0,"ix":5},"nm":"Transform"}],"nm":"Group 6","np":2,"cix":2,"bm":0,"ix":6,"mn":"ADBE Vector Group","hd":false},{"ty":"gr","it":[{"ind":0,"ty":"sh","ix":1,"ks":{"a":0,"k":{"i":[[0,0],[0.1,-0.255],[7.028,2.433],[0.512,12.715],[-4.747,0.897],[-4.866,-5.698]],"o":[[0,0],[-6.52,2.262],[-12.751,-4.414],[6.645,5.897],[6.896,-1.304],[4.866,5.698]],"v":[[19.928,12.802],[19.776,13.199],[-1.072,13.199],[-22.493,-15.632],[-3.013,-2.604],[17.628,-0.812]],"c":true},"ix":2},"nm":"Path 1","mn":"ADBE Vector Shape - Group","hd":false},{"ty":"fl","c":{"a":0,"k":[0.588000009574,0.788000009574,0.310000011968,1],"ix":4},"o":{"a":0,"k":100,"ix":5},"r":1,"bm":0,"nm":"Fill 1","mn":"ADBE Vector Graphic - Fill","hd":false},{"ty":"tr","p":{"a":0,"k":[259.516,604.038],"ix":2},"a":{"a":0,"k":[0,0],"ix":1},"s":{"a":0,"k":[100,100],"ix":3},"r":{"a":0,"k":0,"ix":6},"o":{"a":0,"k":100,"ix":7},"sk":{"a":0,"k":0,"ix":4},"sa":{"a":0,"k":0,"ix":5},"nm":"Transform"}],"nm":"Group 7","np":2,"cix":2,"bm":0,"ix":7,"mn":"ADBE Vector Group","hd":false},{"ty":"gr","it":[{"ind":0,"ty":"sh","ix":1,"ks":{"a":0,"k":{"i":[[0,0],[8.807,1.037],[4.227,3.281],[0,0],[1.528,0.89],[3.412,1.169],[-6.339,-2.464],[-6.896,1.303],[-4.866,-5.698]],"o":[[0,0],[-8.806,-1.037],[-4.227,-3.28],[0,0],[-1.528,-0.89],[-3.411,-1.168],[6.339,2.465],[6.896,-1.303],[4.864,5.697]],"v":[[26.943,9.604],[11.989,25.445],[-0.89,23.672],[-10.946,19.862],[-16.751,16.481],[-20.969,-9.297],[-23.168,-24.49],[4.001,-5.802],[24.643,-4.01]],"c":true},"ix":2},"nm":"Path 1","mn":"ADBE Vector Shape - Group","hd":false},{"ty":"fl","c":{"a":0,"k":[0.681999954523,0.776000019148,0.234999997008,1],"ix":4},"o":{"a":0,"k":100,"ix":5},"r":1,"bm":0,"nm":"Fill 1","mn":"ADBE Vector Graphic - Fill","hd":false},{"ty":"tr","p":{"a":0,"k":[252.501,607.236],"ix":2},"a":{"a":0,"k":[0,0],"ix":1},"s":{"a":0,"k":[100,100],"ix":3},"r":{"a":0,"k":0,"ix":6},"o":{"a":0,"k":100,"ix":7},"sk":{"a":0,"k":0,"ix":4},"sa":{"a":0,"k":0,"ix":5},"nm":"Transform"}],"nm":"Group 8","np":2,"cix":2,"bm":0,"ix":8,"mn":"ADBE Vector Group","hd":false},{"ty":"gr","it":[{"ind":0,"ty":"sh","ix":1,"ks":{"a":0,"k":{"i":[[8.695,-26.029],[30.185,10.088],[-10.09,30.189],[-8.366,6.692],[-19.266,-6.44],[-3.595,-2.179]],"o":[[-10.094,30.188],[-30.189,-10.095],[3.652,-10.918],[14.772,-11.809],[4.159,1.389],[22.533,13.646]],"v":[[55.358,16.444],[-17.573,52.834],[-53.963,-20.097],[-35.343,-46.807],[18.966,-56.483],[30.613,-51.096]],"c":true},"ix":2},"nm":"Path 1","mn":"ADBE Vector Shape - Group","hd":false},{"ty":"fl","c":{"a":0,"k":[0.745000023935,0.902000038297,0.957000014361,1],"ix":4},"o":{"a":0,"k":100,"ix":5},"r":1,"bm":0,"nm":"Fill 1","mn":"ADBE Vector Graphic - Fill","hd":false},{"ty":"tr","p":{"a":0,"k":[259.546,573.338],"ix":2},"a":{"a":0,"k":[0,0],"ix":1},"s":{"a":0,"k":[100,100],"ix":3},"r":{"a":0,"k":0,"ix":6},"o":{"a":0,"k":100,"ix":7},"sk":{"a":0,"k":0,"ix":4},"sa":{"a":0,"k":0,"ix":5},"nm":"Transform"}],"nm":"Group 9","np":2,"cix":2,"bm":0,"ix":9,"mn":"ADBE Vector Group","hd":false},{"ty":"gr","it":[{"ind":0,"ty":"sh","ix":1,"ks":{"a":0,"k":{"i":[[10.688,-31.977],[31.975,10.688],[-10.689,31.976],[-31.976,-10.688]],"o":[[-10.688,31.976],[-31.976,-10.689],[10.688,-31.976],[31.976,10.688]],"v":[[57.898,19.354],[-19.352,57.898],[-57.896,-19.353],[19.354,-57.897]],"c":true},"ix":2},"nm":"Path 1","mn":"ADBE Vector Shape - Group","hd":false},{"ty":"fl","c":{"a":0,"k":[0.74900004069,0.834999952129,0.862999949736,1],"ix":4},"o":{"a":0,"k":100,"ix":5},"r":1,"bm":0,"nm":"Fill 1","mn":"ADBE Vector Graphic - Fill","hd":false},{"ty":"tr","p":{"a":0,"k":[259.125,574.74],"ix":2},"a":{"a":0,"k":[0,0],"ix":1},"s":{"a":0,"k":[100,100],"ix":3},"r":{"a":0,"k":0,"ix":6},"o":{"a":0,"k":100,"ix":7},"sk":{"a":0,"k":0,"ix":4},"sa":{"a":0,"k":0,"ix":5},"nm":"Transform"}],"nm":"Group 10","np":2,"cix":2,"bm":0,"ix":10,"mn":"ADBE Vector Group","hd":false}],"ip":60,"op":660,"st":60,"bm":0},{"ddd":0,"ind":26,"ty":4,"nm":"Layer 25 Outlines","parent":24,"sr":1,"ks":{"o":{"a":0,"k":100,"ix":11},"r":{"a":0,"k":0,"ix":10},"p":{"a":0,"k":[259.834,567.483,0],"ix":2},"a":{"a":0,"k":[259.834,567.483,0],"ix":1},"s":{"a":0,"k":[100,100,100],"ix":6}},"ao":0,"shapes":[{"ty":"gr","it":[{"ind":0,"ty":"sh","ix":1,"ks":{"a":0,"k":{"i":[[2.514,-11.885],[0,0],[37.481,12.974],[4.214,-6.823],[0,0],[-47.046,-16.284]],"o":[[0,0],[0.92,-7.963],[-37.466,-12.969],[0,0],[5.371,-10.896],[47.058,16.289]],"v":[[80.914,33.891],[69.086,29.797],[4.001,-7.605],[-70.277,-18.443],[-83.427,-22.995],[6.503,-14.83]],"c":true},"ix":2},"nm":"Path 1","mn":"ADBE Vector Shape - Group","hd":false},{"ty":"fl","c":{"a":0,"k":[0.528999956916,0.827000038297,0.910000011968,1],"ix":4},"o":{"a":0,"k":100,"ix":5},"r":1,"bm":0,"nm":"Fill 1","mn":"ADBE Vector Graphic - Fill","hd":false},{"ty":"tr","p":{"a":0,"k":[261.017,565.296],"ix":2},"a":{"a":0,"k":[0,0],"ix":1},"s":{"a":0,"k":[100,100],"ix":3},"r":{"a":0,"k":0,"ix":6},"o":{"a":0,"k":100,"ix":7},"sk":{"a":0,"k":0,"ix":4},"sa":{"a":0,"k":0,"ix":5},"nm":"Transform"}],"nm":"Group 1","np":2,"cix":2,"bm":0,"ix":1,"mn":"ADBE Vector Group","hd":false}],"ip":50,"op":650,"st":50,"bm":0},{"ddd":0,"ind":27,"ty":4,"nm":"Layer 2 Outlines","parent":3,"sr":1,"ks":{"o":{"a":0,"k":100,"ix":11},"r":{"a":0,"k":0,"ix":10},"p":{"a":0,"k":[-80.161,-100.449,0],"ix":2},"a":{"a":0,"k":[368.839,340.551,0],"ix":1},"s":{"a":1,"k":[{"i":{"x":[0.497,0.497,0.667],"y":[1,1,1]},"o":{"x":[0.508,0.508,0.333],"y":[0,0,0]},"t":60,"s":[0,0,100]},{"t":100,"s":[100,100,100]}],"ix":6}},"ao":0,"shapes":[{"ty":"gr","it":[{"ind":0,"ty":"sh","ix":1,"ks":{"a":0,"k":{"i":[[0,0],[0,0],[-4.284,-2.067],[-4.429,-1.73],[-9.076,-2.749],[-9.467,-1.112],[0,0],[0,0],[2.36,0.384],[2.329,0.537],[2.27,0.741],[2.244,0.815],[0,0],[2.207,0.9],[2.157,1.013],[0,0],[2.184,0.949],[4.281,2.094],[4.157,2.326],[3.965,2.65]],"o":[[0,0],[4.19,2.245],[4.29,2.052],[8.858,3.453],[9.072,2.728],[0,0],[0,0],[-2.375,-0.252],[-2.371,-0.347],[-2.33,-0.537],[-2.272,-0.73],[0,0],[-2.244,-0.811],[-2.213,-0.889],[0,0],[-2.156,-1.011],[-4.304,-2.033],[-4.29,-2.074],[-4.142,-2.352],[0,0]],"v":[[-52.754,-20.715],[-27.46,-7.52],[-14.796,-0.949],[-1.712,4.73],[25.113,14.285],[52.827,20.574],[52.818,20.715],[45.677,20.208],[38.598,19.107],[31.599,17.569],[24.693,15.667],[17.868,13.495],[11.156,11.013],[4.53,8.321],[-2.012,5.436],[-8.509,2.464],[-15.001,-0.512],[-27.983,-6.486],[-40.617,-13.164],[-52.827,-20.594]],"c":true},"ix":2},"nm":"Path 1","mn":"ADBE Vector Shape - Group","hd":false},{"ty":"fl","c":{"a":0,"k":[1,0.458999992819,0.33300000359,1],"ix":4},"o":{"a":0,"k":100,"ix":5},"r":1,"bm":0,"nm":"Fill 1","mn":"ADBE Vector Graphic - Fill","hd":false},{"ty":"tr","p":{"a":0,"k":[360.869,345.172],"ix":2},"a":{"a":0,"k":[0,0],"ix":1},"s":{"a":0,"k":[100,100],"ix":3},"r":{"a":0,"k":0,"ix":6},"o":{"a":0,"k":100,"ix":7},"sk":{"a":0,"k":0,"ix":4},"sa":{"a":0,"k":0,"ix":5},"nm":"Transform"}],"nm":"Group 1","np":2,"cix":2,"bm":0,"ix":1,"mn":"ADBE Vector Group","hd":false},{"ty":"gr","it":[{"ind":0,"ty":"sh","ix":1,"ks":{"a":0,"k":{"i":[[-4.222,10.796],[0,0],[36.586,14.307],[-1.973,5.046],[0,0],[-45.726,-17.881]],"o":[[0,0],[-1.973,5.046],[-36.586,-14.307],[0,0],[-4.222,10.795],[45.726,17.88]],"v":[[84.906,26.978],[68.347,20.503],[-1.458,3.729],[-64.125,-31.299],[-80.684,-37.774],[-5.537,14.16]],"c":true},"ix":2},"nm":"Path 1","mn":"ADBE Vector Shape - Group","hd":false},{"ty":"fl","c":{"a":0,"k":[0.987999949736,0.388000009574,0.246999987434,1],"ix":4},"o":{"a":0,"k":100,"ix":5},"r":1,"bm":0,"nm":"Fill 1","mn":"ADBE Vector Graphic - Fill","hd":false},{"ty":"tr","p":{"a":0,"k":[366.906,343.223],"ix":2},"a":{"a":0,"k":[0,0],"ix":1},"s":{"a":0,"k":[100,100],"ix":3},"r":{"a":0,"k":0,"ix":6},"o":{"a":0,"k":100,"ix":7},"sk":{"a":0,"k":0,"ix":4},"sa":{"a":0,"k":0,"ix":5},"nm":"Transform"}],"nm":"Group 2","np":2,"cix":2,"bm":0,"ix":2,"mn":"ADBE Vector Group","hd":false}],"ip":60,"op":660,"st":60,"bm":0},{"ddd":0,"ind":28,"ty":4,"nm":"Layer 26 Outlines","parent":3,"sr":1,"ks":{"o":{"a":0,"k":100,"ix":11},"r":{"a":1,"k":[{"i":{"x":[0.497],"y":[1]},"o":{"x":[0.508],"y":[0]},"t":100,"s":[180]},{"t":219,"s":[0]}],"ix":10},"p":{"a":0,"k":[-78.394,-107.248,0],"ix":2},"a":{"a":0,"k":[370.606,333.752,0],"ix":1},"s":{"a":1,"k":[{"i":{"x":[0.497,0.497,0.667],"y":[1,1,1]},"o":{"x":[0.508,0.508,0.333],"y":[0,0,0]},"t":80,"s":[0,0,100]},{"t":120,"s":[100,100,100]}],"ix":6}},"ao":0,"shapes":[{"ty":"gr","it":[{"ind":0,"ty":"sh","ix":1,"ks":{"a":0,"k":{"i":[[0.1,-0.516],[0,0],[-41.872,-9.723],[0,0],[1.366,0.534],[29.307,14.383],[0,0]],"o":[[0,0],[0,0],[0,0],[0.934,-1.13],[-31.311,-9.243],[0,0],[-0.489,-0.191]],"v":[[-47.336,-19.389],[-47.873,-16.629],[46.314,20.203],[46.939,19.447],[46.063,16.068],[-45.027,-19.435],[-46.204,-20.012]],"c":true},"ix":2},"nm":"Path 1","mn":"ADBE Vector Shape - Group","hd":false},{"ty":"fl","c":{"a":0,"k":[0.885999971278,0.234999997008,0.063000002094,1],"ix":4},"o":{"a":0,"k":100,"ix":5},"r":1,"bm":0,"nm":"Fill 1","mn":"ADBE Vector Graphic - Fill","hd":false},{"ty":"tr","p":{"a":0,"k":[367.283,342.456],"ix":2},"a":{"a":0,"k":[0,0],"ix":1},"s":{"a":0,"k":[100,100],"ix":3},"r":{"a":0,"k":0,"ix":6},"o":{"a":0,"k":100,"ix":7},"sk":{"a":0,"k":0,"ix":4},"sa":{"a":0,"k":0,"ix":5},"nm":"Transform"}],"nm":"Group 1","np":2,"cix":2,"bm":0,"ix":1,"mn":"ADBE Vector Group","hd":false},{"ty":"gr","it":[{"ind":0,"ty":"sh","ix":1,"ks":{"a":0,"k":{"i":[[0,0],[0,0],[-5.179,0.321]],"o":[[0,0],[4.8,-1.823],[0,0]],"v":[[23.353,8.123],[-23.353,-4.869],[-8.297,-8.123]],"c":true},"ix":2},"nm":"Path 1","mn":"ADBE Vector Shape - Group","hd":false},{"ty":"fl","c":{"a":0,"k":[0.987999949736,0.388000009574,0.246999987434,1],"ix":4},"o":{"a":0,"k":100,"ix":5},"r":1,"bm":0,"nm":"Fill 1","mn":"ADBE Vector Graphic - Fill","hd":false},{"ty":"tr","p":{"a":0,"k":[375.632,290.171],"ix":2},"a":{"a":0,"k":[0,0],"ix":1},"s":{"a":0,"k":[100,100],"ix":3},"r":{"a":0,"k":0,"ix":6},"o":{"a":0,"k":100,"ix":7},"sk":{"a":0,"k":0,"ix":4},"sa":{"a":0,"k":0,"ix":5},"nm":"Transform"}],"nm":"Group 2","np":2,"cix":2,"bm":0,"ix":2,"mn":"ADBE Vector Group","hd":false},{"ty":"gr","it":[{"ind":0,"ty":"sh","ix":1,"ks":{"a":0,"k":{"i":[[0,0],[0,0],[0,0],[1.212,4.198]],"o":[[0,0],[0,0],[-2.214,-3.768],[0,0]],"v":[[22.417,11.504],[-17.259,0.475],[-17.27,0.472],[-22.417,-11.504]],"c":true},"ix":2},"nm":"Path 1","mn":"ADBE Vector Shape - Group","hd":false},{"ty":"fl","c":{"a":0,"k":[0.987999949736,0.388000009574,0.246999987434,1],"ix":4},"o":{"a":0,"k":100,"ix":5},"r":1,"bm":0,"nm":"Fill 1","mn":"ADBE Vector Graphic - Fill","hd":false},{"ty":"tr","p":{"a":0,"k":[343.256,359.61],"ix":2},"a":{"a":0,"k":[0,0],"ix":1},"s":{"a":0,"k":[100,100],"ix":3},"r":{"a":0,"k":0,"ix":6},"o":{"a":0,"k":100,"ix":7},"sk":{"a":0,"k":0,"ix":4},"sa":{"a":0,"k":0,"ix":5},"nm":"Transform"}],"nm":"Group 3","np":2,"cix":2,"bm":0,"ix":3,"mn":"ADBE Vector Group","hd":false},{"ty":"gr","it":[{"ind":0,"ty":"sh","ix":1,"ks":{"a":0,"k":{"i":[[0,0],[0,0],[-0.742,1.898],[-0.737,1.453]],"o":[[0,0],[0.501,-1.932],[0.603,-1.542],[0,0]],"v":[[26.004,12.353],[-26.004,-2.108],[-24.131,-7.856],[-22.119,-12.353]],"c":true},"ix":2},"nm":"Path 1","mn":"ADBE Vector Shape - Group","hd":false},{"ty":"fl","c":{"a":0,"k":[0.987999949736,0.388000009574,0.246999987434,1],"ix":4},"o":{"a":0,"k":100,"ix":5},"r":1,"bm":0,"nm":"Fill 1","mn":"ADBE Vector Graphic - Fill","hd":false},{"ty":"tr","p":{"a":0,"k":[346.499,322.741],"ix":2},"a":{"a":0,"k":[0,0],"ix":1},"s":{"a":0,"k":[100,100],"ix":3},"r":{"a":0,"k":0,"ix":6},"o":{"a":0,"k":100,"ix":7},"sk":{"a":0,"k":0,"ix":4},"sa":{"a":0,"k":0,"ix":5},"nm":"Transform"}],"nm":"Group 4","np":2,"cix":2,"bm":0,"ix":4,"mn":"ADBE Vector Group","hd":false},{"ty":"gr","it":[{"ind":0,"ty":"sh","ix":1,"ks":{"a":0,"k":{"i":[[0,0],[2.686,-2.202],[0,0]],"o":[[-2.222,2.746],[0,0],[0,0]],"v":[[23.888,2.929],[16.484,10.36],[-23.888,-10.36]],"c":true},"ix":2},"nm":"Path 1","mn":"ADBE Vector Shape - Group","hd":false},{"ty":"fl","c":{"a":0,"k":[0.987999949736,0.388000009574,0.246999987434,1],"ix":4},"o":{"a":0,"k":100,"ix":5},"r":1,"bm":0,"nm":"Fill 1","mn":"ADBE Vector Graphic - Fill","hd":false},{"ty":"tr","p":{"a":0,"k":[386.911,363.511],"ix":2},"a":{"a":0,"k":[0,0],"ix":1},"s":{"a":0,"k":[100,100],"ix":3},"r":{"a":0,"k":0,"ix":6},"o":{"a":0,"k":100,"ix":7},"sk":{"a":0,"k":0,"ix":4},"sa":{"a":0,"k":0,"ix":5},"nm":"Transform"}],"nm":"Group 5","np":2,"cix":2,"bm":0,"ix":5,"mn":"ADBE Vector Group","hd":false},{"ty":"gr","it":[{"ind":0,"ty":"sh","ix":1,"ks":{"a":0,"k":{"i":[[0.632,-3.501],[0,0],[0,0]],"o":[[0,0],[0,0],[0.094,3.471]],"v":[[22.283,11.668],[-23.172,-11.668],[23.077,1.193]],"c":true},"ix":2},"nm":"Path 1","mn":"ADBE Vector Shape - Group","hd":false},{"ty":"fl","c":{"a":0,"k":[0.987999949736,0.388000009574,0.246999987434,1],"ix":4},"o":{"a":0,"k":100,"ix":5},"r":1,"bm":0,"nm":"Fill 1","mn":"ADBE Vector Graphic - Fill","hd":false},{"ty":"tr","p":{"a":0,"k":[399.319,331.26],"ix":2},"a":{"a":0,"k":[0,0],"ix":1},"s":{"a":0,"k":[100,100],"ix":3},"r":{"a":0,"k":0,"ix":6},"o":{"a":0,"k":100,"ix":7},"sk":{"a":0,"k":0,"ix":4},"sa":{"a":0,"k":0,"ix":5},"nm":"Transform"}],"nm":"Group 6","np":2,"cix":2,"bm":0,"ix":6,"mn":"ADBE Vector Group","hd":false},{"ty":"gr","it":[{"ind":0,"ty":"sh","ix":1,"ks":{"a":0,"k":{"i":[[1.251,-3.199],[3.306,-4.063],[2.687,-2.202],[18.038,7.054],[5.687,9.635],[0,0],[1.212,4.198],[-2.438,9.264],[-0.743,1.897],[-0.737,1.453],[-11.78,4.462],[-5.179,0.32],[-7.278,-2.847],[-0.498,-20.218],[0.632,-3.501]],"o":[[-2.009,5.139],[-2.222,2.746],[-14.008,11.426],[-11.233,-4.392],[0,0],[-2.214,-3.768],[-2.531,-8.741],[0.501,-1.932],[0.603,-1.542],[5.995,-11.899],[4.8,-1.823],[7.32,-0.475],[20.021,7.828],[0.094,3.471],[-0.594,3.25]],"v":[[48.579,17.304],[40.524,31.131],[33.121,38.561],[-18.528,46.683],[-44.277,24.777],[-44.288,24.772],[-49.435,12.796],[-49.779,-14.676],[-47.906,-20.424],[-45.894,-24.923],[-17.996,-50.009],[-2.94,-53.262],[19.201,-49.803],[52.122,-2.856],[51.327,7.618]],"c":true},"ix":2},"nm":"Path 1","mn":"ADBE Vector Shape - Group","hd":false},{"ty":"fl","c":{"a":0,"k":[0.976000019148,0.282000014361,0.043000000598,1],"ix":4},"o":{"a":0,"k":100,"ix":5},"r":1,"bm":0,"nm":"Fill 1","mn":"ADBE Vector Graphic - Fill","hd":false},{"ty":"tr","p":{"a":0,"k":[370.274,335.31],"ix":2},"a":{"a":0,"k":[0,0],"ix":1},"s":{"a":0,"k":[100,100],"ix":3},"r":{"a":0,"k":0,"ix":6},"o":{"a":0,"k":100,"ix":7},"sk":{"a":0,"k":0,"ix":4},"sa":{"a":0,"k":0,"ix":5},"nm":"Transform"}],"nm":"Group 7","np":2,"cix":2,"bm":0,"ix":7,"mn":"ADBE Vector Group","hd":false}],"ip":70,"op":670,"st":70,"bm":0},{"ddd":0,"ind":29,"ty":4,"nm":"Layer 27 Outlines","parent":27,"sr":1,"ks":{"o":{"a":0,"k":100,"ix":11},"r":{"a":0,"k":0,"ix":10},"p":{"a":0,"k":[369.196,335.099,0],"ix":2},"a":{"a":0,"k":[369.196,335.099,0],"ix":1},"s":{"a":0,"k":[100,100,100],"ix":6}},"ao":0,"shapes":[{"ty":"gr","it":[{"ind":0,"ty":"sh","ix":1,"ks":{"a":0,"k":{"i":[[45.726,17.881],[4.222,-10.796],[0,0],[-36.587,-14.307],[1.973,-5.046],[0,0]],"o":[[-45.727,-17.881],[0,0],[1.973,-5.046],[36.586,14.306],[0,0],[4.222,-10.796]],"v":[[5.537,-14.16],[-84.906,-26.978],[-68.347,-20.503],[1.458,-3.729],[64.125,31.299],[80.684,37.774]],"c":true},"ix":2},"nm":"Path 1","mn":"ADBE Vector Shape - Group","hd":false},{"ty":"fl","c":{"a":0,"k":[0.987999949736,0.388000009574,0.246999987434,1],"ix":4},"o":{"a":0,"k":100,"ix":5},"r":1,"bm":0,"nm":"Fill 1","mn":"ADBE Vector Graphic - Fill","hd":false},{"ty":"tr","p":{"a":0,"k":[371.128,332.427],"ix":2},"a":{"a":0,"k":[0,0],"ix":1},"s":{"a":0,"k":[100,100],"ix":3},"r":{"a":0,"k":0,"ix":6},"o":{"a":0,"k":100,"ix":7},"sk":{"a":0,"k":0,"ix":4},"sa":{"a":0,"k":0,"ix":5},"nm":"Transform"}],"nm":"Group 1","np":2,"cix":2,"bm":0,"ix":1,"mn":"ADBE Vector Group","hd":false}],"ip":60,"op":660,"st":60,"bm":0},{"ddd":0,"ind":30,"ty":4,"nm":"Layer 28 Outlines","parent":2,"sr":1,"ks":{"o":{"a":0,"k":100,"ix":11},"r":{"a":0,"k":0,"ix":10},"p":{"a":0,"k":[49.411,43.525,0],"ix":2},"a":{"a":0,"k":[499.411,493.525,0],"ix":1},"s":{"a":1,"k":[{"i":{"x":[0.296,0.296,0.667],"y":[1,1,1]},"o":{"x":[0.595,0.595,0.333],"y":[0,0,0]},"t":30,"s":[0,0,100]},{"i":{"x":[0.282,0.282,0.667],"y":[1,1,1]},"o":{"x":[0.625,0.625,0.333],"y":[0,0,0]},"t":70,"s":[103,102.993,100]},{"t":90,"s":[100,100,100]}],"ix":6}},"ao":0,"shapes":[{"ty":"gr","it":[{"ind":0,"ty":"sh","ix":1,"ks":{"a":0,"k":{"i":[[0,-40.765],[40.765,0],[0,40.765],[-40.765,0]],"o":[[0,40.765],[-40.765,0],[0,-40.765],[40.765,0]],"v":[[73.811,0],[0,73.811],[-73.811,0],[0,-73.811]],"c":true},"ix":2},"nm":"Path 1","mn":"ADBE Vector Shape - Group","hd":false},{"ty":"fl","c":{"a":0,"k":[0.969000004787,0.689999988032,0,1],"ix":4},"o":{"a":0,"k":100,"ix":5},"r":1,"bm":0,"nm":"Fill 1","mn":"ADBE Vector Graphic - Fill","hd":false},{"ty":"tr","p":{"a":0,"k":[499.411,493.525],"ix":2},"a":{"a":0,"k":[0,0],"ix":1},"s":{"a":0,"k":[100,100],"ix":3},"r":{"a":0,"k":0,"ix":6},"o":{"a":0,"k":100,"ix":7},"sk":{"a":0,"k":0,"ix":4},"sa":{"a":0,"k":0,"ix":5},"nm":"Transform"}],"nm":"Group 1","np":2,"cix":2,"bm":0,"ix":1,"mn":"ADBE Vector Group","hd":false},{"ty":"gr","it":[{"ind":0,"ty":"sh","ix":1,"ks":{"a":0,"k":{"i":[[0,-56.443],[56.443,0],[0,56.444],[-56.444,0]],"o":[[0,56.444],[-56.444,0],[0,-56.443],[56.443,0]],"v":[[102.2,0],[0,102.2],[-102.2,0],[0,-102.2]],"c":true},"ix":2},"nm":"Path 1","mn":"ADBE Vector Shape - Group","hd":false},{"ty":"fl","c":{"a":0,"k":[0.987999949736,0.760999971278,0.122000002394,1],"ix":4},"o":{"a":0,"k":100,"ix":5},"r":1,"bm":0,"nm":"Fill 1","mn":"ADBE Vector Graphic - Fill","hd":false},{"ty":"tr","p":{"a":0,"k":[499.411,493.525],"ix":2},"a":{"a":0,"k":[0,0],"ix":1},"s":{"a":0,"k":[100,100],"ix":3},"r":{"a":0,"k":0,"ix":6},"o":{"a":0,"k":100,"ix":7},"sk":{"a":0,"k":0,"ix":4},"sa":{"a":0,"k":0,"ix":5},"nm":"Transform"}],"nm":"Group 2","np":2,"cix":2,"bm":0,"ix":2,"mn":"ADBE Vector Group","hd":false}],"ip":30,"op":630,"st":30,"bm":0},{"ddd":0,"ind":31,"ty":4,"nm":"Layer 29 Outlines","parent":2,"sr":1,"ks":{"o":{"a":0,"k":100,"ix":11},"r":{"a":0,"k":0,"ix":10},"p":{"a":0,"k":[49.411,43.525,0],"ix":2},"a":{"a":0,"k":[499.411,493.525,0],"ix":1},"s":{"a":1,"k":[{"i":{"x":[0.296,0.296,0.667],"y":[1,1,1]},"o":{"x":[0.595,0.595,0.333],"y":[0,0,0]},"t":20,"s":[0,0,100]},{"i":{"x":[0.282,0.282,0.667],"y":[1,1,1]},"o":{"x":[0.625,0.625,0.333],"y":[0,0,0]},"t":60,"s":[103,102.993,100]},{"t":80,"s":[100,100,100]}],"ix":6}},"ao":0,"shapes":[{"ty":"gr","it":[{"ind":0,"ty":"sh","ix":1,"ks":{"a":0,"k":{"i":[[0,-95.876],[95.876,0],[0,95.876],[-95.877,0]],"o":[[0,95.876],[-95.877,0],[0,-95.876],[95.876,0]],"v":[[173.6,0],[0,173.6],[-173.6,0],[0,-173.6]],"c":true},"ix":2},"nm":"Path 1","mn":"ADBE Vector Shape - Group","hd":false},{"ty":"fl","c":{"a":0,"k":[0.258999992819,0.310000011968,0.4,1],"ix":4},"o":{"a":0,"k":100,"ix":5},"r":1,"bm":0,"nm":"Fill 1","mn":"ADBE Vector Graphic - Fill","hd":false},{"ty":"tr","p":{"a":0,"k":[499.411,493.525],"ix":2},"a":{"a":0,"k":[0,0],"ix":1},"s":{"a":0,"k":[100,100],"ix":3},"r":{"a":0,"k":0,"ix":6},"o":{"a":0,"k":100,"ix":7},"sk":{"a":0,"k":0,"ix":4},"sa":{"a":0,"k":0,"ix":5},"nm":"Transform"}],"nm":"Group 1","np":2,"cix":2,"bm":0,"ix":1,"mn":"ADBE Vector Group","hd":false}],"ip":20,"op":620,"st":20,"bm":0},{"ddd":0,"ind":32,"ty":4,"nm":"Layer 30 Outlines","parent":2,"sr":1,"ks":{"o":{"a":0,"k":100,"ix":11},"r":{"a":0,"k":0,"ix":10},"p":{"a":0,"k":[49.411,43.525,0],"ix":2},"a":{"a":0,"k":[499.411,493.525,0],"ix":1},"s":{"a":1,"k":[{"i":{"x":[0.296,0.296,0.667],"y":[1,1,1]},"o":{"x":[0.595,0.595,0.333],"y":[0,0,0]},"t":10,"s":[0,0,100]},{"i":{"x":[0.282,0.282,0.667],"y":[1,1,1]},"o":{"x":[0.625,0.625,0.333],"y":[0,0,0]},"t":50,"s":[103,102.993,100]},{"t":70,"s":[100,100,100]}],"ix":6}},"ao":0,"shapes":[{"ty":"gr","it":[{"ind":0,"ty":"sh","ix":1,"ks":{"a":0,"k":{"i":[[0,-143.042],[143.042,0],[0,143.042],[-143.042,0]],"o":[[0,143.042],[-143.042,0],[0,-143.042],[143.042,0]],"v":[[259,0],[0,259],[-259,0],[0,-259]],"c":true},"ix":2},"nm":"Path 1","mn":"ADBE Vector Shape - Group","hd":false},{"ty":"fl","c":{"a":0,"k":[0.322000002394,0.380000005984,0.497999991623,1],"ix":4},"o":{"a":0,"k":100,"ix":5},"r":1,"bm":0,"nm":"Fill 1","mn":"ADBE Vector Graphic - Fill","hd":false},{"ty":"tr","p":{"a":0,"k":[499.411,493.525],"ix":2},"a":{"a":0,"k":[0,0],"ix":1},"s":{"a":0,"k":[100,100],"ix":3},"r":{"a":0,"k":0,"ix":6},"o":{"a":0,"k":100,"ix":7},"sk":{"a":0,"k":0,"ix":4},"sa":{"a":0,"k":0,"ix":5},"nm":"Transform"}],"nm":"Group 1","np":2,"cix":2,"bm":0,"ix":1,"mn":"ADBE Vector Group","hd":false}],"ip":10,"op":610,"st":10,"bm":0},{"ddd":0,"ind":33,"ty":4,"nm":"Layer 31 Outlines","parent":2,"sr":1,"ks":{"o":{"a":0,"k":100,"ix":11},"r":{"a":0,"k":0,"ix":10},"p":{"a":0,"k":[49.411,43.525,0],"ix":2},"a":{"a":0,"k":[499.411,493.525,0],"ix":1},"s":{"a":1,"k":[{"i":{"x":[0.296,0.296,0.667],"y":[1,1,1]},"o":{"x":[0.595,0.595,0.333],"y":[0,0,0]},"t":0,"s":[0,0,100]},{"i":{"x":[0.282,0.282,0.667],"y":[1,1,1]},"o":{"x":[0.625,0.625,0.333],"y":[0,0,0]},"t":40,"s":[103,102.993,100]},{"t":60,"s":[100,100,100]}],"ix":6}},"ao":0,"shapes":[{"ty":"gr","it":[{"ind":0,"ty":"sh","ix":1,"ks":{"a":0,"k":{"i":[[0,-193.3],[193.3,0],[0,193.299],[-193.3,0]],"o":[[0,193.299],[-193.3,0],[0,-193.3],[193.3,0]],"v":[[350,0],[0,350],[-350,0],[0,-350]],"c":true},"ix":2},"nm":"Path 1","mn":"ADBE Vector Shape - Group","hd":false},{"ty":"fl","c":{"a":0,"k":[0.39199999641,0.451000019148,0.6,1],"ix":4},"o":{"a":0,"k":100,"ix":5},"r":1,"bm":0,"nm":"Fill 1","mn":"ADBE Vector Graphic - Fill","hd":false},{"ty":"tr","p":{"a":0,"k":[499.411,493.525],"ix":2},"a":{"a":0,"k":[0,0],"ix":1},"s":{"a":0,"k":[100,100],"ix":3},"r":{"a":0,"k":0,"ix":6},"o":{"a":0,"k":100,"ix":7},"sk":{"a":0,"k":0,"ix":4},"sa":{"a":0,"k":0,"ix":5},"nm":"Transform"}],"nm":"Group 1","np":2,"cix":2,"bm":0,"ix":1,"mn":"ADBE Vector Group","hd":false}],"ip":0,"op":600,"st":0,"bm":0}],"markers":[]}