{"v":"4.8.0","meta":{"g":"LottieFiles AE ","a":"","k":"","d":"","tc":""},"fr":59.9400024414062,"ip":0,"op":182.000007413012,"w":500,"h":500,"nm":"Pumpkin","ddd":0,"assets":[],"layers":[{"ddd":0,"ind":1,"ty":4,"nm":"Eye2","sr":1,"ks":{"o":{"a":0,"k":100,"ix":11},"r":{"a":1,"k":[{"i":{"x":[0.833],"y":[0.833]},"o":{"x":[0.167],"y":[0.167]},"t":0,"s":[0]},{"i":{"x":[0.833],"y":[0.833]},"o":{"x":[0.167],"y":[0.167]},"t":31,"s":[-18]},{"i":{"x":[0.833],"y":[0.833]},"o":{"x":[0.167],"y":[0.167]},"t":129,"s":[-18]},{"t":158.000006435472,"s":[0]}],"ix":10},"p":{"a":1,"k":[{"i":{"x":0.833,"y":0.833},"o":{"x":0.167,"y":0.167},"t":0,"s":[285.763,263.068,0],"to":[0,0,0],"ti":[0,0,0]},{"i":{"x":0.833,"y":0.833},"o":{"x":0.167,"y":0.167},"t":31,"s":[285.763,240.068,0],"to":[0,0,0],"ti":[0,0,0]},{"i":{"x":0.833,"y":0.833},"o":{"x":0.167,"y":0.167},"t":129,"s":[285.763,240.068,0],"to":[0,0,0],"ti":[0,0,0]},{"t":158.000006435472,"s":[285.763,263.068,0]}],"ix":2},"a":{"a":0,"k":[39.327,20.192,0],"ix":1},"s":{"a":1,"k":[{"i":{"x":[0.833,0.833,0.833],"y":[0.833,0.833,0.833]},"o":{"x":[0.167,0.167,0.167],"y":[0.167,0.167,0.167]},"t":0,"s":[100,100,100]},{"i":{"x":[0.833,0.833,0.833],"y":[0.833,0.833,0.833]},"o":{"x":[0.167,0.167,0.167],"y":[0.167,0.167,0.167]},"t":31,"s":[112,112,100]},{"i":{"x":[0.833,0.833,0.833],"y":[0.833,0.833,0.833]},"o":{"x":[0.167,0.167,0.167],"y":[0.167,0.167,0.167]},"t":129,"s":[112,112,100]},{"t":158.000006435472,"s":[100,100,100]}],"ix":6}},"ao":0,"shapes":[{"ty":"gr","it":[{"ind":0,"ty":"sh","ix":1,"ks":{"a":0,"k":{"i":[[-0.418,-0.396],[-30.08,3.756],[0,0],[0,0],[0,0],[0,0]],"o":[[2.099,3.116],[33.398,-4.156],[0,0],[-0.355,-0.806],[0,0],[0,0]],"v":[[-38.448,1.389],[5.679,16.187],[20.196,-18.744],[19.993,-18.68],[19.4,-19.943],[-39.077,0.756]],"c":true},"ix":2},"nm":"Path 1","mn":"ADBE Vector Shape - Group","hd":false},{"ty":"fl","c":{"a":1,"k":[{"i":{"x":[0.833],"y":[0.833]},"o":{"x":[0.167],"y":[0.167]},"t":31,"s":[0.137254901961,0.121568634931,0.125490196078,1]},{"i":{"x":[0.833],"y":[0.833]},"o":{"x":[0.167],"y":[0.167]},"t":77,"s":[1,0.913051486015,0,1]},{"t":129.000005254278,"s":[0.137254901961,0.121568634931,0.125490196078,1]}],"ix":4},"o":{"a":0,"k":100,"ix":5},"r":1,"bm":0,"nm":"Fill 1","mn":"ADBE Vector Graphic - Fill","hd":false},{"ty":"tr","p":{"a":0,"k":[39.327,20.193],"ix":2},"a":{"a":0,"k":[0,0],"ix":1},"s":{"a":0,"k":[100,100],"ix":3},"r":{"a":0,"k":0,"ix":6},"o":{"a":0,"k":100,"ix":7},"sk":{"a":0,"k":0,"ix":4},"sa":{"a":0,"k":0,"ix":5},"nm":"Transform"}],"nm":"Group 1","np":2,"cix":2,"bm":0,"ix":1,"mn":"ADBE Vector Group","hd":false}],"ip":0,"op":1259.00005128012,"st":0,"bm":0},{"ddd":0,"ind":2,"ty":4,"nm":"Eye1","sr":1,"ks":{"o":{"a":0,"k":100,"ix":11},"r":{"a":1,"k":[{"i":{"x":[0.833],"y":[0.833]},"o":{"x":[0.167],"y":[0.167]},"t":0,"s":[0]},{"i":{"x":[0.833],"y":[0.833]},"o":{"x":[0.167],"y":[0.167]},"t":31,"s":[-19]},{"i":{"x":[0.833],"y":[0.833]},"o":{"x":[0.167],"y":[0.167]},"t":129,"s":[-19]},{"t":158.000006435472,"s":[0]}],"ix":10},"p":{"a":1,"k":[{"i":{"x":0.833,"y":0.833},"o":{"x":0.167,"y":0.167},"t":0,"s":[179.938,251.228,0],"to":[0,0,0],"ti":[0,0,0]},{"i":{"x":0.833,"y":0.833},"o":{"x":0.167,"y":0.167},"t":31,"s":[179.938,262.228,0],"to":[0,0,0],"ti":[0,0,0]},{"i":{"x":0.833,"y":0.833},"o":{"x":0.167,"y":0.167},"t":129,"s":[179.938,262.228,0],"to":[0,0,0],"ti":[0,0,0]},{"t":158.000006435472,"s":[179.938,251.228,0]}],"ix":2},"a":{"a":0,"k":[40.544,32.619,0],"ix":1},"s":{"a":1,"k":[{"i":{"x":[0.833,0.833,0.833],"y":[0.833,0.833,0.833]},"o":{"x":[0.167,0.167,0.167],"y":[0.167,0.167,0.167]},"t":0,"s":[100,100,100]},{"i":{"x":[0.833,0.833,0.833],"y":[0.833,0.833,0.833]},"o":{"x":[0.167,0.167,0.167],"y":[0.167,0.167,0.167]},"t":31,"s":[80,80,100]},{"i":{"x":[0.833,0.833,0.833],"y":[0.833,0.833,0.833]},"o":{"x":[0.167,0.167,0.167],"y":[0.167,0.167,0.167]},"t":129,"s":[80,80,100]},{"t":158.000006435472,"s":[100,100,100]}],"ix":6}},"ao":0,"shapes":[{"ty":"gr","it":[{"ind":0,"ty":"sh","ix":1,"ks":{"a":0,"k":{"i":[[-32.319,-14.521],[0,0],[0,0],[0.495,-0.855]],"o":[[32.737,14.707],[0,0],[0,0],[-0.639,0.845]],"v":[[-7.975,17.662],[40.294,10.518],[-14.051,-32.369],[-14.871,-31.027]],"c":true},"ix":2},"nm":"Path 1","mn":"ADBE Vector Shape - Group","hd":false},{"ty":"fl","c":{"a":1,"k":[{"i":{"x":[0.833],"y":[0.833]},"o":{"x":[0.167],"y":[0.167]},"t":31,"s":[0.137254901961,0.121568634931,0.125490196078,1]},{"i":{"x":[0.833],"y":[0.833]},"o":{"x":[0.167],"y":[0.167]},"t":77,"s":[1,0.913051486015,0,1]},{"t":129.000005254278,"s":[0.137254901961,0.121568634931,0.125490196078,1]}],"ix":4},"o":{"a":0,"k":100,"ix":5},"r":1,"bm":0,"nm":"Fill 1","mn":"ADBE Vector Graphic - Fill","hd":false},{"ty":"tr","p":{"a":0,"k":[40.544,32.62],"ix":2},"a":{"a":0,"k":[0,0],"ix":1},"s":{"a":0,"k":[100,100],"ix":3},"r":{"a":0,"k":0,"ix":6},"o":{"a":0,"k":100,"ix":7},"sk":{"a":0,"k":0,"ix":4},"sa":{"a":0,"k":0,"ix":5},"nm":"Transform"}],"nm":"Group 1","np":2,"cix":2,"bm":0,"ix":1,"mn":"ADBE Vector Group","hd":false}],"ip":0,"op":1259.00005128012,"st":0,"bm":0},{"ddd":0,"ind":3,"ty":4,"nm":"Mouth","sr":1,"ks":{"o":{"a":0,"k":100,"ix":11},"r":{"a":0,"k":0,"ix":10},"p":{"a":0,"k":[233.931,309.131,0],"ix":2},"a":{"a":0,"k":[94.252,56.849,0],"ix":1},"s":{"a":0,"k":[100,100,100],"ix":6}},"ao":0,"shapes":[{"ty":"gr","it":[{"ind":0,"ty":"sh","ix":1,"ks":{"a":1,"k":[{"i":{"x":0.833,"y":0.833},"o":{"x":0.167,"y":0.167},"t":0,"s":[{"i":[[0.02,1.066],[1.191,5.759],[3.231,-4.802],[0,0],[0,0],[0,0],[0,0],[0.039,-0.009],[0,0],[0,0],[0.32,-0.069],[0,0],[0,0],[0,0],[0,0],[0,0],[0,0],[0,0],[0,0],[0,0],[0,0],[1.567,5.236],[-0.096,-6.096],[-0.009,-0.492],[-0.011,-0.983],[-3.908,-9.625],[0,0],[0,0],[-0.082,-0.159],[0,0],[-0.349,-0.643],[0,0],[0,0],[-0.058,-0.079],[0,0],[-0.445,-0.552],[0,0],[0,0],[-0.039,-0.03],[0,0],[-0.12,-0.093],[0,0],[0,0],[0,0],[0,0],[-0.437,-0.12],[0,0],[0,0],[0,0],[0,0],[-0.735,0.023],[0,0],[0,0],[0,0],[0,0],[-0.216,0.057],[0,0],[0,0],[0,0],[0,0],[0,0],[0,0],[0,0],[0,0],[0,0],[0,0],[0,0],[0,0],[0,0],[0,0],[0,0],[0,0],[0,0],[0,0],[0,0],[0.19,11.251],[0.025,0.405]],"o":[[-0.101,-6.103],[-1.424,5.338],[0,0],[0,0],[0,0],[0,0],[-0.046,0.022],[0,0],[0,0],[-0.33,0.068],[0,0],[0,0],[0,0],[0,0],[0,0],[0,0],[0,0],[0,0],[0,0],[0,0],[-3.332,-4.668],[-1.03,5.788],[0.008,0.503],[-0.015,0.979],[0.183,10.933],[0,0],[0,0],[0.088,0.161],[0,0],[0.35,0.642],[0,0],[0,0],[0.055,0.076],[0,0],[0.438,0.552],[0,0],[0,0],[0.035,0.039],[0,0],[0.095,0.093],[0,0],[0,0],[0,0],[0,0],[0.449,0.12],[0,0],[0,0],[0,0],[0,0],[0.746,0.01],[0,0],[0,0],[0,0],[0,0],[0.221,-0.068],[0,0],[0,0],[0,0],[0,0],[0,0],[0,0],[0,0],[0,0],[0,0],[0,0],[0,0],[0,0],[0,0],[0,0],[0,0],[0,0],[0,0],[0,0],[0,0],[3.822,-9.979],[-0.001,-0.406],[0.025,-1.063]],"v":[[93.832,-38.793],[91.843,-56.599],[84.772,-41.355],[83.337,-16.794],[69.942,-25.598],[63.173,-0.271],[49.685,-13.755],[49.564,-13.708],[43.661,8.362],[28.5,-6.783],[27.541,-6.564],[15.89,19.604],[-0.801,-3.366],[-16.746,20.117],[-29.392,-6.015],[-42.931,8.403],[-49.086,-11.969],[-61.946,1.727],[-69.552,-23.454],[-82.769,-14.132],[-85.007,-38.755],[-92.469,-53.648],[-93.906,-35.797],[-93.818,-34.311],[-93.92,-31.395],[-87.596,-0.391],[-82.788,-2.249],[-83.821,5.085],[-83.569,5.558],[-83.868,7.559],[-82.802,9.478],[-73.446,5.875],[-75.267,18.833],[-75.091,19.067],[-75.33,20.661],[-74.004,22.325],[-61.793,17.619],[-63.763,31.604],[-63.656,31.697],[-63.823,32.826],[-63.501,33.113],[-49.286,22.361],[-45.938,44.051],[-37.197,31.563],[-26.003,53.152],[-24.661,53.502],[-24.582,53.332],[-24.529,53.215],[-16.56,36.198],[-1.055,56.561],[1.167,56.576],[1.257,56.576],[2.984,54.026],[16.065,35.695],[25.013,53.332],[25.658,53.136],[25.729,52.991],[25.743,52.991],[25.857,52.715],[36.547,30.385],[45.678,42.586],[48.323,20.801],[63.307,31.38],[63.047,29.959],[63.369,30.197],[60.85,15.728],[74.723,20.56],[74.384,18.704],[74.774,18.849],[72.121,3.604],[82.87,7.354],[82.408,4.817],[82.905,5],[81.208,-4.801],[88.147,-2.377],[93.812,-34.396],[93.731,-35.605]],"c":true}]},{"i":{"x":0.833,"y":0.833},"o":{"x":0.167,"y":0.167},"t":31,"s":[{"i":[[0.02,1.066],[1.191,5.759],[3.231,-4.802],[0,0],[0,0],[0,0],[0,0],[0.039,-0.009],[0,0],[0,0],[0.32,-0.069],[0,0],[0,0],[0,0],[0,0],[0,0],[0,0],[0,0],[0,0],[0,0],[0,0],[1.567,5.236],[-0.096,-6.096],[-0.009,-0.492],[-0.011,-0.983],[-3.908,-9.625],[0,0],[0,0],[-0.082,-0.159],[0,0],[-0.349,-0.643],[0,0],[0,0],[-0.058,-0.079],[0,0],[-0.445,-0.552],[0,0],[0,0],[-0.039,-0.03],[0,0],[-0.12,-0.093],[0,0],[0,0],[0,0],[0,0],[-0.437,-0.12],[0,0],[0,0],[0,0],[0,0],[-0.735,0.023],[0,0],[0,0],[0,0],[0,0],[-0.216,0.057],[0,0],[0,0],[0,0],[0,0],[0,0],[0,0],[0,0],[0,0],[0,0],[0,0],[0,0],[0,0],[0,0],[0,0],[0,0],[0,0],[0,0],[0,0],[0,0],[0.19,11.251],[0.025,0.405]],"o":[[-0.101,-6.103],[-1.424,5.338],[0,0],[0,0],[0,0],[0,0],[-0.046,0.022],[0,0],[0,0],[-0.33,0.068],[0,0],[0,0],[0,0],[0,0],[0,0],[0,0],[0,0],[0,0],[0,0],[0,0],[-3.332,-4.668],[-1.03,5.788],[0.008,0.503],[-0.015,0.979],[0.183,10.933],[0,0],[0,0],[0.088,0.161],[0,0],[0.35,0.642],[0,0],[0,0],[0.055,0.076],[0,0],[0.438,0.552],[0,0],[0,0],[0.035,0.039],[0,0],[0.095,0.093],[0,0],[0,0],[0,0],[0,0],[0.449,0.12],[0,0],[0,0],[0,0],[0,0],[0.746,0.01],[0,0],[0,0],[0,0],[0,0],[0.221,-0.068],[0,0],[0,0],[0,0],[0,0],[0,0],[0,0],[0,0],[0,0],[0,0],[0,0],[0,0],[0,0],[0,0],[0,0],[0,0],[0,0],[0,0],[0,0],[0,0],[3.822,-9.979],[-0.001,-0.406],[0.025,-1.063]],"v":[[93.832,-38.793],[91.843,-56.599],[84.772,-49.855],[83.337,-25.293],[69.942,-34.097],[63.173,-8.771],[49.685,-13.755],[49.564,-22.207],[43.661,-0.138],[28.5,-15.282],[27.541,-6.564],[15.89,11.104],[-0.801,-11.865],[-16.746,11.617],[-29.392,-14.514],[-42.931,-0.097],[-49.086,-20.469],[-61.946,-6.773],[-69.552,-31.954],[-82.769,-22.631],[-85.007,-47.254],[-92.469,-53.648],[-93.906,-35.797],[-93.818,-34.311],[-93.92,-31.395],[-87.596,5.61],[-82.788,3.752],[-83.821,5.084],[-83.569,11.558],[-83.868,7.559],[-82.802,15.478],[-73.446,11.875],[-75.267,25.333],[-75.091,25.067],[-75.33,26.661],[-74.004,28.325],[-61.793,23.619],[-63.763,37.604],[-63.656,31.697],[-63.823,32.826],[-63.501,39.113],[-49.286,28.361],[-45.938,50.051],[-37.197,37.563],[-24.503,58.902],[-24.661,59.502],[-24.082,58.082],[-24.529,59.965],[-16.56,42.198],[-1.055,62.561],[1.167,62.576],[0.007,62.576],[0.734,63.276],[16.065,41.695],[26.013,58.582],[25.658,59.136],[25.729,58.991],[25.743,59.241],[25.857,58.715],[36.547,36.385],[45.678,48.586],[48.323,26.801],[63.307,37.38],[63.047,35.959],[64.119,37.197],[60.85,21.728],[74.723,26.56],[74.384,24.704],[75.524,25.849],[72.121,9.604],[82.87,13.354],[82.408,10.817],[83.905,13.249],[81.208,1.199],[88.147,3.624],[93.812,-34.396],[93.731,-35.605]],"c":true}]},{"i":{"x":0.833,"y":0.833},"o":{"x":0.167,"y":0.167},"t":129,"s":[{"i":[[0.02,1.066],[1.191,5.759],[3.231,-4.802],[0,0],[0,0],[0,0],[0,0],[0.039,-0.009],[0,0],[0,0],[0.32,-0.069],[0,0],[0,0],[0,0],[0,0],[0,0],[0,0],[0,0],[0,0],[0,0],[0,0],[1.567,5.236],[-0.096,-6.096],[-0.009,-0.492],[-0.011,-0.983],[-3.908,-9.625],[0,0],[0,0],[-0.082,-0.159],[0,0],[-0.349,-0.643],[0,0],[0,0],[-0.058,-0.079],[0,0],[-0.445,-0.552],[0,0],[0,0],[-0.039,-0.03],[0,0],[-0.12,-0.093],[0,0],[0,0],[0,0],[0,0],[-0.437,-0.12],[0,0],[0,0],[0,0],[0,0],[-0.735,0.023],[0,0],[0,0],[0,0],[0,0],[-0.216,0.057],[0,0],[0,0],[0,0],[0,0],[0,0],[0,0],[0,0],[0,0],[0,0],[0,0],[0,0],[0,0],[0,0],[0,0],[0,0],[0,0],[0,0],[0,0],[0,0],[0.19,11.251],[0.025,0.405]],"o":[[-0.101,-6.103],[-1.424,5.338],[0,0],[0,0],[0,0],[0,0],[-0.046,0.022],[0,0],[0,0],[-0.33,0.068],[0,0],[0,0],[0,0],[0,0],[0,0],[0,0],[0,0],[0,0],[0,0],[0,0],[-3.332,-4.668],[-1.03,5.788],[0.008,0.503],[-0.015,0.979],[0.183,10.933],[0,0],[0,0],[0.088,0.161],[0,0],[0.35,0.642],[0,0],[0,0],[0.055,0.076],[0,0],[0.438,0.552],[0,0],[0,0],[0.035,0.039],[0,0],[0.095,0.093],[0,0],[0,0],[0,0],[0,0],[0.449,0.12],[0,0],[0,0],[0,0],[0,0],[0.746,0.01],[0,0],[0,0],[0,0],[0,0],[0.221,-0.068],[0,0],[0,0],[0,0],[0,0],[0,0],[0,0],[0,0],[0,0],[0,0],[0,0],[0,0],[0,0],[0,0],[0,0],[0,0],[0,0],[0,0],[0,0],[0,0],[3.822,-9.979],[-0.001,-0.406],[0.025,-1.063]],"v":[[93.832,-38.793],[91.843,-56.599],[84.772,-49.855],[83.337,-25.293],[69.942,-34.097],[63.173,-8.771],[49.685,-13.755],[49.564,-22.207],[43.661,-0.138],[28.5,-15.282],[27.541,-6.564],[15.89,11.104],[-0.801,-11.865],[-16.746,11.617],[-29.392,-14.514],[-42.931,-0.097],[-49.086,-20.469],[-61.946,-6.773],[-69.552,-31.954],[-82.769,-22.631],[-85.007,-47.254],[-92.469,-53.648],[-93.906,-35.797],[-93.818,-34.311],[-93.92,-31.395],[-87.596,5.61],[-82.788,3.752],[-83.821,5.084],[-83.569,11.558],[-83.868,7.559],[-82.802,15.478],[-73.446,11.875],[-75.267,25.333],[-75.091,25.067],[-75.33,26.661],[-74.004,28.325],[-61.793,23.619],[-63.763,37.604],[-63.656,31.697],[-63.823,32.826],[-63.501,39.113],[-49.286,28.361],[-45.938,50.051],[-37.197,37.563],[-24.503,58.902],[-24.661,59.502],[-24.082,58.082],[-24.529,59.965],[-16.56,42.198],[-1.055,62.561],[1.167,62.576],[0.007,62.576],[0.734,63.276],[16.065,41.695],[26.013,58.582],[25.658,59.136],[25.729,58.991],[25.743,59.241],[25.857,58.715],[36.547,36.385],[45.678,48.586],[48.323,26.801],[63.307,37.38],[63.047,35.959],[64.119,37.197],[60.85,21.728],[74.723,26.56],[74.384,24.704],[75.524,25.849],[72.121,9.604],[82.87,13.354],[82.408,10.817],[83.905,13.249],[81.208,1.199],[88.147,3.624],[93.812,-34.396],[93.731,-35.605]],"c":true}]},{"t":158.000006435472,"s":[{"i":[[0.02,1.066],[1.191,5.759],[3.231,-4.802],[0,0],[0,0],[0,0],[0,0],[0.039,-0.009],[0,0],[0,0],[0.32,-0.069],[0,0],[0,0],[0,0],[0,0],[0,0],[0,0],[0,0],[0,0],[0,0],[0,0],[1.567,5.236],[-0.096,-6.096],[-0.009,-0.492],[-0.011,-0.983],[-3.908,-9.625],[0,0],[0,0],[-0.082,-0.159],[0,0],[-0.349,-0.643],[0,0],[0,0],[-0.058,-0.079],[0,0],[-0.445,-0.552],[0,0],[0,0],[-0.039,-0.03],[0,0],[-0.12,-0.093],[0,0],[0,0],[0,0],[0,0],[-0.437,-0.12],[0,0],[0,0],[0,0],[0,0],[-0.735,0.023],[0,0],[0,0],[0,0],[0,0],[-0.216,0.057],[0,0],[0,0],[0,0],[0,0],[0,0],[0,0],[0,0],[0,0],[0,0],[0,0],[0,0],[0,0],[0,0],[0,0],[0,0],[0,0],[0,0],[0,0],[0,0],[0.19,11.251],[0.025,0.405]],"o":[[-0.101,-6.103],[-1.424,5.338],[0,0],[0,0],[0,0],[0,0],[-0.046,0.022],[0,0],[0,0],[-0.33,0.068],[0,0],[0,0],[0,0],[0,0],[0,0],[0,0],[0,0],[0,0],[0,0],[0,0],[-3.332,-4.668],[-1.03,5.788],[0.008,0.503],[-0.015,0.979],[0.183,10.933],[0,0],[0,0],[0.088,0.161],[0,0],[0.35,0.642],[0,0],[0,0],[0.055,0.076],[0,0],[0.438,0.552],[0,0],[0,0],[0.035,0.039],[0,0],[0.095,0.093],[0,0],[0,0],[0,0],[0,0],[0.449,0.12],[0,0],[0,0],[0,0],[0,0],[0.746,0.01],[0,0],[0,0],[0,0],[0,0],[0.221,-0.068],[0,0],[0,0],[0,0],[0,0],[0,0],[0,0],[0,0],[0,0],[0,0],[0,0],[0,0],[0,0],[0,0],[0,0],[0,0],[0,0],[0,0],[0,0],[0,0],[3.822,-9.979],[-0.001,-0.406],[0.025,-1.063]],"v":[[93.832,-38.793],[91.843,-56.599],[84.772,-41.355],[83.337,-16.794],[69.942,-25.598],[63.173,-0.271],[49.685,-13.755],[49.564,-13.708],[43.661,8.362],[28.5,-6.783],[27.541,-6.564],[15.89,19.604],[-0.801,-3.366],[-16.746,20.117],[-29.392,-6.015],[-42.931,8.403],[-49.086,-11.969],[-61.946,1.727],[-69.552,-23.454],[-82.769,-14.132],[-85.007,-38.755],[-92.469,-53.648],[-93.906,-35.797],[-93.818,-34.311],[-93.92,-31.395],[-87.596,-0.391],[-82.788,-2.249],[-83.821,5.085],[-83.569,5.558],[-83.868,7.559],[-82.802,9.478],[-73.446,5.875],[-75.267,18.833],[-75.091,19.067],[-75.33,20.661],[-74.004,22.325],[-61.793,17.619],[-63.763,31.604],[-63.656,31.697],[-63.823,32.826],[-63.501,33.113],[-49.286,22.361],[-45.938,44.051],[-37.197,31.563],[-26.003,53.152],[-24.661,53.502],[-24.582,53.332],[-24.529,53.215],[-16.56,36.198],[-1.055,56.561],[1.167,56.576],[1.257,56.576],[2.984,54.026],[16.065,35.695],[25.013,53.332],[25.658,53.136],[25.729,52.991],[25.743,52.991],[25.857,52.715],[36.547,30.385],[45.678,42.586],[48.323,20.801],[63.307,31.38],[63.047,29.959],[63.369,30.197],[60.85,15.728],[74.723,20.56],[74.384,18.704],[74.774,18.849],[72.121,3.604],[82.87,7.354],[82.408,4.817],[82.905,5],[81.208,-4.801],[88.147,-2.377],[93.812,-34.396],[93.731,-35.605]],"c":true}]}],"ix":2},"nm":"Path 1","mn":"ADBE Vector Shape - Group","hd":false},{"ty":"fl","c":{"a":1,"k":[{"i":{"x":[0.833],"y":[0.833]},"o":{"x":[0.167],"y":[0.167]},"t":31,"s":[0.137254901961,0.121568634931,0.125490196078,1]},{"i":{"x":[0.833],"y":[0.833]},"o":{"x":[0.167],"y":[0.167]},"t":77,"s":[1,0.913051486015,0,1]},{"t":129.000005254278,"s":[0.137254901961,0.121568634931,0.125490196078,1]}],"ix":4},"o":{"a":0,"k":100,"ix":5},"r":1,"bm":0,"nm":"Fill 1","mn":"ADBE Vector Graphic - Fill","hd":false},{"ty":"tr","p":{"a":0,"k":[94.252,56.849],"ix":2},"a":{"a":0,"k":[0,0],"ix":1},"s":{"a":0,"k":[100,100],"ix":3},"r":{"a":0,"k":0,"ix":6},"o":{"a":0,"k":100,"ix":7},"sk":{"a":0,"k":0,"ix":4},"sa":{"a":0,"k":0,"ix":5},"nm":"Transform"}],"nm":"Group 1","np":2,"cix":2,"bm":0,"ix":1,"mn":"ADBE Vector Group","hd":false}],"ip":0,"op":1259.00005128012,"st":0,"bm":0},{"ddd":0,"ind":4,"ty":4,"nm":"Pumpkin","sr":1,"ks":{"o":{"a":0,"k":100,"ix":11},"r":{"a":0,"k":0,"ix":10},"p":{"a":0,"k":[266.674,250.598,0],"ix":2},"a":{"a":0,"k":[221.766,159.122,0],"ix":1},"s":{"a":0,"k":[100,100,100],"ix":6}},"ao":0,"shapes":[{"ty":"gr","it":[{"ind":0,"ty":"sh","ix":1,"ks":{"a":0,"k":{"i":[[0,0],[-1.863,-39.182],[18.364,-25.189],[-0.015,50.742]],"o":[[0,0],[1.865,39.181],[0,0],[0.025,-74.477]],"v":[[-5.917,-82.668],[9.942,-30.211],[-19.271,82.668],[19.27,0]],"c":true},"ix":2},"nm":"Path 1","mn":"ADBE Vector Shape - Group","hd":false},{"ty":"fl","c":{"a":0,"k":[0.968627510819,0.580392156863,0.117647066303,1],"ix":4},"o":{"a":0,"k":100,"ix":5},"r":1,"bm":0,"nm":"Fill 1","mn":"ADBE Vector Graphic - Fill","hd":false},{"ty":"tr","p":{"a":0,"k":[286.932,183.998],"ix":2},"a":{"a":0,"k":[0,0],"ix":1},"s":{"a":0,"k":[100,100],"ix":3},"r":{"a":0,"k":0,"ix":6},"o":{"a":0,"k":100,"ix":7},"sk":{"a":0,"k":0,"ix":4},"sa":{"a":0,"k":0,"ix":5},"nm":"Transform"}],"nm":"Group 1","np":2,"cix":2,"bm":0,"ix":1,"mn":"ADBE Vector Group","hd":false},{"ty":"gr","it":[{"ind":0,"ty":"sh","ix":1,"ks":{"a":0,"k":{"i":[[7.992,-14.57],[9.937,-37.314],[3.898,58.346]],"o":[[0,0],[0,0],[0,0]],"v":[[-7.991,-47.581],[-12.285,62.15],[11.913,-62.15]],"c":true},"ix":2},"nm":"Path 1","mn":"ADBE Vector Shape - Group","hd":false},{"ty":"fl","c":{"a":0,"k":[0.968627510819,0.580392156863,0.117647066303,1],"ix":4},"o":{"a":0,"k":100,"ix":5},"r":1,"bm":0,"nm":"Fill 1","mn":"ADBE Vector Graphic - Fill","hd":false},{"ty":"tr","p":{"a":0,"k":[203.417,136.415],"ix":2},"a":{"a":0,"k":[0,0],"ix":1},"s":{"a":0,"k":[100,100],"ix":3},"r":{"a":0,"k":0,"ix":6},"o":{"a":0,"k":100,"ix":7},"sk":{"a":0,"k":0,"ix":4},"sa":{"a":0,"k":0,"ix":5},"nm":"Transform"}],"nm":"Group 2","np":2,"cix":2,"bm":0,"ix":2,"mn":"ADBE Vector Group","hd":false},{"ty":"gr","it":[{"ind":0,"ty":"sh","ix":1,"ks":{"a":0,"k":{"i":[[-7.811,-18.741],[-14.594,21.023],[-114.371,-66.944],[8.325,1.364],[20.2,14.381],[2.754,-0.188],[4.33,13.576],[-14.024,-31.789],[10.642,11.161],[-37.113,38.108]],"o":[[0,0],[0,0],[-8.306,-0.109],[-22.16,10.384],[-1.17,1.038],[-9.383,-15.772],[0,0],[-13.1,-3.993],[-40.442,-42.44],[-5.622,19.407]],"v":[[-55.363,-38.087],[-28.847,-99.658],[91.141,99.417],[66.549,95.407],[-3.049,88.873],[-9.072,90.698],[-33.28,42.142],[-29.472,87.52],[-68.301,64.724],[-53.187,-101.738]],"c":true},"ix":2},"nm":"Path 1","mn":"ADBE Vector Shape - Group","hd":false},{"ty":"fl","c":{"a":0,"k":[0.968627510819,0.580392156863,0.117647066303,1],"ix":4},"o":{"a":0,"k":100,"ix":5},"r":1,"bm":0,"nm":"Fill 1","mn":"ADBE Vector Graphic - Fill","hd":false},{"ty":"tr","p":{"a":0,"k":[135.411,203.068],"ix":2},"a":{"a":0,"k":[0,0],"ix":1},"s":{"a":0,"k":[100,100],"ix":3},"r":{"a":0,"k":0,"ix":6},"o":{"a":0,"k":100,"ix":7},"sk":{"a":0,"k":0,"ix":4},"sa":{"a":0,"k":0,"ix":5},"nm":"Transform"}],"nm":"Group 3","np":2,"cix":2,"bm":0,"ix":3,"mn":"ADBE Vector Group","hd":false},{"ty":"gr","it":[{"ind":0,"ty":"sh","ix":1,"ks":{"a":0,"k":{"i":[[0,0],[-1.935,11.626],[4.05,-4.979]],"o":[[0,0],[0,0],[0,0]],"v":[[-4.854,13.277],[4.827,-13.277],[0.804,12.812]],"c":true},"ix":2},"nm":"Path 1","mn":"ADBE Vector Shape - Group","hd":false},{"ty":"fl","c":{"a":0,"k":[0.670588235294,0.215686289469,0.149019607843,1],"ix":4},"o":{"a":0,"k":100,"ix":5},"r":1,"bm":0,"nm":"Fill 1","mn":"ADBE Vector Graphic - Fill","hd":false},{"ty":"tr","p":{"a":0,"k":[262.834,286.158],"ix":2},"a":{"a":0,"k":[0,0],"ix":1},"s":{"a":0,"k":[100,100],"ix":3},"r":{"a":0,"k":0,"ix":6},"o":{"a":0,"k":100,"ix":7},"sk":{"a":0,"k":0,"ix":4},"sa":{"a":0,"k":0,"ix":5},"nm":"Transform"}],"nm":"Group 4","np":2,"cix":2,"bm":0,"ix":4,"mn":"ADBE Vector Group","hd":false},{"ty":"gr","it":[{"ind":0,"ty":"sh","ix":1,"ks":{"a":0,"k":{"i":[[0.243,-0.235],[-12.825,-18.641],[8.125,6.567]],"o":[[0,0],[0,0],[0,0]],"v":[[-12.863,-13.272],[12.863,14.748],[-9.626,-14.748]],"c":true},"ix":2},"nm":"Path 1","mn":"ADBE Vector Shape - Group","hd":false},{"ty":"fl","c":{"a":0,"k":[0.670588235294,0.215686289469,0.149019607843,1],"ix":4},"o":{"a":0,"k":100,"ix":5},"r":1,"bm":0,"nm":"Fill 1","mn":"ADBE Vector Graphic - Fill","hd":false},{"ty":"tr","p":{"a":0,"k":[263.754,81.62],"ix":2},"a":{"a":0,"k":[0,0],"ix":1},"s":{"a":0,"k":[100,100],"ix":3},"r":{"a":0,"k":0,"ix":6},"o":{"a":0,"k":100,"ix":7},"sk":{"a":0,"k":0,"ix":4},"sa":{"a":0,"k":0,"ix":5},"nm":"Transform"}],"nm":"Group 5","np":2,"cix":2,"bm":0,"ix":5,"mn":"ADBE Vector Group","hd":false},{"ty":"gr","it":[{"ind":0,"ty":"sh","ix":1,"ks":{"a":0,"k":{"i":[[-1.858,1.653],[0.648,18.724],[-16.18,-12.629]],"o":[[0,0],[0,0],[0,0]],"v":[[12.715,21.438],[-12.715,-23.385],[6.637,23.385]],"c":true},"ix":2},"nm":"Path 1","mn":"ADBE Vector Shape - Group","hd":false},{"ty":"fl","c":{"a":0,"k":[0.670588235294,0.215686289469,0.149019607843,1],"ix":4},"o":{"a":0,"k":100,"ix":5},"r":1,"bm":0,"nm":"Fill 1","mn":"ADBE Vector Graphic - Fill","hd":false},{"ty":"tr","p":{"a":0,"k":[114.845,278.35],"ix":2},"a":{"a":0,"k":[0,0],"ix":1},"s":{"a":0,"k":[100,100],"ix":3},"r":{"a":0,"k":0,"ix":6},"o":{"a":0,"k":100,"ix":7},"sk":{"a":0,"k":0,"ix":4},"sa":{"a":0,"k":0,"ix":5},"nm":"Transform"}],"nm":"Group 6","np":2,"cix":2,"bm":0,"ix":6,"mn":"ADBE Vector Group","hd":false},{"ty":"gr","it":[{"ind":0,"ty":"sh","ix":1,"ks":{"a":0,"k":{"i":[[-2.094,-0.109],[11.63,-55.812],[-19.112,13.124]],"o":[[0,0],[0,0],[0,0]],"v":[[17.729,-35.196],[-17.729,35.304],[10.854,-34.726]],"c":true},"ix":2},"nm":"Path 1","mn":"ADBE Vector Shape - Group","hd":false},{"ty":"fl","c":{"a":0,"k":[0.670588235294,0.215686289469,0.149019607843,1],"ix":4},"o":{"a":0,"k":100,"ix":5},"r":1,"bm":0,"nm":"Fill 1","mn":"ADBE Vector Graphic - Fill","hd":false},{"ty":"tr","p":{"a":0,"k":[97.776,109.474],"ix":2},"a":{"a":0,"k":[0,0],"ix":1},"s":{"a":0,"k":[100,100],"ix":3},"r":{"a":0,"k":0,"ix":6},"o":{"a":0,"k":100,"ix":7},"sk":{"a":0,"k":0,"ix":4},"sa":{"a":0,"k":0,"ix":5},"nm":"Transform"}],"nm":"Group 7","np":2,"cix":2,"bm":0,"ix":7,"mn":"ADBE Vector Group","hd":false},{"ty":"gr","it":[{"ind":0,"ty":"sh","ix":1,"ks":{"a":0,"k":{"i":[[78.316,-40.04],[5.147,0],[6.388,-4.728],[0,0],[0,0],[23.775,-13.136],[-57.089,-59.909],[-7.316,6.494],[-23.846,11.173],[-21.058,18.421]],"o":[[-8.875,-2.575],[-10.437,0],[-4.848,2.851],[0,0],[-19.203,-10.47],[-63.31,-0.826],[22.338,23.434],[21.739,15.475],[18.025,2.954],[185.301,-12.228]],"v":[[29.126,-104.803],[6.788,-108.794],[-17.493,-102.83],[-26.335,-93.453],[-37.702,-99.985],[-106.261,-98.872],[-164.426,100.648],[-94.206,126.637],[-19.309,133.67],[36.214,126.285]],"c":true},"ix":2},"nm":"Path 1","mn":"ADBE Vector Shape - Group","hd":false},{"ty":"fl","c":{"a":0,"k":[0.968627510819,0.580392156863,0.117647066303,1],"ix":4},"o":{"a":0,"k":100,"ix":5},"r":1,"bm":0,"nm":"Fill 1","mn":"ADBE Vector Graphic - Fill","hd":false},{"ty":"tr","p":{"a":0,"k":[221.766,173.15],"ix":2},"a":{"a":0,"k":[0,0],"ix":1},"s":{"a":0,"k":[100,100],"ix":3},"r":{"a":0,"k":0,"ix":6},"o":{"a":0,"k":100,"ix":7},"sk":{"a":0,"k":0,"ix":4},"sa":{"a":0,"k":0,"ix":5},"nm":"Transform"}],"nm":"Group 8","np":2,"cix":2,"bm":0,"ix":8,"mn":"ADBE Vector Group","hd":false},{"ty":"gr","it":[{"ind":0,"ty":"sh","ix":1,"ks":{"a":0,"k":{"i":[[-14.094,45.648],[-8.068,1.268],[-4.78,-43.89],[0,0]],"o":[[0,0],[0,0],[0,0],[0,0]],"v":[[1.19,-38.717],[12.904,-32.269],[-0.956,36.88],[-4.251,38.717]],"c":true},"ix":2},"nm":"Path 1","mn":"ADBE Vector Shape - Group","hd":false},{"ty":"fl","c":{"a":0,"k":[0.501960784314,0.478431402468,0.188235309077,1],"ix":4},"o":{"a":0,"k":100,"ix":5},"r":1,"bm":0,"nm":"Fill 1","mn":"ADBE Vector Graphic - Fill","hd":false},{"ty":"tr","p":{"a":0,"k":[198.529,48.188],"ix":2},"a":{"a":0,"k":[0,0],"ix":1},"s":{"a":0,"k":[100,100],"ix":3},"r":{"a":0,"k":0,"ix":6},"o":{"a":0,"k":100,"ix":7},"sk":{"a":0,"k":0,"ix":4},"sa":{"a":0,"k":0,"ix":5},"nm":"Transform"}],"nm":"Group 9","np":2,"cix":2,"bm":0,"ix":9,"mn":"ADBE Vector Group","hd":false},{"ty":"gr","it":[{"ind":0,"ty":"sh","ix":1,"ks":{"a":0,"k":{"i":[[7.284,5.245],[-18.948,22.16],[-5.841,-4.662],[0,0],[-6.42,-42.278]],"o":[[0,0],[0,0],[5.818,4.666],[0,0],[0,0]],"v":[[-7.137,41.406],[-0.729,-41.989],[13.858,-41.989],[15.787,-31.783],[1.029,39.941]],"c":true},"ix":2},"nm":"Path 1","mn":"ADBE Vector Shape - Group","hd":false},{"ty":"fl","c":{"a":0,"k":[0.627450980392,0.619607843137,0.211764720842,1],"ix":4},"o":{"a":0,"k":100,"ix":5},"r":1,"bm":0,"nm":"Fill 1","mn":"ADBE Vector Graphic - Fill","hd":false},{"ty":"tr","p":{"a":0,"k":[198.269,46.901],"ix":2},"a":{"a":0,"k":[0,0],"ix":1},"s":{"a":0,"k":[100,100],"ix":3},"r":{"a":0,"k":0,"ix":6},"o":{"a":0,"k":100,"ix":7},"sk":{"a":0,"k":0,"ix":4},"sa":{"a":0,"k":0,"ix":5},"nm":"Transform"}],"nm":"Group 10","np":2,"cix":2,"bm":0,"ix":10,"mn":"ADBE Vector Group","hd":false},{"ty":"gr","it":[{"ind":0,"ty":"sh","ix":1,"ks":{"a":0,"k":{"i":[[-2.698,0.637],[6.776,8.41],[0.624,0.013],[6.567,-3.094],[-1.995,-2.173],[-1.886,-1.486],[-0.147,0.12],[-1.129,2.709],[1.892,1.003],[0,0],[0.385,-1.079],[-0.528,-0.412],[-0.322,0.192],[0.364,0.134],[0.051,0],[-0.032,-0.03],[0.024,-0.112],[0.199,-0.04],[0.137,0.307],[-0.254,0.446],[-0.402,-0.148],[-0.411,-0.521],[0.224,-0.327],[0.689,-0.448],[0.451,0.139],[1.872,2.786],[-1.044,0.224],[-3.124,-0.555],[-1.572,-3.265],[-0.472,-5.488],[0,0]],"o":[[-1.104,-11.443],[-0.705,-0.019],[-7.42,-2.255],[0.924,3.764],[1.957,2.681],[0.161,-0.147],[1.974,-0.683],[-1.058,-2.131],[0,0],[-1.23,0.367],[0.274,0.623],[0.326,-0.19],[-0.202,-0.322],[-0.054,-0.025],[0.046,0.033],[0.178,0.137],[-0.137,0.166],[-0.381,-0.136],[0.238,-0.44],[0.385,-0.208],[0.517,0.194],[-0.186,0.389],[-0.582,0.875],[-0.465,-0.057],[-2.135,-1.142],[0.984,-0.391],[3.25,-0.681],[2.52,2.484],[2.448,5.133],[0,0],[0,0]],"v":[[18.348,15.021],[5.879,-15.852],[3.911,-15.898],[-18.349,-14.245],[-14.482,-6.546],[-8.278,-0.331],[-7.814,-0.735],[-2.902,-6.27],[-6.305,-9.5],[-6.354,-9.372],[-8.136,-6.885],[-6.895,-5.374],[-5.731,-5.874],[-6.537,-6.901],[-6.695,-6.863],[-6.565,-6.767],[-6.299,-6.387],[-7.012,-5.86],[-7.693,-6.598],[-6.739,-8.098],[-5.556,-8.158],[-4.115,-7],[-4.725,-5.912],[-6.695,-3.925],[-8.048,-4.22],[-14.826,-10.766],[-11.787,-11.678],[-1.948,-11.719],[4.139,-2.974],[8.399,13.428],[12.808,18.153]],"c":true},"ix":2},"nm":"Path 1","mn":"ADBE Vector Shape - Group","hd":false},{"ty":"fl","c":{"a":0,"k":[0.505882352941,0.474509833841,0.188235309077,1],"ix":4},"o":{"a":0,"k":100,"ix":5},"r":1,"bm":0,"nm":"Fill 1","mn":"ADBE Vector Graphic - Fill","hd":false},{"ty":"tr","p":{"a":0,"k":[172.997,63.349],"ix":2},"a":{"a":0,"k":[0,0],"ix":1},"s":{"a":0,"k":[100,100],"ix":3},"r":{"a":0,"k":0,"ix":6},"o":{"a":0,"k":100,"ix":7},"sk":{"a":0,"k":0,"ix":4},"sa":{"a":0,"k":0,"ix":5},"nm":"Transform"}],"nm":"Group 11","np":2,"cix":2,"bm":0,"ix":11,"mn":"ADBE Vector Group","hd":false}],"ip":0,"op":1259.00005128012,"st":0,"bm":0}],"markers":[]}