{"nm":"Comp 1","ddd":0,"h":500,"w":500,"meta":{"g":"@lottiefiles/toolkit-js 0.26.1"},"layers":[{"ty":4,"nm":"mata Outlines","sr":1,"st":0,"op":250,"ip":0,"hd":false,"ddd":0,"bm":0,"hasMask":false,"ao":0,"ks":{"a":{"a":0,"k":[253.722,142.06,0],"ix":1},"s":{"a":1,"k":[{"o":{"x":0.333,"y":0},"i":{"x":0,"y":1},"s":[100,100,100],"t":0},{"o":{"x":0.333,"y":0},"i":{"x":0,"y":1},"s":[100,1,100],"t":6},{"o":{"x":0.167,"y":0},"i":{"x":0,"y":1},"s":[100,100,100],"t":12},{"o":{"x":0.333,"y":0},"i":{"x":0,"y":1},"s":[100,1,100],"t":19},{"o":{"x":0.167,"y":0},"i":{"x":0,"y":1},"s":[100,100,100],"t":25},{"s":[100,100,100],"t":50}],"ix":6},"sk":{"a":0,"k":0},"p":{"a":0,"k":[253.722,142.06,0],"ix":2},"r":{"a":0,"k":0,"ix":10},"sa":{"a":0,"k":0},"o":{"a":0,"k":100,"ix":11}},"ef":[],"shapes":[{"ty":"gr","bm":0,"hd":false,"mn":"ADBE Vector Group","nm":"Group 1","ix":1,"cix":2,"np":2,"it":[{"ty":"sh","bm":0,"hd":false,"mn":"ADBE Vector Shape - Group","nm":"Path 1","ix":1,"d":1,"ks":{"a":0,"k":{"c":true,"i":[[-8.904,0],[-1.174,-8.582],[0,0.816],[9.721,0],[0,-9.72],[-0.107,-0.787]],"o":[[8.904,0],[0.107,-0.787],[0,-9.72],[-9.721,0],[0,0.816],[1.174,-8.582]],"v":[[0,-5.2],[17.418,10],[17.6,7.6],[0,-10],[-17.6,7.6],[-17.418,10]]},"ix":2}},{"ty":"fl","bm":0,"hd":false,"mn":"ADBE Vector Graphic - Fill","nm":"Fill 1","c":{"a":0,"k":[0.051,0.0157,0.2471],"ix":4},"r":1,"o":{"a":0,"k":100,"ix":5}},{"ty":"tr","a":{"a":0,"k":[0,0],"ix":1},"s":{"a":0,"k":[100,100],"ix":3},"sk":{"a":0,"k":0,"ix":4},"p":{"a":0,"k":[290,133.4],"ix":2},"r":{"a":0,"k":0,"ix":6},"sa":{"a":0,"k":0,"ix":5},"o":{"a":0,"k":100,"ix":7}}]},{"ty":"gr","bm":0,"hd":false,"mn":"ADBE Vector Group","nm":"Group 2","ix":2,"cix":2,"np":2,"it":[{"ty":"sh","bm":0,"hd":false,"mn":"ADBE Vector Shape - Group","nm":"Path 1","ix":1,"d":1,"ks":{"a":0,"k":{"c":true,"i":[[9.72,0],[0,-9.72],[-0.108,-0.787],[-8.904,0],[-1.173,-8.582],[0,0.817]],"o":[[-9.72,0],[0,0.817],[1.173,-8.582],[8.904,0],[0.108,-0.787],[0,-9.72]],"v":[[0,-10],[-17.6,7.6],[-17.417,10],[0,-5.2],[17.417,10],[17.6,7.6]]},"ix":2}},{"ty":"fl","bm":0,"hd":false,"mn":"ADBE Vector Graphic - Fill","nm":"Fill 1","c":{"a":0,"k":[0.051,0.0157,0.2471],"ix":4},"r":1,"o":{"a":0,"k":100,"ix":5}},{"ty":"tr","a":{"a":0,"k":[0,0],"ix":1},"s":{"a":0,"k":[100,100],"ix":3},"sk":{"a":0,"k":0,"ix":4},"p":{"a":0,"k":[214.8,133.4],"ix":2},"r":{"a":0,"k":0,"ix":6},"sa":{"a":0,"k":0,"ix":5},"o":{"a":0,"k":100,"ix":7}}]},{"ty":"gr","bm":0,"hd":false,"mn":"ADBE Vector Group","nm":"Group 3","ix":3,"cix":2,"np":2,"it":[{"ty":"sh","bm":0,"hd":false,"mn":"ADBE Vector Shape - Group","nm":"Path 1","ix":1,"d":1,"ks":{"a":0,"k":{"c":true,"i":[[9.721,0],[0,-9.72],[-9.721,0],[0,9.72]],"o":[[-9.721,0],[0,9.72],[9.721,0],[0,-9.72]],"v":[[0,-17.6],[-17.6,0],[0,17.6],[17.6,0]]},"ix":2}},{"ty":"fl","bm":0,"hd":false,"mn":"ADBE Vector Graphic - Fill","nm":"Fill 1","c":{"a":0,"k":[0,0,0],"ix":4},"r":1,"o":{"a":0,"k":100,"ix":5}},{"ty":"tr","a":{"a":0,"k":[0,0],"ix":1},"s":{"a":0,"k":[100,100],"ix":3},"sk":{"a":0,"k":0,"ix":4},"p":{"a":0,"k":[290,141],"ix":2},"r":{"a":0,"k":0,"ix":6},"sa":{"a":0,"k":0,"ix":5},"o":{"a":0,"k":100,"ix":7}}]},{"ty":"gr","bm":0,"hd":false,"mn":"ADBE Vector Group","nm":"Group 4","ix":4,"cix":2,"np":2,"it":[{"ty":"sh","bm":0,"hd":false,"mn":"ADBE Vector Shape - Group","nm":"Path 1","ix":1,"d":1,"ks":{"a":0,"k":{"c":true,"i":[[9.72,0],[0,-9.72],[-9.72,0],[0,9.72]],"o":[[-9.72,0],[0,9.72],[9.72,0],[0,-9.72]],"v":[[0,-17.6],[-17.6,0],[0,17.6],[17.6,0]]},"ix":2}},{"ty":"fl","bm":0,"hd":false,"mn":"ADBE Vector Graphic - Fill","nm":"Fill 1","c":{"a":0,"k":[0,0,0],"ix":4},"r":1,"o":{"a":0,"k":100,"ix":5}},{"ty":"tr","a":{"a":0,"k":[0,0],"ix":1},"s":{"a":0,"k":[100,100],"ix":3},"sk":{"a":0,"k":0,"ix":4},"p":{"a":0,"k":[214.8,141],"ix":2},"r":{"a":0,"k":0,"ix":6},"sa":{"a":0,"k":0,"ix":5},"o":{"a":0,"k":100,"ix":7}}]}],"ind":1,"parent":5},{"ty":4,"nm":"kepala Outlines","sr":1,"st":0,"op":250,"ip":0,"hd":false,"ddd":0,"bm":0,"hasMask":false,"ao":0,"ks":{"a":{"a":0,"k":[248.759,144.541,0],"ix":1},"s":{"a":0,"k":[100,100,100],"ix":6},"sk":{"a":0,"k":0},"p":{"a":0,"k":[248.759,144.541,0],"ix":2},"r":{"a":0,"k":0,"ix":10},"sa":{"a":0,"k":0},"o":{"a":0,"k":100,"ix":11}},"ef":[],"shapes":[{"ty":"gr","bm":0,"hd":false,"mn":"ADBE Vector Group","nm":"Group 1","ix":1,"cix":2,"np":2,"it":[{"ty":"sh","bm":0,"hd":false,"mn":"ADBE Vector Shape - Group","nm":"Path 1","ix":1,"d":1,"ks":{"a":0,"k":{"c":true,"i":[[43.563,0],[0,-41.866],[-6.663,-11.117],[-3.869,0],[0,0],[0,-2.829],[0,0],[-5.359,-0.507],[0,5.958],[0,0],[-2.829,0],[0,0],[0,-2.829],[0,0],[-5.358,-0.507],[0,5.958],[0,0],[-2.829,0],[0,-2.829],[0,0],[-5.358,-0.507],[0,5.958],[0,0],[-2.829,0],[0,0],[-1.988,3.318],[0,13.75]],"o":[[-43.563,0],[0,13.75],[1.989,3.318],[0,0],[2.829,0],[0,0],[0,5.382],[6.07,0.574],[0,0],[0,-2.829],[0,0],[2.828,0],[0,0],[0,5.382],[6.071,0.574],[0,0],[0,-2.829],[2.829,0],[0,0],[0,5.382],[6.07,0.574],[0,0],[0,-2.829],[0,0],[3.869,0],[6.663,-11.117],[0,-41.866]],"v":[[0,-83.24],[-78.878,-7.434],[-68.397,30.322],[-58.876,35.591],[-47.122,35.591],[-42,40.713],[-42,71.915],[-32.738,82.665],[-21.512,72.469],[-21.512,40.713],[-16.39,35.591],[-14.341,35.591],[-9.22,40.713],[-9.22,71.915],[0.042,82.665],[11.268,72.469],[11.268,40.713],[16.39,35.591],[21.512,40.713],[21.512,71.915],[30.774,82.665],[42,72.469],[42,40.713],[47.122,35.591],[58.876,35.591],[68.397,30.322],[78.878,-7.434]]},"ix":2}},{"ty":"fl","bm":0,"hd":false,"mn":"ADBE Vector Graphic - Fill","nm":"Fill 1","c":{"a":0,"k":[1,1,1],"ix":4},"r":1,"o":{"a":0,"k":100,"ix":5}},{"ty":"tr","a":{"a":0,"k":[0,0],"ix":1},"s":{"a":0,"k":[100,100],"ix":3},"sk":{"a":0,"k":0,"ix":4},"p":{"a":0,"k":[250.512,157.995],"ix":2},"r":{"a":0,"k":0,"ix":6},"sa":{"a":0,"k":0,"ix":5},"o":{"a":0,"k":100,"ix":7}}]},{"ty":"gr","bm":0,"hd":false,"mn":"ADBE Vector Group","nm":"Group 2","ix":2,"cix":2,"np":5,"it":[{"ty":"sh","bm":0,"hd":false,"mn":"ADBE Vector Shape - Group","nm":"Path 1","ix":1,"d":1,"ks":{"a":0,"k":{"c":true,"i":[[9.052,0],[0,9.053],[-9.052,0],[0,-9.051]],"o":[[-9.052,0],[0,-9.051],[9.052,0],[0,9.053]],"v":[[39.951,-1.288],[23.56,-17.679],[39.951,-34.069],[56.342,-17.679]]},"ix":2}},{"ty":"sh","bm":0,"hd":false,"mn":"ADBE Vector Shape - Group","nm":"Path 2","ix":2,"d":1,"ks":{"a":0,"k":{"c":true,"i":[[9.052,0],[0,9.053],[-9.052,0],[0,-9.051]],"o":[[-9.052,0],[0,-9.051],[9.052,0],[0,9.053]],"v":[[-35.854,-1.288],[-52.244,-17.679],[-35.854,-34.069],[-19.464,-17.679]]},"ix":2}},{"ty":"sh","bm":0,"hd":false,"mn":"ADBE Vector Shape - Group","nm":"Path 3","ix":3,"d":1,"ks":{"a":0,"k":{"c":true,"i":[[43.563,0],[0,-41.866],[-6.663,-11.117],[-3.869,0],[0,0],[0,-2.829],[0,0],[-5.359,-0.506],[0,5.958],[0,0],[-2.829,0],[0,0],[0,-2.829],[0,0],[-5.358,-0.506],[0,5.958],[0,0],[-2.829,0],[0,-2.829],[0,0],[-5.358,-0.506],[0,5.958],[0,0],[-2.829,0],[0,0],[-1.989,3.318],[0,13.75]],"o":[[-43.563,0],[0,13.75],[1.989,3.318],[0,0],[2.829,0],[0,0],[0,5.382],[6.07,0.574],[0,0],[0,-2.829],[0,0],[2.828,0],[0,0],[0,5.382],[6.07,0.574],[0,0],[0,-2.829],[2.829,0],[0,0],[0,5.382],[6.071,0.574],[0,0],[0,-2.829],[0,0],[3.869,0],[6.662,-11.117],[0,-41.866]],"v":[[0,-83.239],[-78.878,-7.434],[-68.397,30.321],[-58.876,35.59],[-47.122,35.59],[-42,40.712],[-42,71.915],[-32.738,82.665],[-21.512,72.468],[-21.512,40.712],[-16.39,35.59],[-14.341,35.59],[-9.22,40.712],[-9.22,71.915],[0.042,82.665],[11.268,72.468],[11.268,40.712],[16.39,35.59],[21.512,40.712],[21.512,71.915],[30.774,82.665],[42,72.468],[42,40.712],[47.122,35.59],[58.876,35.59],[68.397,30.321],[78.878,-7.434]]},"ix":2}},{"ty":"mm","bm":0,"hd":false,"mn":"ADBE Vector Filter - Merge","nm":"Merge Paths 1","mm":1},{"ty":"fl","bm":0,"hd":false,"mn":"ADBE Vector Graphic - Fill","nm":"Fill 1","c":{"a":0,"k":[0.051,0.0157,0.2471],"ix":4},"r":1,"o":{"a":0,"k":100,"ix":5}},{"ty":"tr","a":{"a":0,"k":[0,0],"ix":1},"s":{"a":0,"k":[100,100],"ix":3},"sk":{"a":0,"k":0,"ix":4},"p":{"a":0,"k":[251.025,176.435],"ix":2},"r":{"a":0,"k":0,"ix":6},"sa":{"a":0,"k":0,"ix":5},"o":{"a":0,"k":100,"ix":7}}]},{"ty":"gr","bm":0,"hd":false,"mn":"ADBE Vector Group","nm":"Group 3","ix":3,"cix":2,"np":2,"it":[{"ty":"sh","bm":0,"hd":false,"mn":"ADBE Vector Shape - Group","nm":"Path 1","ix":1,"d":1,"ks":{"a":0,"k":{"c":true,"i":[[0,-74.114],[64.496,0],[0,74.114],[-64.496,0]],"o":[[0,74.114],[-64.496,0],[0,-74.114],[64.496,0]],"v":[[116.781,0],[-0.001,134.195],[-116.781,0],[-0.001,-134.195]]},"ix":2}},{"ty":"fl","bm":0,"hd":false,"mn":"ADBE Vector Graphic - Fill","nm":"Fill 1","c":{"a":0,"k":[0,0,0],"ix":4},"r":1,"o":{"a":0,"k":100,"ix":5}},{"ty":"tr","a":{"a":0,"k":[0,0],"ix":1},"s":{"a":0,"k":[100,100],"ix":3},"sk":{"a":0,"k":0,"ix":4},"p":{"a":0,"k":[250.512,176.171],"ix":2},"r":{"a":0,"k":0,"ix":6},"sa":{"a":0,"k":0,"ix":5},"o":{"a":0,"k":100,"ix":7}}]}],"ind":2,"parent":5},{"ty":4,"nm":"shadow kepala Outlines","sr":1,"st":0,"op":250,"ip":0,"hd":false,"ddd":0,"bm":0,"hasMask":false,"ao":0,"ks":{"a":{"a":0,"k":[250,250,0],"ix":1},"s":{"a":0,"k":[100,100,100],"ix":6},"sk":{"a":0,"k":0},"p":{"a":0,"k":[244,253,0],"ix":2},"r":{"a":0,"k":0,"ix":10},"sa":{"a":0,"k":0},"o":{"a":0,"k":100,"ix":11}},"ef":[],"shapes":[{"ty":"gr","bm":0,"hd":false,"mn":"ADBE Vector Group","nm":"Group 2","ix":1,"cix":2,"np":1,"it":[{"ty":"fl","bm":0,"hd":false,"mn":"ADBE Vector Graphic - Fill","nm":"Fill 1","c":{"a":0,"k":[0.051,0.0157,0.2471],"ix":4},"r":1,"o":{"a":0,"k":100,"ix":5}},{"ty":"tr","a":{"a":0,"k":[0,0],"ix":1},"s":{"a":0,"k":[100,100],"ix":3},"sk":{"a":0,"k":0,"ix":4},"p":{"a":0,"k":[261.665,266.95],"ix":2},"r":{"a":0,"k":0,"ix":6},"sa":{"a":0,"k":0,"ix":5},"o":{"a":0,"k":100,"ix":7}}]},{"ty":"gr","bm":0,"hd":false,"mn":"ADBE Vector Group","nm":"Group 1","ix":2,"cix":2,"np":2,"it":[{"ty":"sh","bm":0,"hd":false,"mn":"ADBE Vector Shape - Group","nm":"Path 1","ix":1,"d":1,"ks":{"a":0,"k":{"c":true,"i":[[51.56,0],[32.645,-23.652],[-57.764,0],[-13.125,42.333]],"o":[[-43.038,0],[21.06,52.537],[52.023,0],[-35.492,-32.767]],"v":[[-9.255,-63.494],[-112.55,-32.19],[-0.872,52.494],[102.05,-32.273]]},"ix":2}},{"ty":"fl","bm":0,"hd":false,"mn":"ADBE Vector Graphic - Fill","nm":"Fill 1","c":{"a":0,"k":[0.051,0.0157,0.2471],"ix":4},"r":1,"o":{"a":0,"k":100,"ix":5}},{"ty":"tr","a":{"a":0,"k":[0,0],"ix":1},"s":{"a":0,"k":[100,100],"ix":3},"sk":{"a":0,"k":0,"ix":4},"p":{"a":0,"k":[261.825,266.802],"ix":2},"r":{"a":0,"k":0,"ix":6},"sa":{"a":0,"k":0,"ix":5},"o":{"a":0,"k":100,"ix":7}}]}],"ind":3,"parent":5},{"ty":4,"nm":"BG Outlines","sr":1,"st":0,"op":250,"ip":0,"hd":false,"ddd":0,"bm":0,"hasMask":false,"td":1,"ao":0,"ks":{"a":{"a":0,"k":[250,250,0],"ix":1},"s":{"a":0,"k":[100,100,100],"ix":6},"sk":{"a":0,"k":0},"p":{"a":0,"k":[250,250,0],"ix":2},"r":{"a":0,"k":0,"ix":10},"sa":{"a":0,"k":0},"o":{"a":0,"k":100,"ix":11}},"ef":[],"shapes":[{"ty":"gr","bm":0,"hd":false,"mn":"ADBE Vector Group","nm":"Group 1","ix":1,"cix":2,"np":2,"it":[{"ty":"sh","bm":0,"hd":false,"mn":"ADBE Vector Shape - Group","nm":"Path 1","ix":1,"d":1,"ks":{"a":0,"k":{"c":true,"i":[[0,-107.806],[114.875,0],[0,107.806],[-114.875,0]],"o":[[0,107.806],[-114.875,0],[0,-107.806],[114.875,0]],"v":[[208,0],[0,195.2],[-208,0],[0,-195.2]]},"ix":2}},{"ty":"fl","bm":0,"hd":false,"mn":"ADBE Vector Graphic - Fill","nm":"Fill 1","c":{"a":0,"k":[0.851,0.4353,0.0824],"ix":4},"r":1,"o":{"a":0,"k":100,"ix":5}},{"ty":"tr","a":{"a":0,"k":[0,0],"ix":1},"s":{"a":0,"k":[100,100],"ix":3},"sk":{"a":0,"k":0,"ix":4},"p":{"a":0,"k":[250,261],"ix":2},"r":{"a":0,"k":0,"ix":6},"sa":{"a":0,"k":0,"ix":5},"o":{"a":0,"k":100,"ix":7}}]}],"ind":4},{"ty":4,"nm":"badan Outlines","sr":1,"st":0,"op":250,"ip":0,"hd":false,"ddd":0,"bm":0,"tt":1,"hasMask":false,"ao":0,"ks":{"a":{"a":0,"k":[250,250,0],"ix":1},"s":{"a":0,"k":[100,100,100],"ix":6},"sk":{"a":0,"k":0},"p":{"a":1,"k":[{"o":{"x":0.596,"y":0},"i":{"x":0.277,"y":1},"s":[250,250,0],"t":0,"ti":[0,0,0],"to":[0,5.5,0]},{"o":{"x":0.596,"y":0},"i":{"x":0.277,"y":1},"s":[250,283,0],"t":25,"ti":[0,0,0],"to":[0,0,0]},{"o":{"x":0.596,"y":0},"i":{"x":0.277,"y":1},"s":[250,250,0],"t":50,"ti":[0,0,0],"to":[0,0,0]},{"o":{"x":0.607,"y":0},"i":{"x":0.285,"y":1},"s":[250,283,0],"t":75,"ti":[0,5.5,0],"to":[0,0,0]},{"s":[250,250,0],"t":99}],"ix":2},"r":{"a":0,"k":0,"ix":10},"sa":{"a":0,"k":0},"o":{"a":0,"k":100,"ix":11}},"ef":[],"shapes":[{"ty":"gr","bm":0,"hd":false,"mn":"ADBE Vector Group","nm":"Group 1","ix":1,"cix":2,"np":2,"it":[{"ty":"sh","bm":0,"hd":false,"mn":"ADBE Vector Shape - Group","nm":"Path 1","ix":1,"d":1,"ks":{"a":0,"k":{"c":true,"i":[[-99.853,0],[0,-69.588],[99.854,0],[0,69.588]],"o":[[99.854,0],[0,69.588],[-99.853,0],[0,-69.588]],"v":[[0,-126],[180.8,0],[0,126],[-180.8,0]]},"ix":2}},{"ty":"fl","bm":0,"hd":false,"mn":"ADBE Vector Graphic - Fill","nm":"Fill 1","c":{"a":0,"k":[0,0,0],"ix":4},"r":1,"o":{"a":0,"k":100,"ix":5}},{"ty":"tr","a":{"a":0,"k":[0,0],"ix":1},"s":{"a":0,"k":[100,100],"ix":3},"sk":{"a":0,"k":0,"ix":4},"p":{"a":0,"k":[250,338.024],"ix":2},"r":{"a":0,"k":0,"ix":6},"sa":{"a":0,"k":0,"ix":5},"o":{"a":0,"k":100,"ix":7}}]}],"ind":5},{"ty":4,"nm":"BG Outlines 2","sr":1,"st":0,"op":250,"ip":0,"hd":false,"ddd":0,"bm":0,"hasMask":false,"ao":0,"ks":{"a":{"a":0,"k":[250,250,0],"ix":1},"s":{"a":0,"k":[100,100,100],"ix":6},"sk":{"a":0,"k":0},"p":{"a":0,"k":[250,250,0],"ix":2},"r":{"a":0,"k":0,"ix":10},"sa":{"a":0,"k":0},"o":{"a":0,"k":100,"ix":11}},"ef":[],"shapes":[{"ty":"gr","bm":0,"hd":false,"mn":"ADBE Vector Group","nm":"Group 1","ix":1,"cix":2,"np":2,"it":[{"ty":"sh","bm":0,"hd":false,"mn":"ADBE Vector Shape - Group","nm":"Path 1","ix":1,"d":1,"ks":{"a":0,"k":{"c":true,"i":[[0,-107.806],[114.875,0],[0,107.806],[-114.875,0]],"o":[[0,107.806],[-114.875,0],[0,-107.806],[114.875,0]],"v":[[208,0],[0,195.2],[-208,0],[0,-195.2]]},"ix":2}},{"ty":"fl","bm":0,"hd":false,"mn":"ADBE Vector Graphic - Fill","nm":"Fill 1","c":{"a":0,"k":[0.851,0.4353,0.0824],"ix":4},"r":1,"o":{"a":0,"k":100,"ix":5}},{"ty":"tr","a":{"a":0,"k":[0,0],"ix":1},"s":{"a":0,"k":[100,100],"ix":3},"sk":{"a":0,"k":0,"ix":4},"p":{"a":0,"k":[250,261],"ix":2},"r":{"a":0,"k":0,"ix":6},"sa":{"a":0,"k":0,"ix":5},"o":{"a":0,"k":100,"ix":7}}]}],"ind":6}],"v":"5.7.1","fr":25,"op":100,"ip":0,"assets":[]}