{"nm":"Witch_01","ddd":0,"h":512,"w":512,"meta":{"g":"@lottiefiles/toolkit-js 0.26.1"},"layers":[{"ty":4,"nm":"Cloak","sr":1,"st":-4,"op":60,"ip":0,"hd":false,"ddd":0,"bm":0,"hasMask":false,"ao":0,"ks":{"a":{"a":0,"k":[-7.995,-67.742,0],"ix":1},"s":{"a":0,"k":[-100,100,100],"ix":6},"sk":{"a":0,"k":0},"p":{"a":0,"k":[-124.527,-187.395,0],"ix":2},"r":{"a":1,"k":[{"o":{"x":0.333,"y":0},"i":{"x":0.667,"y":1},"s":[0],"t":-12},{"o":{"x":0.333,"y":0},"i":{"x":0.667,"y":1},"s":[8],"t":3},{"o":{"x":0.333,"y":0},"i":{"x":0.667,"y":1},"s":[0],"t":18},{"o":{"x":0.333,"y":0},"i":{"x":0.667,"y":1},"s":[8],"t":33},{"o":{"x":0.333,"y":0},"i":{"x":0.667,"y":1},"s":[0],"t":48},{"o":{"x":0.333,"y":0},"i":{"x":0.667,"y":1},"s":[8],"t":63},{"o":{"x":0.333,"y":0},"i":{"x":0.667,"y":1},"s":[0],"t":78},{"o":{"x":0.333,"y":0},"i":{"x":0.667,"y":1},"s":[8],"t":93},{"s":[0],"t":108}],"ix":10},"sa":{"a":0,"k":0},"o":{"a":0,"k":100,"ix":11}},"ef":[],"shapes":[{"ty":"gr","bm":0,"hd":false,"mn":"ADBE Vector Group","nm":"Shape 1","ix":1,"cix":2,"np":2,"it":[{"ty":"sh","bm":0,"hd":false,"mn":"ADBE Vector Shape - Group","nm":"Path 1","ix":1,"d":1,"ks":{"a":1,"k":[{"o":{"x":0.333,"y":0},"i":{"x":0.667,"y":1},"s":[{"c":false,"i":[[0,0],[-17.574,-29.5],[-24.071,-22.001],[7.373,-6.125],[0,0],[15.75,5.75],[3.852,31.866],[0,0]],"o":[[0,0],[24.211,40.641],[-15.291,2.338],[-15.881,13.193],[0,0],[-20.694,-7.555],[-2.75,-22.75],[0,0]],"v":[[-7,-79],[25.212,-49.02],[109.16,-12.107],[75.923,2.405],[70,28.5],[40.5,28.75],[2.75,-24],[-10.5,-55.5]]}],"t":-4},{"o":{"x":0.333,"y":0},"i":{"x":0.667,"y":1},"s":[{"c":false,"i":[[0,0],[-17.574,-29.5],[-33.157,5.358],[8.237,-2.191],[0,0],[16.239,4.172],[3.852,31.866],[0,0]],"o":[[0,0],[24.211,40.641],[-9.25,17.805],[-12.141,3.23],[0,0],[-21.337,-5.482],[-2.75,-22.75],[0,0]],"v":[[-7,-79],[25.212,-49.02],[103.474,-25.57],[75.352,-1.521],[76.468,18.67],[36.561,23.753],[2.75,-24],[-10.5,-55.5]]}],"t":11},{"o":{"x":0.333,"y":0},"i":{"x":0.667,"y":1},"s":[{"c":false,"i":[[0,0],[-17.574,-29.5],[-24.071,-22.001],[7.373,-6.125],[0,0],[15.75,5.75],[3.852,31.866],[0,0]],"o":[[0,0],[24.211,40.641],[-15.291,2.338],[-15.881,13.193],[0,0],[-20.694,-7.555],[-2.75,-22.75],[0,0]],"v":[[-7,-79],[25.212,-49.02],[109.16,-12.107],[75.923,2.405],[70,28.5],[40.5,28.75],[2.75,-24],[-10.5,-55.5]]}],"t":26},{"o":{"x":0.333,"y":0},"i":{"x":0.667,"y":1},"s":[{"c":false,"i":[[0,0],[-17.574,-29.5],[-33.157,5.358],[8.237,-2.191],[0,0],[16.239,4.172],[3.852,31.866],[0,0]],"o":[[0,0],[24.211,40.641],[-9.25,17.805],[-12.141,3.23],[0,0],[-21.337,-5.482],[-2.75,-22.75],[0,0]],"v":[[-7,-79],[25.212,-49.02],[103.474,-25.57],[75.352,-1.521],[76.468,18.67],[36.561,23.753],[2.75,-24],[-10.5,-55.5]]}],"t":41},{"o":{"x":0.333,"y":0},"i":{"x":0.667,"y":1},"s":[{"c":false,"i":[[0,0],[-17.574,-29.5],[-24.071,-22.001],[7.373,-6.125],[0,0],[15.75,5.75],[3.852,31.866],[0,0]],"o":[[0,0],[24.211,40.641],[-15.291,2.338],[-15.881,13.193],[0,0],[-20.694,-7.555],[-2.75,-22.75],[0,0]],"v":[[-7,-79],[25.212,-49.02],[109.16,-12.107],[75.923,2.405],[70,28.5],[40.5,28.75],[2.75,-24],[-10.5,-55.5]]}],"t":56},{"o":{"x":0.333,"y":0},"i":{"x":0.667,"y":1},"s":[{"c":false,"i":[[0,0],[-17.574,-29.5],[-33.157,5.358],[8.237,-2.191],[0,0],[16.239,4.172],[3.852,31.866],[0,0]],"o":[[0,0],[24.211,40.641],[-9.25,17.805],[-12.141,3.23],[0,0],[-21.337,-5.482],[-2.75,-22.75],[0,0]],"v":[[-7,-79],[25.212,-49.02],[103.474,-25.57],[75.352,-1.521],[76.468,18.67],[36.561,23.753],[2.75,-24],[-10.5,-55.5]]}],"t":71},{"s":[{"c":false,"i":[[0,0],[-17.574,-29.5],[-24.071,-22.001],[7.373,-6.125],[0,0],[15.75,5.75],[3.852,31.866],[0,0]],"o":[[0,0],[24.211,40.641],[-15.291,2.338],[-15.881,13.193],[0,0],[-20.694,-7.555],[-2.75,-22.75],[0,0]],"v":[[-7,-79],[25.212,-49.02],[109.16,-12.107],[75.923,2.405],[70,28.5],[40.5,28.75],[2.75,-24],[-10.5,-55.5]]}],"t":86}],"ix":2}},{"ty":"fl","bm":0,"hd":false,"mn":"ADBE Vector Graphic - Fill","nm":"Fill 1","c":{"a":0,"k":[1,0.4431,0.2784],"ix":4},"r":1,"o":{"a":0,"k":100,"ix":5}},{"ty":"tr","a":{"a":0,"k":[0,0],"ix":1},"s":{"a":0,"k":[100,100],"ix":3},"sk":{"a":0,"k":0,"ix":4},"p":{"a":0,"k":[0,0],"ix":2},"r":{"a":0,"k":0,"ix":6},"sa":{"a":0,"k":0,"ix":5},"o":{"a":0,"k":100,"ix":7}}]}],"ind":1,"parent":6},{"ty":4,"nm":"Hand_L","sr":1,"st":0,"op":60,"ip":0,"hd":false,"ddd":0,"bm":0,"hasMask":false,"ao":0,"ks":{"a":{"a":0,"k":[-110.053,-172.105,0],"ix":1},"s":{"a":0,"k":[100,100,100],"ix":6},"sk":{"a":0,"k":0},"p":{"a":0,"k":[-110.053,-172.105,0],"ix":2},"r":{"a":0,"k":0,"ix":10},"sa":{"a":0,"k":0},"o":{"a":0,"k":100,"ix":11}},"ef":[],"shapes":[{"ty":"gr","bm":0,"hd":false,"mn":"ADBE Vector Group","nm":"Shape 3","ix":1,"cix":2,"np":2,"it":[{"ty":"sh","bm":0,"hd":false,"mn":"ADBE Vector Shape - Group","nm":"Path 1","ix":1,"d":1,"ks":{"a":1,"k":[{"o":{"x":0.333,"y":0},"i":{"x":0.667,"y":1},"s":[{"c":true,"i":[[0,0],[-2.287,-4.922],[0,0],[-2.689,3.508],[-3.619,0.687],[0.839,1.437],[-3.382,1.251],[0.703,2.493]],"o":[[0,0],[2.287,4.922],[0,0],[-0.552,3.407],[3.619,-0.687],[-0.742,-1.27],[1.994,-0.738],[-1.934,-6.859]],"v":[[-85.354,-151.708],[-91.009,-146.089],[-85.21,-142.112],[-81.33,-141.151],[-77.422,-136.117],[-76.434,-139.493],[-72.468,-137.963],[-71.471,-144.159]]}],"t":0},{"o":{"x":0.333,"y":0},"i":{"x":0.667,"y":1},"s":[{"c":true,"i":[[0,0],[-2.137,-4.987],[0,0],[-2.793,3.425],[-3.637,0.577],[0.795,1.461],[-3.417,1.148],[0.627,2.512]],"o":[[0,0],[2.137,4.987],[0,0],[-0.654,3.388],[3.637,-0.577],[-0.703,-1.292],[2.015,-0.677],[-1.725,-6.912]],"v":[[-84.437,-150.045],[-90.259,-144.601],[-84.584,-140.451],[-80.736,-139.374],[-76.983,-134.224],[-75.893,-137.569],[-71.977,-135.92],[-70.793,-142.081]]}],"t":15},{"o":{"x":0.333,"y":0},"i":{"x":0.667,"y":1},"s":[{"c":true,"i":[[0,0],[-2.287,-4.922],[0,0],[-2.689,3.508],[-3.619,0.687],[0.839,1.437],[-3.382,1.251],[0.703,2.493]],"o":[[0,0],[2.287,4.922],[0,0],[-0.552,3.407],[3.619,-0.687],[-0.742,-1.27],[1.994,-0.738],[-1.934,-6.859]],"v":[[-85.354,-151.708],[-91.009,-146.089],[-85.21,-142.112],[-81.33,-141.151],[-77.422,-136.117],[-76.434,-139.493],[-72.468,-137.963],[-71.471,-144.159]]}],"t":30},{"o":{"x":0.333,"y":0},"i":{"x":0.667,"y":1},"s":[{"c":true,"i":[[0,0],[-2.137,-4.987],[0,0],[-2.793,3.425],[-3.637,0.577],[0.795,1.461],[-3.417,1.148],[0.627,2.512]],"o":[[0,0],[2.137,4.987],[0,0],[-0.654,3.388],[3.637,-0.577],[-0.703,-1.292],[2.015,-0.677],[-1.725,-6.912]],"v":[[-84.437,-150.045],[-90.259,-144.601],[-84.584,-140.451],[-80.736,-139.374],[-76.983,-134.224],[-75.893,-137.569],[-71.977,-135.92],[-70.793,-142.081]]}],"t":45},{"o":{"x":0.333,"y":0},"i":{"x":0.667,"y":1},"s":[{"c":true,"i":[[0,0],[-2.287,-4.922],[0,0],[-2.689,3.508],[-3.619,0.687],[0.839,1.437],[-3.382,1.251],[0.703,2.493]],"o":[[0,0],[2.287,4.922],[0,0],[-0.552,3.407],[3.619,-0.687],[-0.742,-1.27],[1.994,-0.738],[-1.934,-6.859]],"v":[[-85.354,-151.708],[-91.009,-146.089],[-85.21,-142.112],[-81.33,-141.151],[-77.422,-136.117],[-76.434,-139.493],[-72.468,-137.963],[-71.471,-144.159]]}],"t":60},{"o":{"x":0.333,"y":0},"i":{"x":0.667,"y":1},"s":[{"c":true,"i":[[0,0],[-2.137,-4.987],[0,0],[-2.793,3.425],[-3.637,0.577],[0.795,1.461],[-3.417,1.148],[0.627,2.512]],"o":[[0,0],[2.137,4.987],[0,0],[-0.654,3.388],[3.637,-0.577],[-0.703,-1.292],[2.015,-0.677],[-1.725,-6.912]],"v":[[-84.437,-150.045],[-90.259,-144.601],[-84.584,-140.451],[-80.736,-139.374],[-76.983,-134.224],[-75.893,-137.569],[-71.977,-135.92],[-70.793,-142.081]]}],"t":75},{"s":[{"c":true,"i":[[0,0],[-2.287,-4.922],[0,0],[-2.689,3.508],[-3.619,0.687],[0.839,1.437],[-3.382,1.251],[0.703,2.493]],"o":[[0,0],[2.287,4.922],[0,0],[-0.552,3.407],[3.619,-0.687],[-0.742,-1.27],[1.994,-0.738],[-1.934,-6.859]],"v":[[-85.354,-151.708],[-91.009,-146.089],[-85.21,-142.112],[-81.33,-141.151],[-77.422,-136.117],[-76.434,-139.493],[-72.468,-137.963],[-71.471,-144.159]]}],"t":90}],"ix":2}},{"ty":"fl","bm":0,"hd":false,"mn":"ADBE Vector Graphic - Fill","nm":"Fill 1","c":{"a":0,"k":[1,0.4431,0.2784],"ix":4},"r":1,"o":{"a":0,"k":100,"ix":5}},{"ty":"tr","a":{"a":0,"k":[0,0],"ix":1},"s":{"a":0,"k":[100,100],"ix":3},"sk":{"a":0,"k":0,"ix":4},"p":{"a":0,"k":[0,0],"ix":2},"r":{"a":0,"k":0,"ix":6},"sa":{"a":0,"k":0,"ix":5},"o":{"a":0,"k":100,"ix":7}}]},{"ty":"gr","bm":0,"hd":false,"mn":"ADBE Vector Group","nm":"Shape 2","ix":2,"cix":2,"np":2,"it":[{"ty":"sh","bm":0,"hd":false,"mn":"ADBE Vector Shape - Group","nm":"Path 1","ix":1,"d":1,"ks":{"a":1,"k":[{"o":{"x":0.333,"y":0},"i":{"x":0.667,"y":1},"s":[{"c":true,"i":[[2.667,3.069],[-12.157,-12.504],[-2.81,-2.828],[-0.991,-1.949],[-0.481,-0.284],[0,0],[-0.998,-0.07],[0,0],[0.261,1.647],[0,0],[5.662,6.121]],"o":[[-6.28,-6.955],[3.534,5.009],[2.81,2.828],[1.102,-1.427],[0.481,0.284],[0,0],[0.998,0.07],[0,0],[2.752,0.067],[0,0],[-5.825,-6.297]],"v":[[-102.748,-176.231],[-111.694,-161.193],[-95.526,-146.906],[-91.154,-141.337],[-90.118,-145.4],[-86.606,-143.651],[-85.828,-147.606],[-81.339,-147.292],[-83.224,-150.807],[-77.374,-152.027],[-95.547,-160.941]]}],"t":0},{"o":{"x":0.333,"y":0},"i":{"x":0.667,"y":1},"s":[{"c":true,"i":[[2.667,3.069],[-12.157,-12.504],[-2.722,-2.911],[-0.932,-1.978],[-0.472,-0.299],[0,0],[-0.995,-0.1],[0,0],[0.211,1.654],[0,0],[5.473,6.288]],"o":[[-6.28,-6.955],[3.534,5.009],[2.722,2.911],[1.145,-1.392],[0.472,0.299],[0,0],[0.995,0.1],[0,0],[2.748,0.15],[0,0],[-5.63,-6.469]],"v":[[-102.748,-176.231],[-111.694,-161.193],[-94.747,-145.554],[-90.547,-139.857],[-89.389,-143.885],[-85.933,-142.031],[-85.036,-145.96],[-80.559,-145.511],[-82.336,-149.08],[-76.454,-150.122],[-94.344,-159.58]]}],"t":15},{"o":{"x":0.333,"y":0},"i":{"x":0.667,"y":1},"s":[{"c":true,"i":[[2.667,3.069],[-12.157,-12.504],[-2.81,-2.828],[-0.991,-1.949],[-0.481,-0.284],[0,0],[-0.998,-0.07],[0,0],[0.261,1.647],[0,0],[5.662,6.121]],"o":[[-6.28,-6.955],[3.534,5.009],[2.81,2.828],[1.102,-1.427],[0.481,0.284],[0,0],[0.998,0.07],[0,0],[2.752,0.067],[0,0],[-5.825,-6.297]],"v":[[-102.748,-176.231],[-111.694,-161.193],[-95.526,-146.906],[-91.154,-141.337],[-90.118,-145.4],[-86.606,-143.651],[-85.828,-147.606],[-81.339,-147.292],[-83.224,-150.807],[-77.374,-152.027],[-95.547,-160.941]]}],"t":30},{"o":{"x":0.333,"y":0},"i":{"x":0.667,"y":1},"s":[{"c":true,"i":[[2.667,3.069],[-12.157,-12.504],[-2.722,-2.911],[-0.932,-1.978],[-0.472,-0.299],[0,0],[-0.995,-0.1],[0,0],[0.211,1.654],[0,0],[5.473,6.288]],"o":[[-6.28,-6.955],[3.534,5.009],[2.722,2.911],[1.145,-1.392],[0.472,0.299],[0,0],[0.995,0.1],[0,0],[2.748,0.15],[0,0],[-5.63,-6.469]],"v":[[-102.748,-176.231],[-111.694,-161.193],[-94.747,-145.554],[-90.547,-139.857],[-89.389,-143.885],[-85.933,-142.031],[-85.036,-145.96],[-80.559,-145.511],[-82.336,-149.08],[-76.454,-150.122],[-94.344,-159.58]]}],"t":45},{"o":{"x":0.333,"y":0},"i":{"x":0.667,"y":1},"s":[{"c":true,"i":[[2.667,3.069],[-12.157,-12.504],[-2.81,-2.828],[-0.991,-1.949],[-0.481,-0.284],[0,0],[-0.998,-0.07],[0,0],[0.261,1.647],[0,0],[5.662,6.121]],"o":[[-6.28,-6.955],[3.534,5.009],[2.81,2.828],[1.102,-1.427],[0.481,0.284],[0,0],[0.998,0.07],[0,0],[2.752,0.067],[0,0],[-5.825,-6.297]],"v":[[-102.748,-176.231],[-111.694,-161.193],[-95.526,-146.906],[-91.154,-141.337],[-90.118,-145.4],[-86.606,-143.651],[-85.828,-147.606],[-81.339,-147.292],[-83.224,-150.807],[-77.374,-152.027],[-95.547,-160.941]]}],"t":60},{"o":{"x":0.333,"y":0},"i":{"x":0.667,"y":1},"s":[{"c":true,"i":[[2.667,3.069],[-12.157,-12.504],[-2.722,-2.911],[-0.932,-1.978],[-0.472,-0.299],[0,0],[-0.995,-0.1],[0,0],[0.211,1.654],[0,0],[5.473,6.288]],"o":[[-6.28,-6.955],[3.534,5.009],[2.722,2.911],[1.145,-1.392],[0.472,0.299],[0,0],[0.995,0.1],[0,0],[2.748,0.15],[0,0],[-5.63,-6.469]],"v":[[-102.748,-176.231],[-111.694,-161.193],[-94.747,-145.554],[-90.547,-139.857],[-89.389,-143.885],[-85.933,-142.031],[-85.036,-145.96],[-80.559,-145.511],[-82.336,-149.08],[-76.454,-150.122],[-94.344,-159.58]]}],"t":75},{"s":[{"c":true,"i":[[2.667,3.069],[-12.157,-12.504],[-2.81,-2.828],[-0.991,-1.949],[-0.481,-0.284],[0,0],[-0.998,-0.07],[0,0],[0.261,1.647],[0,0],[5.662,6.121]],"o":[[-6.28,-6.955],[3.534,5.009],[2.81,2.828],[1.102,-1.427],[0.481,0.284],[0,0],[0.998,0.07],[0,0],[2.752,0.067],[0,0],[-5.825,-6.297]],"v":[[-102.748,-176.231],[-111.694,-161.193],[-95.526,-146.906],[-91.154,-141.337],[-90.118,-145.4],[-86.606,-143.651],[-85.828,-147.606],[-81.339,-147.292],[-83.224,-150.807],[-77.374,-152.027],[-95.547,-160.941]]}],"t":90}],"ix":2}},{"ty":"fl","bm":0,"hd":false,"mn":"ADBE Vector Graphic - Fill","nm":"Fill 1","c":{"a":0,"k":[1,0.4431,0.2784],"ix":4},"r":1,"o":{"a":0,"k":100,"ix":5}},{"ty":"tr","a":{"a":0,"k":[0,0],"ix":1},"s":{"a":0,"k":[100,100],"ix":3},"sk":{"a":0,"k":0,"ix":4},"p":{"a":0,"k":[0,0],"ix":2},"r":{"a":0,"k":0,"ix":6},"sa":{"a":0,"k":0,"ix":5},"o":{"a":0,"k":100,"ix":7}}]}],"ind":2,"parent":6},{"ty":4,"nm":"Hat","sr":1,"st":0,"op":60,"ip":0,"hd":false,"ddd":0,"bm":0,"hasMask":false,"ao":0,"ks":{"a":{"a":0,"k":[-106.083,-211.965,0],"ix":1},"s":{"a":0,"k":[100,100,100],"ix":6},"sk":{"a":0,"k":0},"p":{"a":0,"k":[-106.083,-211.965,0],"ix":2},"r":{"a":1,"k":[{"o":{"x":0.333,"y":0},"i":{"x":0.667,"y":1},"s":[0],"t":0},{"o":{"x":0.333,"y":0},"i":{"x":0.667,"y":1},"s":[-5],"t":15},{"o":{"x":0.333,"y":0},"i":{"x":0.667,"y":1},"s":[0],"t":30},{"o":{"x":0.333,"y":0},"i":{"x":0.667,"y":1},"s":[-5],"t":45},{"o":{"x":0.333,"y":0},"i":{"x":0.667,"y":1},"s":[0],"t":60},{"o":{"x":0.333,"y":0},"i":{"x":0.667,"y":1},"s":[-5],"t":75},{"s":[0],"t":90}],"ix":10},"sa":{"a":0,"k":0},"o":{"a":0,"k":100,"ix":11}},"ef":[],"shapes":[{"ty":"gr","bm":0,"hd":false,"mn":"ADBE Vector Group","nm":"Shape 2","ix":1,"cix":2,"np":2,"it":[{"ty":"sh","bm":0,"hd":false,"mn":"ADBE Vector Shape - Group","nm":"Path 1","ix":1,"d":1,"ks":{"a":1,"k":[{"o":{"x":0.333,"y":0},"i":{"x":0.667,"y":1},"s":[{"c":true,"i":[[16.625,-4.25],[1.27,-5.599],[-1,0.5],[-5.252,-0.969],[-3.298,-3.719],[0,0],[2.875,6.375],[0,0]],"o":[[-11.286,2.885],[-0.601,2.648],[3.29,-2.796],[6.758,1.246],[-0.228,4.556],[0,0],[-3.543,-7.856],[0,0]],"v":[[-137.5,-241.875],[-154.813,-223.264],[-153.25,-222.5],[-138.883,-227.371],[-123.625,-217.5],[-118.625,-208.5],[-99.75,-224.625],[-107.375,-230.25]]}],"t":-23},{"o":{"x":0.333,"y":0},"i":{"x":0.667,"y":1},"s":[{"c":true,"i":[[15.371,-7.627],[0.073,-5.741],[-0.874,0.698],[-5.339,0.149],[-3.298,-3.719],[0,0],[2.875,6.375],[0,0]],"o":[[-10.435,5.178],[-0.034,2.715],[2.633,-3.421],[6.869,-0.192],[-0.228,4.556],[0,0],[-3.543,-7.856],[0,0]],"v":[[-139.53,-239.134],[-152.576,-217.318],[-150.888,-216.897],[-137.854,-224.661],[-123.625,-217.5],[-118.625,-208.5],[-99.75,-224.625],[-107.375,-230.25]]}],"t":-8},{"o":{"x":0.333,"y":0},"i":{"x":0.667,"y":1},"s":[{"c":true,"i":[[16.625,-4.25],[1.27,-5.599],[-1,0.5],[-5.252,-0.969],[-3.298,-3.719],[0,0],[2.875,6.375],[0,0]],"o":[[-11.286,2.885],[-0.601,2.648],[3.29,-2.796],[6.758,1.246],[-0.228,4.556],[0,0],[-3.543,-7.856],[0,0]],"v":[[-137.5,-241.875],[-154.813,-223.264],[-153.25,-222.5],[-138.883,-227.371],[-123.625,-217.5],[-118.625,-208.5],[-99.75,-224.625],[-107.375,-230.25]]}],"t":7},{"o":{"x":0.333,"y":0},"i":{"x":0.833,"y":1},"s":[{"c":true,"i":[[15.371,-7.627],[0.073,-5.741],[-0.874,0.698],[-5.339,0.149],[-3.298,-3.719],[0,0],[2.875,6.375],[0,0]],"o":[[-10.435,5.178],[-0.034,2.715],[2.633,-3.421],[6.869,-0.192],[-0.228,4.556],[0,0],[-3.543,-7.856],[0,0]],"v":[[-139.53,-239.134],[-152.576,-217.318],[-150.888,-216.897],[-137.854,-224.661],[-123.625,-217.5],[-118.625,-208.5],[-99.75,-224.625],[-107.375,-230.25]]}],"t":22},{"o":{"x":0.333,"y":0},"i":{"x":0.667,"y":1},"s":[{"c":true,"i":[[16.625,-4.25],[1.27,-5.599],[-1,0.5],[-5.252,-0.969],[-3.298,-3.719],[0,0],[2.875,6.375],[0,0]],"o":[[-11.286,2.885],[-0.601,2.648],[3.29,-2.796],[6.758,1.246],[-0.228,4.556],[0,0],[-3.543,-7.856],[0,0]],"v":[[-137.5,-241.875],[-154.813,-223.264],[-153.25,-222.5],[-138.883,-227.371],[-123.625,-217.5],[-118.625,-208.5],[-99.75,-224.625],[-107.375,-230.25]]}],"t":37},{"o":{"x":0.333,"y":0},"i":{"x":0.667,"y":1},"s":[{"c":true,"i":[[15.371,-7.627],[0.073,-5.741],[-0.874,0.698],[-5.339,0.149],[-3.298,-3.719],[0,0],[2.875,6.375],[0,0]],"o":[[-10.435,5.178],[-0.034,2.715],[2.633,-3.421],[6.869,-0.192],[-0.228,4.556],[0,0],[-3.543,-7.856],[0,0]],"v":[[-139.53,-239.134],[-152.576,-217.318],[-150.888,-216.897],[-137.854,-224.661],[-123.625,-217.5],[-118.625,-208.5],[-99.75,-224.625],[-107.375,-230.25]]}],"t":52},{"o":{"x":0.333,"y":0},"i":{"x":0.667,"y":1},"s":[{"c":true,"i":[[16.625,-4.25],[1.27,-5.599],[-1,0.5],[-5.252,-0.969],[-3.298,-3.719],[0,0],[2.875,6.375],[0,0]],"o":[[-11.286,2.885],[-0.601,2.648],[3.29,-2.796],[6.758,1.246],[-0.228,4.556],[0,0],[-3.543,-7.856],[0,0]],"v":[[-137.5,-241.875],[-154.813,-223.264],[-153.25,-222.5],[-138.883,-227.371],[-123.625,-217.5],[-118.625,-208.5],[-99.75,-224.625],[-107.375,-230.25]]}],"t":67},{"o":{"x":0.333,"y":0},"i":{"x":0.667,"y":1},"s":[{"c":true,"i":[[15.371,-7.627],[0.073,-5.741],[-0.874,0.698],[-5.339,0.149],[-3.298,-3.719],[0,0],[2.875,6.375],[0,0]],"o":[[-10.435,5.178],[-0.034,2.715],[2.633,-3.421],[6.869,-0.192],[-0.228,4.556],[0,0],[-3.543,-7.856],[0,0]],"v":[[-139.53,-239.134],[-152.576,-217.318],[-150.888,-216.897],[-137.854,-224.661],[-123.625,-217.5],[-118.625,-208.5],[-99.75,-224.625],[-107.375,-230.25]]}],"t":82},{"s":[{"c":true,"i":[[16.625,-4.25],[1.27,-5.599],[-1,0.5],[-5.252,-0.969],[-3.298,-3.719],[0,0],[2.875,6.375],[0,0]],"o":[[-11.286,2.885],[-0.601,2.648],[3.29,-2.796],[6.758,1.246],[-0.228,4.556],[0,0],[-3.543,-7.856],[0,0]],"v":[[-137.5,-241.875],[-154.813,-223.264],[-153.25,-222.5],[-138.883,-227.371],[-123.625,-217.5],[-118.625,-208.5],[-99.75,-224.625],[-107.375,-230.25]]}],"t":97}],"ix":2}},{"ty":"fl","bm":0,"hd":false,"mn":"ADBE Vector Graphic - Fill","nm":"Fill 1","c":{"a":0,"k":[1,0.4431,0.2784],"ix":4},"r":1,"o":{"a":0,"k":100,"ix":5}},{"ty":"tr","a":{"a":0,"k":[0,0],"ix":1},"s":{"a":0,"k":[100,100],"ix":3},"sk":{"a":0,"k":0,"ix":4},"p":{"a":0,"k":[0,0],"ix":2},"r":{"a":0,"k":0,"ix":6},"sa":{"a":0,"k":0,"ix":5},"o":{"a":0,"k":100,"ix":7}}]},{"ty":"gr","bm":0,"hd":false,"mn":"ADBE Vector Group","nm":"Shape 1","ix":2,"cix":2,"np":2,"it":[{"ty":"sh","bm":0,"hd":false,"mn":"ADBE Vector Shape - Group","nm":"Path 1","ix":1,"d":1,"ks":{"a":1,"k":[{"o":{"x":0.333,"y":0},"i":{"x":0.667,"y":1},"s":[{"c":true,"i":[[0,0],[5.875,-4.25],[0,0],[-1.75,-3.625],[0,0],[-3.75,1.625],[0.75,6.875]],"o":[[0,0],[-18.851,13.637],[0,0],[3.125,10.75],[0,0],[9.75,-5.25],[-0.75,-6.875]],"v":[[-83.5,-242],[-108.25,-219.25],[-135,-206.625],[-141.375,-203.875],[-103.5,-209.125],[-94.875,-212.625],[-79.75,-239]]}],"t":-23},{"o":{"x":0.333,"y":0},"i":{"x":0.667,"y":1},"s":[{"c":true,"i":[[0,0],[5.875,-4.25],[0,0],[-1.75,-3.625],[0,0],[-3.75,1.625],[1.335,6.786]],"o":[[0,0],[-18.851,13.637],[0,0],[3.125,10.75],[0,0],[8.363,-6.691],[-1.335,-6.786]],"v":[[-85.262,-242.729],[-108.25,-219.25],[-135,-206.625],[-141.375,-203.875],[-103.5,-209.125],[-94.875,-212.625],[-81.269,-240.06]]}],"t":-8},{"o":{"x":0.333,"y":0},"i":{"x":0.667,"y":1},"s":[{"c":true,"i":[[0,0],[5.875,-4.25],[0,0],[-1.75,-3.625],[0,0],[-3.75,1.625],[0.75,6.875]],"o":[[0,0],[-18.851,13.637],[0,0],[3.125,10.75],[0,0],[9.75,-5.25],[-0.75,-6.875]],"v":[[-83.5,-242],[-108.25,-219.25],[-135,-206.625],[-141.375,-203.875],[-103.5,-209.125],[-94.875,-212.625],[-79.75,-239]]}],"t":7},{"o":{"x":0.333,"y":0},"i":{"x":0.833,"y":1},"s":[{"c":true,"i":[[0,0],[5.875,-4.25],[0,0],[-1.75,-3.625],[0,0],[-3.75,1.625],[1.335,6.786]],"o":[[0,0],[-18.851,13.637],[0,0],[3.125,10.75],[0,0],[8.363,-6.691],[-1.335,-6.786]],"v":[[-85.262,-242.729],[-108.25,-219.25],[-135,-206.625],[-141.375,-203.875],[-103.5,-209.125],[-94.875,-212.625],[-81.269,-240.06]]}],"t":22},{"o":{"x":0.333,"y":0},"i":{"x":0.667,"y":1},"s":[{"c":true,"i":[[0,0],[5.875,-4.25],[0,0],[-1.75,-3.625],[0,0],[-3.75,1.625],[0.75,6.875]],"o":[[0,0],[-18.851,13.637],[0,0],[3.125,10.75],[0,0],[9.75,-5.25],[-0.75,-6.875]],"v":[[-83.5,-242],[-108.25,-219.25],[-135,-206.625],[-141.375,-203.875],[-103.5,-209.125],[-94.875,-212.625],[-79.75,-239]]}],"t":37},{"o":{"x":0.333,"y":0},"i":{"x":0.667,"y":1},"s":[{"c":true,"i":[[0,0],[5.875,-4.25],[0,0],[-1.75,-3.625],[0,0],[-3.75,1.625],[1.335,6.786]],"o":[[0,0],[-18.851,13.637],[0,0],[3.125,10.75],[0,0],[8.363,-6.691],[-1.335,-6.786]],"v":[[-85.262,-242.729],[-108.25,-219.25],[-135,-206.625],[-141.375,-203.875],[-103.5,-209.125],[-94.875,-212.625],[-81.269,-240.06]]}],"t":52},{"o":{"x":0.333,"y":0},"i":{"x":0.667,"y":1},"s":[{"c":true,"i":[[0,0],[5.875,-4.25],[0,0],[-1.75,-3.625],[0,0],[-3.75,1.625],[0.75,6.875]],"o":[[0,0],[-18.851,13.637],[0,0],[3.125,10.75],[0,0],[9.75,-5.25],[-0.75,-6.875]],"v":[[-83.5,-242],[-108.25,-219.25],[-135,-206.625],[-141.375,-203.875],[-103.5,-209.125],[-94.875,-212.625],[-79.75,-239]]}],"t":67},{"o":{"x":0.333,"y":0},"i":{"x":0.667,"y":1},"s":[{"c":true,"i":[[0,0],[5.875,-4.25],[0,0],[-1.75,-3.625],[0,0],[-3.75,1.625],[1.335,6.786]],"o":[[0,0],[-18.851,13.637],[0,0],[3.125,10.75],[0,0],[8.363,-6.691],[-1.335,-6.786]],"v":[[-85.262,-242.729],[-108.25,-219.25],[-135,-206.625],[-141.375,-203.875],[-103.5,-209.125],[-94.875,-212.625],[-81.269,-240.06]]}],"t":82},{"s":[{"c":true,"i":[[0,0],[5.875,-4.25],[0,0],[-1.75,-3.625],[0,0],[-3.75,1.625],[0.75,6.875]],"o":[[0,0],[-18.851,13.637],[0,0],[3.125,10.75],[0,0],[9.75,-5.25],[-0.75,-6.875]],"v":[[-83.5,-242],[-108.25,-219.25],[-135,-206.625],[-141.375,-203.875],[-103.5,-209.125],[-94.875,-212.625],[-79.75,-239]]}],"t":97}],"ix":2}},{"ty":"fl","bm":0,"hd":false,"mn":"ADBE Vector Graphic - Fill","nm":"Fill 1","c":{"a":0,"k":[1,0.4431,0.2784],"ix":4},"r":1,"o":{"a":0,"k":100,"ix":5}},{"ty":"tr","a":{"a":0,"k":[0,0],"ix":1},"s":{"a":0,"k":[100,100],"ix":3},"sk":{"a":0,"k":0,"ix":4},"p":{"a":0,"k":[0,0],"ix":2},"r":{"a":0,"k":0,"ix":6},"sa":{"a":0,"k":0,"ix":5},"o":{"a":0,"k":100,"ix":7}}]}],"ind":3,"parent":5},{"ty":4,"nm":"Hair","sr":1,"st":0,"op":60,"ip":0,"hd":false,"ddd":0,"bm":0,"hasMask":false,"ao":0,"ks":{"a":{"a":0,"k":[-12.385,-91.864,0],"ix":1},"s":{"a":0,"k":[-100,100,100],"ix":6},"sk":{"a":0,"k":0},"p":{"a":0,"k":[-115,-203.614,0],"ix":2},"r":{"a":0,"k":0,"ix":10},"sa":{"a":0,"k":0},"o":{"a":0,"k":100,"ix":11}},"ef":[],"shapes":[{"ty":"gr","bm":0,"hd":false,"mn":"ADBE Vector Group","nm":"Shape 5","ix":1,"cix":2,"np":2,"it":[{"ty":"sh","bm":0,"hd":false,"mn":"ADBE Vector Shape - Group","nm":"Path 1","ix":1,"d":1,"ks":{"a":0,"k":{"c":false,"i":[[0,0],[-14.585,-4.181],[7.897,12.76]],"o":[[0,0],[-8.21,-1.05],[-7.897,-12.76]],"v":[[-12.817,-89.114],[15.627,-69.183],[-13.945,-87.948]]},"ix":2}},{"ty":"fl","bm":0,"hd":false,"mn":"ADBE Vector Graphic - Fill","nm":"Fill 1","c":{"a":0,"k":[1,0.4431,0.2784],"ix":4},"r":1,"o":{"a":0,"k":100,"ix":5}},{"ty":"tr","a":{"a":0,"k":[0,0],"ix":1},"s":{"a":0,"k":[100,100],"ix":3},"sk":{"a":0,"k":0,"ix":4},"p":{"a":0,"k":[0,0],"ix":2},"r":{"a":0,"k":0,"ix":6},"sa":{"a":0,"k":0,"ix":5},"o":{"a":0,"k":100,"ix":7}}]},{"ty":"gr","bm":0,"hd":false,"mn":"ADBE Vector Group","nm":"Shape 4","ix":2,"cix":2,"np":2,"it":[{"ty":"sh","bm":0,"hd":false,"mn":"ADBE Vector Shape - Group","nm":"Path 1","ix":1,"d":1,"ks":{"a":0,"k":{"c":false,"i":[[0,0],[-14.034,-4.132],[7.526,12.358]],"o":[[0,0],[-7.909,-1.07],[-7.526,-12.358]],"v":[[-13.128,-91.407],[14.159,-71.993],[-14.224,-90.291]]},"ix":2}},{"ty":"fl","bm":0,"hd":false,"mn":"ADBE Vector Graphic - Fill","nm":"Fill 1","c":{"a":0,"k":[1,0.4431,0.2784],"ix":4},"r":1,"o":{"a":0,"k":100,"ix":5}},{"ty":"tr","a":{"a":0,"k":[0,0],"ix":1},"s":{"a":0,"k":[100,100],"ix":3},"sk":{"a":0,"k":0,"ix":4},"p":{"a":0,"k":[0,0],"ix":2},"r":{"a":0,"k":0,"ix":6},"sa":{"a":0,"k":0,"ix":5},"o":{"a":0,"k":100,"ix":7}}]},{"ty":"gr","bm":0,"hd":false,"mn":"ADBE Vector Group","nm":"Shape 3","ix":3,"cix":2,"np":2,"it":[{"ty":"sh","bm":0,"hd":false,"mn":"ADBE Vector Shape - Group","nm":"Path 1","ix":1,"d":1,"ks":{"a":0,"k":{"c":false,"i":[[0,0],[-11.997,-2.519],[6.951,9.755]],"o":[[0,0],[-8.177,0.177],[-6.951,-9.755]],"v":[[-12.88,-92.444],[15.313,-74.581],[-13.718,-91.457]]},"ix":2}},{"ty":"fl","bm":0,"hd":false,"mn":"ADBE Vector Graphic - Fill","nm":"Fill 1","c":{"a":0,"k":[1,0.4431,0.2784],"ix":4},"r":1,"o":{"a":0,"k":100,"ix":5}},{"ty":"tr","a":{"a":0,"k":[0,0],"ix":1},"s":{"a":0,"k":[100,100],"ix":3},"sk":{"a":0,"k":0,"ix":4},"p":{"a":0,"k":[0,0],"ix":2},"r":{"a":0,"k":0,"ix":6},"sa":{"a":0,"k":0,"ix":5},"o":{"a":0,"k":100,"ix":7}}]},{"ty":"gr","bm":0,"hd":false,"mn":"ADBE Vector Group","nm":"Shape 2","ix":4,"cix":2,"np":2,"it":[{"ty":"sh","bm":0,"hd":false,"mn":"ADBE Vector Shape - Group","nm":"Path 1","ix":1,"d":1,"ks":{"a":0,"k":{"c":false,"i":[[0,0],[-14.926,-1.259],[9.891,10.79]],"o":[[0,0],[-9.891,1.439],[-9.891,-10.79]],"v":[[-11.366,-92.52],[25.5,-75.076],[-12.234,-91.197]]},"ix":2}},{"ty":"fl","bm":0,"hd":false,"mn":"ADBE Vector Graphic - Fill","nm":"Fill 1","c":{"a":0,"k":[1,0.4431,0.2784],"ix":4},"r":1,"o":{"a":0,"k":100,"ix":5}},{"ty":"tr","a":{"a":0,"k":[0,0],"ix":1},"s":{"a":0,"k":[100,100],"ix":3},"sk":{"a":0,"k":0,"ix":4},"p":{"a":0,"k":[0,0],"ix":2},"r":{"a":0,"k":0,"ix":6},"sa":{"a":0,"k":0,"ix":5},"o":{"a":0,"k":100,"ix":7}}]},{"ty":"gr","bm":0,"hd":false,"mn":"ADBE Vector Group","nm":"Shape 1","ix":5,"cix":2,"np":3,"it":[{"ty":"sh","bm":0,"hd":false,"mn":"ADBE Vector Shape - Group","nm":"Path 1","ix":1,"d":1,"ks":{"a":0,"k":{"c":false,"i":[[0,0],[-10.375,-0.875],[6.875,7.5]],"o":[[0,0],[-6.875,1],[-6.875,-7.5]],"v":[[-9.625,-94],[16,-81.875],[-10.75,-92.125]]},"ix":2}},{"ty":"fl","bm":0,"hd":false,"mn":"ADBE Vector Graphic - Fill","nm":"Fill 1","c":{"a":0,"k":[1,0.4431,0.2784],"ix":4},"r":1,"o":{"a":0,"k":100,"ix":5}},{"ty":"tr","a":{"a":0,"k":[0,0],"ix":1},"s":{"a":0,"k":[100,100],"ix":3},"sk":{"a":0,"k":0,"ix":4},"p":{"a":0,"k":[0,0],"ix":2},"r":{"a":0,"k":0,"ix":6},"sa":{"a":0,"k":0,"ix":5},"o":{"a":0,"k":100,"ix":7}}]}],"ind":4,"parent":5},{"ty":4,"nm":"Head","sr":1,"st":0,"op":60,"ip":0,"hd":false,"ddd":0,"bm":0,"hasMask":false,"ao":0,"ks":{"a":{"a":0,"k":[-115.192,-187.616,0],"ix":1},"s":{"a":0,"k":[100,100,100],"ix":6},"sk":{"a":0,"k":0},"p":{"a":0,"k":[-119.773,-195.206,0],"ix":2},"r":{"a":1,"k":[{"o":{"x":0.333,"y":0},"i":{"x":0.667,"y":1},"s":[10],"t":0},{"o":{"x":0.333,"y":0},"i":{"x":0.667,"y":1},"s":[7],"t":15},{"o":{"x":0.333,"y":0},"i":{"x":0.667,"y":1},"s":[10],"t":30},{"o":{"x":0.333,"y":0},"i":{"x":0.667,"y":1},"s":[7],"t":45},{"s":[10],"t":60}],"ix":10},"sa":{"a":0,"k":0},"o":{"a":0,"k":100,"ix":11}},"ef":[],"shapes":[{"ty":"gr","bm":0,"hd":false,"mn":"ADBE Vector Group","nm":"Shape 1","ix":1,"cix":2,"np":3,"it":[{"ty":"sh","bm":0,"hd":false,"mn":"ADBE Vector Shape - Group","nm":"Path 1","ix":1,"d":1,"ks":{"a":0,"k":{"c":true,"i":[[9.25,-4.125],[0,0],[0.875,-3],[1.125,-1.25],[-1.375,3.125],[-1.5,0.375],[-1,1.5],[0.625,1.75],[0,0],[-2,0.875],[0,0],[6.188,2.813],[0,0]],"o":[[-15.25,7.625],[0,0],[-0.875,3],[-2.252,2.502],[1.375,-3.125],[1.5,-0.375],[1,-1.5],[0.875,-1.625],[0,0],[2,-0.875],[0,0],[-2.294,-1.043],[0,0]],"v":[[-108.5,-220.125],[-117.625,-203],[-116.75,-199.375],[-122.5,-189.625],[-105.125,-186.875],[-99.375,-192.125],[-90.875,-191.625],[-91.5,-197.875],[-90.625,-204.75],[-87.563,-204.438],[-85.25,-199.625],[-86.5,-210.875],[-90.5,-216]]},"ix":2}},{"ty":"fl","bm":0,"hd":false,"mn":"ADBE Vector Graphic - Fill","nm":"Fill 1","c":{"a":0,"k":[1,0.4431,0.2784],"ix":4},"r":1,"o":{"a":0,"k":100,"ix":5}},{"ty":"tr","a":{"a":0,"k":[0,0],"ix":1},"s":{"a":0,"k":[100,100],"ix":3},"sk":{"a":0,"k":0,"ix":4},"p":{"a":0,"k":[0,0],"ix":2},"r":{"a":0,"k":0,"ix":6},"sa":{"a":0,"k":0,"ix":5},"o":{"a":0,"k":100,"ix":7}}]}],"ind":5,"parent":6},{"ty":4,"nm":"Body","sr":1,"st":0,"op":60,"ip":0,"hd":false,"ddd":0,"bm":0,"hasMask":false,"ao":0,"ks":{"a":{"a":0,"k":[-128.45,-132.386,0],"ix":1},"s":{"a":0,"k":[-100,100,100],"ix":6},"sk":{"a":0,"k":0},"p":{"a":1,"k":[{"o":{"x":0.333,"y":0},"i":{"x":0.667,"y":1},"s":[-7.919,-12.594,0],"t":0,"ti":[0,0,0],"to":[-0.006,-0.379,0]},{"o":{"x":0.333,"y":0},"i":{"x":0.667,"y":1},"s":[-7.955,-14.866,0],"t":15,"ti":[0,0,0],"to":[0,0,0]},{"o":{"x":0.333,"y":0},"i":{"x":0.667,"y":1},"s":[-7.919,-12.594,0],"t":30,"ti":[0,0,0],"to":[0,0,0]},{"o":{"x":0.333,"y":0},"i":{"x":0.667,"y":1},"s":[-7.955,-14.866,0],"t":45,"ti":[0,0,0],"to":[0,0,0]},{"o":{"x":0.333,"y":0},"i":{"x":0.667,"y":1},"s":[-7.919,-12.594,0],"t":60,"ti":[0,0,0],"to":[0,0,0]},{"o":{"x":0.333,"y":0},"i":{"x":0.667,"y":1},"s":[-7.955,-14.866,0],"t":75,"ti":[-0.006,-0.379,0],"to":[0,0,0]},{"s":[-7.919,-12.594,0],"t":90}],"ix":2},"r":{"a":0,"k":4,"ix":10},"sa":{"a":0,"k":0},"o":{"a":0,"k":100,"ix":11}},"ef":[],"shapes":[{"ty":"gr","bm":0,"hd":false,"mn":"ADBE Vector Group","nm":"Shape 1","ix":1,"cix":2,"np":2,"it":[{"ty":"sh","bm":0,"hd":false,"mn":"ADBE Vector Shape - Group","nm":"Path 1","ix":1,"d":1,"ks":{"a":0,"k":{"c":true,"i":[[4.195,-4.449],[0,0],[0,0],[1.125,-15],[0,0],[0,0],[0,0],[0,0],[0,0],[0,0],[0,0],[0,0],[0,0],[0,0],[0,0],[0,0],[4.825,2.052],[2.236,0.014],[-2.662,5.926],[7.016,4.948]],"o":[[-4.195,4.449],[0,0],[0,0],[-1.125,15],[0,0],[0,0],[0,0],[0,0],[0,0],[0,0],[0,0],[0,0],[0,0],[0,0],[0,0],[0,0],[-9.768,-4.435],[5.055,-0.426],[2.662,-5.926],[-13.54,-9.55]],"v":[[-132.324,-195.012],[-139.627,-179.894],[-146.139,-171.062],[-157.375,-143.125],[-139,-124.875],[-117.43,-121.374],[-117,-125.003],[-111.744,-123.875],[-112.657,-129.191],[-106.596,-127.098],[-107.356,-132.657],[-99.329,-130.6],[-101.202,-136.176],[-92.597,-136.418],[-95.715,-139.378],[-88.942,-143.729],[-96.735,-147.221],[-116.875,-150],[-102.61,-172.992],[-108.498,-193.751]]},"ix":2}},{"ty":"fl","bm":0,"hd":false,"mn":"ADBE Vector Graphic - Fill","nm":"Fill 1","c":{"a":0,"k":[1,0.4431,0.2784],"ix":4},"r":1,"o":{"a":0,"k":100,"ix":5}},{"ty":"tr","a":{"a":0,"k":[0,0],"ix":1},"s":{"a":0,"k":[100,100],"ix":3},"sk":{"a":0,"k":0,"ix":4},"p":{"a":0,"k":[0,0],"ix":2},"r":{"a":0,"k":0,"ix":6},"sa":{"a":0,"k":0,"ix":5},"o":{"a":0,"k":100,"ix":7}}]}],"ind":6,"parent":11},{"ty":4,"nm":"Foot_L","sr":1,"st":0,"op":60,"ip":0,"hd":false,"ddd":0,"bm":0,"hasMask":false,"ao":0,"ks":{"a":{"a":0,"k":[-54.286,7.781,0],"ix":1},"s":{"a":0,"k":[100,100,100],"ix":6},"sk":{"a":0,"k":0},"p":{"a":0,"k":[-54.286,7.781,0],"ix":2},"r":{"a":1,"k":[{"o":{"x":0.333,"y":0},"i":{"x":0.667,"y":1},"s":[-10],"t":0},{"o":{"x":0.333,"y":0},"i":{"x":0.667,"y":1},"s":[5],"t":15},{"o":{"x":0.333,"y":0},"i":{"x":0.667,"y":1},"s":[-10],"t":30},{"o":{"x":0.333,"y":0},"i":{"x":0.667,"y":1},"s":[5],"t":45},{"o":{"x":0.333,"y":0},"i":{"x":0.667,"y":1},"s":[-10],"t":60},{"o":{"x":0.333,"y":0},"i":{"x":0.667,"y":1},"s":[5],"t":75},{"s":[-10],"t":90}],"ix":10},"sa":{"a":0,"k":0},"o":{"a":0,"k":100,"ix":11}},"ef":[],"shapes":[{"ty":"gr","bm":0,"hd":false,"mn":"ADBE Vector Group","nm":"Shape 2","ix":1,"cix":2,"np":3,"it":[{"ty":"sh","bm":0,"hd":false,"mn":"ADBE Vector Shape - Group","nm":"Path 1","ix":1,"d":1,"ks":{"a":0,"k":{"c":true,"i":[[-3.938,9.313],[-2,-5.75],[-1.625,-0.688],[0,0],[0,0],[3.625,7.25],[0,0]],"o":[[-4.875,1.125],[2,5.75],[-0.188,0.938],[0,0],[0,0],[-2.5,-1.25],[0,0]],"v":[[-75.25,4.25],[-81.063,16.313],[-65.063,28],[-66,30.438],[-61.125,33.438],[-56.313,20.5],[-64.313,16.5]]},"ix":2}},{"ty":"fl","bm":0,"hd":false,"mn":"ADBE Vector Graphic - Fill","nm":"Fill 1","c":{"a":0,"k":[1,0.4431,0.2784],"ix":4},"r":1,"o":{"a":0,"k":100,"ix":5}},{"ty":"tr","a":{"a":0,"k":[0,0],"ix":1},"s":{"a":0,"k":[100,100],"ix":3},"sk":{"a":0,"k":0,"ix":4},"p":{"a":0,"k":[0,0],"ix":2},"r":{"a":0,"k":0,"ix":6},"sa":{"a":0,"k":0,"ix":5},"o":{"a":0,"k":100,"ix":7}}]},{"ty":"gr","bm":0,"hd":false,"mn":"ADBE Vector Group","nm":"Shape 1","ix":2,"cix":2,"np":3,"it":[{"ty":"sh","bm":0,"hd":false,"mn":"ADBE Vector Shape - Group","nm":"Path 1","ix":1,"d":1,"ks":{"a":0,"k":{"c":true,"i":[[0,0],[0,0],[0,0],[-4.063,4]],"o":[[0,0],[0,0],[0,0],[-3.5,-0.375]],"v":[[-59.75,2.625],[-64.875,16.938],[-56.25,21.125],[-46.125,9.875]]},"ix":2}},{"ty":"fl","bm":0,"hd":false,"mn":"ADBE Vector Graphic - Fill","nm":"Fill 1","c":{"a":0,"k":[1,0.4431,0.2784],"ix":4},"r":1,"o":{"a":0,"k":100,"ix":5}},{"ty":"tr","a":{"a":0,"k":[0,0],"ix":1},"s":{"a":0,"k":[100,100],"ix":3},"sk":{"a":0,"k":0,"ix":4},"p":{"a":0,"k":[0,0],"ix":2},"r":{"a":0,"k":0,"ix":6},"sa":{"a":0,"k":0,"ix":5},"o":{"a":0,"k":100,"ix":7}}]}],"ind":7,"parent":8},{"ty":4,"nm":"Leg_L","sr":1,"st":0,"op":60,"ip":0,"hd":false,"ddd":0,"bm":0,"hasMask":false,"ao":0,"ks":{"a":{"a":0,"k":[-18.625,-21.06,0],"ix":1},"s":{"a":0,"k":[-100,100,100],"ix":6},"sk":{"a":0,"k":0},"p":{"a":0,"k":[-117.179,-140.085,0],"ix":2},"r":{"a":1,"k":[{"o":{"x":0.333,"y":0},"i":{"x":0.667,"y":1},"s":[13],"t":-8},{"o":{"x":0.333,"y":0},"i":{"x":0.667,"y":1},"s":[0],"t":7},{"o":{"x":0.333,"y":0},"i":{"x":0.667,"y":1},"s":[13],"t":22},{"o":{"x":0.333,"y":0},"i":{"x":0.667,"y":1},"s":[0],"t":37},{"o":{"x":0.333,"y":0},"i":{"x":0.667,"y":1},"s":[13],"t":52},{"o":{"x":0.333,"y":0},"i":{"x":0.667,"y":1},"s":[0],"t":67},{"s":[13],"t":82}],"ix":10},"sa":{"a":0,"k":0},"o":{"a":0,"k":100,"ix":11}},"ef":[],"shapes":[{"ty":"gr","bm":0,"hd":false,"mn":"ADBE Vector Group","nm":"Shape 1","ix":1,"cix":2,"np":3,"it":[{"ty":"sh","bm":0,"hd":false,"mn":"ADBE Vector Shape - Group","nm":"Path 1","ix":1,"d":1,"ks":{"a":0,"k":{"c":false,"i":[[0,0],[4.125,-8.125],[-0.75,-1.375],[2.75,-4.625],[-1.088,-1.161],[-1.875,2.75],[2.125,16.875],[0,0]],"o":[[0,0],[-3.25,6],[0.75,1.375],[-2.75,4.625],[1.875,2],[1.875,-2.75],[6.75,-1],[0,0]],"v":[[-18.875,-27],[-55.875,-21.125],[-56.25,-8.625],[-58.875,10],[-59.125,15.875],[-51.25,11.125],[-43.5,-10.875],[-18,-14.5]]},"ix":2}},{"ty":"fl","bm":0,"hd":false,"mn":"ADBE Vector Graphic - Fill","nm":"Fill 1","c":{"a":0,"k":[1,0.4431,0.2784],"ix":4},"r":1,"o":{"a":0,"k":100,"ix":5}},{"ty":"tr","a":{"a":0,"k":[0,0],"ix":1},"s":{"a":0,"k":[100,100],"ix":3},"sk":{"a":0,"k":0,"ix":4},"p":{"a":0,"k":[0,0],"ix":2},"r":{"a":0,"k":0,"ix":6},"sa":{"a":0,"k":0,"ix":5},"o":{"a":0,"k":100,"ix":7}}]}],"ind":8,"parent":6},{"ty":4,"nm":"Foot_R","sr":1,"st":0,"op":60,"ip":0,"hd":false,"ddd":0,"bm":0,"hasMask":false,"ao":0,"ks":{"a":{"a":0,"k":[-54.286,7.781,0],"ix":1},"s":{"a":0,"k":[100,100,100],"ix":6},"sk":{"a":0,"k":0},"p":{"a":0,"k":[-54.286,7.781,0],"ix":2},"r":{"a":1,"k":[{"o":{"x":0.333,"y":0},"i":{"x":0.667,"y":1},"s":[-7],"t":-4},{"o":{"x":0.333,"y":0},"i":{"x":0.667,"y":1},"s":[5],"t":11},{"o":{"x":0.333,"y":0},"i":{"x":0.667,"y":1},"s":[-7],"t":26},{"o":{"x":0.333,"y":0},"i":{"x":0.667,"y":1},"s":[5],"t":41},{"o":{"x":0.333,"y":0},"i":{"x":0.667,"y":1},"s":[-7],"t":56},{"o":{"x":0.333,"y":0},"i":{"x":0.667,"y":1},"s":[5],"t":71},{"s":[-7],"t":86}],"ix":10},"sa":{"a":0,"k":0},"o":{"a":0,"k":100,"ix":11}},"ef":[],"shapes":[{"ty":"gr","bm":0,"hd":false,"mn":"ADBE Vector Group","nm":"Shape 2","ix":1,"cix":2,"np":3,"it":[{"ty":"sh","bm":0,"hd":false,"mn":"ADBE Vector Shape - Group","nm":"Path 1","ix":1,"d":1,"ks":{"a":0,"k":{"c":true,"i":[[-3.938,9.313],[-2,-5.75],[-1.625,-0.688],[0,0],[0,0],[3.625,7.25],[0,0]],"o":[[-4.875,1.125],[2,5.75],[-0.188,0.938],[0,0],[0,0],[-2.5,-1.25],[0,0]],"v":[[-75.25,4.25],[-81.063,16.313],[-65.063,28],[-66,30.438],[-61.125,33.438],[-56.313,20.5],[-64.313,16.5]]},"ix":2}},{"ty":"fl","bm":0,"hd":false,"mn":"ADBE Vector Graphic - Fill","nm":"Fill 1","c":{"a":0,"k":[1,0.4431,0.2784],"ix":4},"r":1,"o":{"a":0,"k":100,"ix":5}},{"ty":"tr","a":{"a":0,"k":[0,0],"ix":1},"s":{"a":0,"k":[100,100],"ix":3},"sk":{"a":0,"k":0,"ix":4},"p":{"a":0,"k":[0,0],"ix":2},"r":{"a":0,"k":0,"ix":6},"sa":{"a":0,"k":0,"ix":5},"o":{"a":0,"k":100,"ix":7}}]},{"ty":"gr","bm":0,"hd":false,"mn":"ADBE Vector Group","nm":"Shape 1","ix":2,"cix":2,"np":3,"it":[{"ty":"sh","bm":0,"hd":false,"mn":"ADBE Vector Shape - Group","nm":"Path 1","ix":1,"d":1,"ks":{"a":0,"k":{"c":true,"i":[[0,0],[0,0],[0,0],[-4.063,4]],"o":[[0,0],[0,0],[0,0],[-3.5,-0.375]],"v":[[-59.75,2.625],[-64.875,16.938],[-56.25,21.125],[-46.125,9.875]]},"ix":2}},{"ty":"fl","bm":0,"hd":false,"mn":"ADBE Vector Graphic - Fill","nm":"Fill 1","c":{"a":0,"k":[1,0.4431,0.2784],"ix":4},"r":1,"o":{"a":0,"k":100,"ix":5}},{"ty":"tr","a":{"a":0,"k":[0,0],"ix":1},"s":{"a":0,"k":[100,100],"ix":3},"sk":{"a":0,"k":0,"ix":4},"p":{"a":0,"k":[0,0],"ix":2},"r":{"a":0,"k":0,"ix":6},"sa":{"a":0,"k":0,"ix":5},"o":{"a":0,"k":100,"ix":7}}]}],"ind":9,"parent":10},{"ty":4,"nm":"Leg_R","sr":1,"st":0,"op":60,"ip":0,"hd":false,"ddd":0,"bm":0,"hasMask":false,"ao":0,"ks":{"a":{"a":0,"k":[-18.625,-21.06,0],"ix":1},"s":{"a":0,"k":[-100,100,100],"ix":6},"sk":{"a":0,"k":0},"p":{"a":0,"k":[-117.179,-140.085,0],"ix":2},"r":{"a":1,"k":[{"o":{"x":0.333,"y":0},"i":{"x":0.667,"y":1},"s":[40],"t":-12},{"o":{"x":0.333,"y":0},"i":{"x":0.667,"y":1},"s":[30],"t":3},{"o":{"x":0.333,"y":0},"i":{"x":0.667,"y":1},"s":[40],"t":18},{"o":{"x":0.333,"y":0},"i":{"x":0.667,"y":1},"s":[30],"t":33},{"o":{"x":0.333,"y":0},"i":{"x":0.667,"y":1},"s":[40],"t":48},{"o":{"x":0.333,"y":0},"i":{"x":0.667,"y":1},"s":[30],"t":63},{"s":[40],"t":78}],"ix":10},"sa":{"a":0,"k":0},"o":{"a":0,"k":100,"ix":11}},"ef":[],"shapes":[{"ty":"gr","bm":0,"hd":false,"mn":"ADBE Vector Group","nm":"Shape 1","ix":1,"cix":2,"np":3,"it":[{"ty":"sh","bm":0,"hd":false,"mn":"ADBE Vector Shape - Group","nm":"Path 1","ix":1,"d":1,"ks":{"a":0,"k":{"c":false,"i":[[0,0],[4.125,-8.125],[-0.75,-1.375],[2.75,-4.625],[-1.088,-1.161],[-1.875,2.75],[2.125,16.875],[0,0]],"o":[[0,0],[-3.25,6],[0.75,1.375],[-2.75,4.625],[1.875,2],[1.875,-2.75],[6.75,-1],[0,0]],"v":[[-18.875,-27],[-55.875,-21.125],[-56.25,-8.625],[-58.875,10],[-59.125,15.875],[-51.25,11.125],[-43.5,-10.875],[-18,-14.5]]},"ix":2}},{"ty":"fl","bm":0,"hd":false,"mn":"ADBE Vector Graphic - Fill","nm":"Fill 1","c":{"a":0,"k":[1,0.4431,0.2784],"ix":4},"r":1,"o":{"a":0,"k":100,"ix":5}},{"ty":"tr","a":{"a":0,"k":[0,0],"ix":1},"s":{"a":0,"k":[100,100],"ix":3},"sk":{"a":0,"k":0,"ix":4},"p":{"a":0,"k":[0,0],"ix":2},"r":{"a":0,"k":0,"ix":6},"sa":{"a":0,"k":0,"ix":5},"o":{"a":0,"k":100,"ix":7}}]}],"ind":10,"parent":6},{"ty":4,"nm":"Broom","sr":1,"st":0,"op":60,"ip":0,"hd":false,"ddd":0,"bm":0,"hasMask":false,"ao":0,"ks":{"a":{"a":0,"k":[-14.405,-12.673,0],"ix":1},"s":{"a":0,"k":[-110,110,100],"ix":6},"sk":{"a":0,"k":0},"p":{"a":1,"k":[{"o":{"x":0.333,"y":0},"i":{"x":0.667,"y":1},"s":[282.845,287.159,0],"t":0,"ti":[0,0,0],"to":[0,-1.083,0]},{"o":{"x":0.333,"y":0},"i":{"x":0.667,"y":1},"s":[282.845,280.659,0],"t":15,"ti":[0,0,0],"to":[0,0,0]},{"o":{"x":0.333,"y":0},"i":{"x":0.667,"y":1},"s":[282.845,287.159,0],"t":30,"ti":[0,0,0],"to":[0,0,0]},{"o":{"x":0.333,"y":0},"i":{"x":0.667,"y":1},"s":[282.845,280.659,0],"t":45,"ti":[0,0,0],"to":[0,0,0]},{"o":{"x":0.333,"y":0},"i":{"x":0.667,"y":1},"s":[282.845,287.159,0],"t":60,"ti":[0,0,0],"to":[0,0,0]},{"o":{"x":0.333,"y":0},"i":{"x":0.667,"y":1},"s":[282.845,280.659,0],"t":75,"ti":[0,-1.083,0],"to":[0,0,0]},{"s":[282.845,287.159,0],"t":90}],"ix":2},"r":{"a":1,"k":[{"o":{"x":0.333,"y":0},"i":{"x":0.667,"y":1},"s":[0],"t":-8},{"o":{"x":0.333,"y":0},"i":{"x":0.667,"y":1},"s":[-2],"t":7},{"o":{"x":0.333,"y":0},"i":{"x":0.667,"y":1},"s":[0],"t":22},{"o":{"x":0.333,"y":0},"i":{"x":0.667,"y":1},"s":[-2],"t":37},{"o":{"x":0.333,"y":0},"i":{"x":0.667,"y":1},"s":[0],"t":52},{"o":{"x":0.333,"y":0},"i":{"x":0.667,"y":1},"s":[-2],"t":67},{"s":[0],"t":82}],"ix":10},"sa":{"a":0,"k":0},"o":{"a":0,"k":100,"ix":11}},"ef":[],"shapes":[{"ty":"gr","bm":0,"hd":false,"mn":"ADBE Vector Group","nm":"Shape 3","ix":1,"cix":2,"np":2,"it":[{"ty":"sh","bm":0,"hd":false,"mn":"ADBE Vector Shape - Group","nm":"Path 1","ix":1,"d":1,"ks":{"a":1,"k":[{"o":{"x":0.333,"y":0},"i":{"x":0.667,"y":1},"s":[{"c":true,"i":[[19.624,0.938],[0,0],[0,0],[-9.949,-9.478],[-12.065,-0.245],[0,0],[3.813,1.106],[0.572,2.69]],"o":[[-19.624,-0.938],[0,0],[0,0],[8.334,7.94],[28.177,0.573],[0,0],[14.888,-1.505],[-24.073,8.187]],"v":[[94.171,5.774],[71.167,11.178],[69.286,19.758],[78.707,36.412],[102.246,46.741],[140.893,31.364],[125.071,32.685],[145.339,24.029]]}],"t":-19},{"o":{"x":0.333,"y":0},"i":{"x":0.667,"y":1},"s":[{"c":true,"i":[[19.624,0.938],[0,0],[0,0],[-9.949,-9.478],[-12.065,-0.245],[0,0],[3.905,0.72],[0.837,2.619]],"o":[[-19.624,-0.938],[0,0],[0,0],[8.334,7.94],[28.177,0.573],[0,0],[14.663,-2.982],[-23.137,10.546]],"v":[[94.171,5.774],[71.167,11.178],[69.286,19.758],[78.707,36.412],[102.246,46.741],[140.715,28.971],[125.104,31.862],[144.408,21.229]]}],"t":-4},{"o":{"x":0.333,"y":0},"i":{"x":0.667,"y":1},"s":[{"c":true,"i":[[19.624,0.938],[0,0],[0,0],[-9.949,-9.478],[-12.065,-0.245],[0,0],[3.813,1.106],[0.572,2.69]],"o":[[-19.624,-0.938],[0,0],[0,0],[8.334,7.94],[28.177,0.573],[0,0],[14.888,-1.505],[-24.073,8.187]],"v":[[94.171,5.774],[71.167,11.178],[69.286,19.758],[78.707,36.412],[102.246,46.741],[140.893,31.364],[125.071,32.685],[145.339,24.029]]}],"t":11},{"o":{"x":0.333,"y":0},"i":{"x":0.667,"y":1},"s":[{"c":true,"i":[[19.624,0.938],[0,0],[0,0],[-9.949,-9.478],[-12.065,-0.245],[0,0],[3.905,0.72],[0.837,2.619]],"o":[[-19.624,-0.938],[0,0],[0,0],[8.334,7.94],[28.177,0.573],[0,0],[14.663,-2.982],[-23.137,10.546]],"v":[[94.171,5.774],[71.167,11.178],[69.286,19.758],[78.707,36.412],[102.246,46.741],[140.715,28.971],[125.104,31.862],[144.408,21.229]]}],"t":26},{"o":{"x":0.333,"y":0},"i":{"x":0.667,"y":1},"s":[{"c":true,"i":[[19.624,0.938],[0,0],[0,0],[-9.949,-9.478],[-12.065,-0.245],[0,0],[3.813,1.106],[0.572,2.69]],"o":[[-19.624,-0.938],[0,0],[0,0],[8.334,7.94],[28.177,0.573],[0,0],[14.888,-1.505],[-24.073,8.187]],"v":[[94.171,5.774],[71.167,11.178],[69.286,19.758],[78.707,36.412],[102.246,46.741],[140.893,31.364],[125.071,32.685],[145.339,24.029]]}],"t":41},{"o":{"x":0.333,"y":0},"i":{"x":0.667,"y":1},"s":[{"c":true,"i":[[19.624,0.938],[0,0],[0,0],[-9.949,-9.478],[-12.065,-0.245],[0,0],[3.905,0.72],[0.837,2.619]],"o":[[-19.624,-0.938],[0,0],[0,0],[8.334,7.94],[28.177,0.573],[0,0],[14.663,-2.982],[-23.137,10.546]],"v":[[94.171,5.774],[71.167,11.178],[69.286,19.758],[78.707,36.412],[102.246,46.741],[140.715,28.971],[125.104,31.862],[144.408,21.229]]}],"t":56},{"o":{"x":0.333,"y":0},"i":{"x":0.667,"y":1},"s":[{"c":true,"i":[[19.624,0.938],[0,0],[0,0],[-9.949,-9.478],[-12.065,-0.245],[0,0],[3.813,1.106],[0.572,2.69]],"o":[[-19.624,-0.938],[0,0],[0,0],[8.334,7.94],[28.177,0.573],[0,0],[14.888,-1.505],[-24.073,8.187]],"v":[[94.171,5.774],[71.167,11.178],[69.286,19.758],[78.707,36.412],[102.246,46.741],[140.893,31.364],[125.071,32.685],[145.339,24.029]]}],"t":71},{"o":{"x":0.333,"y":0},"i":{"x":0.667,"y":1},"s":[{"c":true,"i":[[19.624,0.938],[0,0],[0,0],[-9.949,-9.478],[-12.065,-0.245],[0,0],[3.905,0.72],[0.837,2.619]],"o":[[-19.624,-0.938],[0,0],[0,0],[8.334,7.94],[28.177,0.573],[0,0],[14.663,-2.982],[-23.137,10.546]],"v":[[94.171,5.774],[71.167,11.178],[69.286,19.758],[78.707,36.412],[102.246,46.741],[140.715,28.971],[125.104,31.862],[144.408,21.229]]}],"t":86},{"s":[{"c":true,"i":[[19.624,0.938],[0,0],[0,0],[-9.949,-9.478],[-12.065,-0.245],[0,0],[3.813,1.106],[0.572,2.69]],"o":[[-19.624,-0.938],[0,0],[0,0],[8.334,7.94],[28.177,0.573],[0,0],[14.888,-1.505],[-24.073,8.187]],"v":[[94.171,5.774],[71.167,11.178],[69.286,19.758],[78.707,36.412],[102.246,46.741],[140.893,31.364],[125.071,32.685],[145.339,24.029]]}],"t":101}],"ix":2}},{"ty":"fl","bm":0,"hd":false,"mn":"ADBE Vector Graphic - Fill","nm":"Fill 1","c":{"a":0,"k":[1,0.4431,0.2784],"ix":4},"r":1,"o":{"a":0,"k":100,"ix":5}},{"ty":"tr","a":{"a":0,"k":[0,0],"ix":1},"s":{"a":0,"k":[100,100],"ix":3},"sk":{"a":0,"k":0,"ix":4},"p":{"a":0,"k":[0,0],"ix":2},"r":{"a":0,"k":0,"ix":6},"sa":{"a":0,"k":0,"ix":5},"o":{"a":0,"k":100,"ix":7}}]},{"ty":"gr","bm":0,"hd":false,"mn":"ADBE Vector Group","nm":"Shape 2","ix":2,"cix":2,"np":2,"it":[{"ty":"sh","bm":0,"hd":false,"mn":"ADBE Vector Shape - Group","nm":"Path 1","ix":1,"d":1,"ks":{"a":0,"k":{"c":true,"i":[[0,0],[0,0],[0,0],[0,0]],"o":[[0,0],[0,0],[0,0],[0,0]],"v":[[60.25,-2.375],[52.5,19.625],[69.875,21.375],[73.5,11.5]]},"ix":2}},{"ty":"fl","bm":0,"hd":false,"mn":"ADBE Vector Graphic - Fill","nm":"Fill 1","c":{"a":0,"k":[1,0.4431,0.2784],"ix":4},"r":1,"o":{"a":0,"k":100,"ix":5}},{"ty":"tr","a":{"a":0,"k":[0,0],"ix":1},"s":{"a":0,"k":[100,100],"ix":3},"sk":{"a":0,"k":0,"ix":4},"p":{"a":0,"k":[0,0],"ix":2},"r":{"a":0,"k":0,"ix":6},"sa":{"a":0,"k":0,"ix":5},"o":{"a":0,"k":100,"ix":7}}]},{"ty":"gr","bm":0,"hd":false,"mn":"ADBE Vector Group","nm":"Shape 1","ix":3,"cix":2,"np":2,"it":[{"ty":"sh","bm":0,"hd":false,"mn":"ADBE Vector Shape - Group","nm":"Path 1","ix":1,"d":1,"ks":{"a":0,"k":{"c":true,"i":[[0,0],[1.114,-3.735],[0,0],[-21.375,-9.125],[0,0],[-0.875,3.375],[0,0],[7,3.5]],"o":[[0,0],[-1.063,3.563],[0,0],[23,5.375],[0,0],[0.665,-2.567],[0,0],[-7,-3.5]],"v":[[-96.875,-42],[-103.188,-40.875],[-100.75,-36.938],[-68.25,-25.625],[59.75,15],[65.25,13.125],[62.75,8.75],[-62.75,-31.75]]},"ix":2}},{"ty":"fl","bm":0,"hd":false,"mn":"ADBE Vector Graphic - Fill","nm":"Fill 1","c":{"a":0,"k":[1,0.4431,0.2784],"ix":4},"r":1,"o":{"a":0,"k":100,"ix":5}},{"ty":"tr","a":{"a":0,"k":[0,0],"ix":1},"s":{"a":0,"k":[100,100],"ix":3},"sk":{"a":0,"k":0,"ix":4},"p":{"a":0,"k":[0,0],"ix":2},"r":{"a":0,"k":0,"ix":6},"sa":{"a":0,"k":0,"ix":5},"o":{"a":0,"k":100,"ix":7}}]}],"ind":11}],"v":"5.5.9","fr":30,"op":60,"ip":0,"assets":[]}